Name,Slug,Data last updated,Nearby campgrounds,Collection ID,Locale ID,Item ID,Archived,Draft,Created On,Updated On,Published On,Topographic background image,Hero image,Short Description,Park Type,Reservation window,Reservation website,Long description,Time from Seattle,Drive Time Band,Drive Time Minutes,Address,Number of RV campsites,Max RV length,Maneuverability,Site surface type,Hookups,Dump station on site,Generator policy,Cell coverage,Things to do for families,Things to do for families summary,Nearby nature & parks,Hiking,Fishing,Swimming,Kayaking/Paddling,Beach & Tide Pools,Boating,Playground,Amenities: Toilets,Amenities: Showers,Amenities: Drinking water,Amenities: Fire pits,Amenities summary,Nearest town,Nearest state park,Nearest gas station,Nearest major grocery store,Nearest Costco,Nearest Starbucks,Site Recommendations,Google Maps Link,State Map,RV Access,Access note,Access source,Access checked,Latitude,Longitude,Coordinates source,Coordinates checked,Coordinate precision,Drive distance miles,Drive route minutes,Drive time origin,Drive time source,Drive time checked,Drive time note
Fairholme Campground,fairholme-campground,2026-09-11,sol-duc-campground;hoh-campground;heart-o-the-hills-campground;mora-campground,,,,false,true,,,,https://westcoastrvcamping.com/assets/images/topo/fairholme-campground.jpg,,"RV campground on the shore of Lake Crescent in Olympic National Park with old-growth forest, mountain views, and easy water recreation.",National Park,"Seasonal reservations required May 15–September 29, 2026; sites open up to 6 months, 2 weeks, or 4 days ahead",https://www.recreation.gov/camping/campgrounds/259084,"Perched on the western shore of glacier-carved Lake Crescent, Fairholme sits beneath towering old-growth conifers with stunning mountain reflections on the water. Boat rentals and a small beach make it perfect for kids, and the easy Marymere Falls trail is a family favorite just minutes away.",~3 hr 15 min from Seattle,3-4hrs,195,"35707 US-101, Port Angeles, WA 98363",69,35,3,Mixed,0,true,1,1,"Marymere Falls Trail (1.8 mi easy)
Lake Crescent paddleboarding and kayaking
Boat rentals at Fairholme Marina
Freshwater fishing
Storm King Mountain Trail (2 mi moderate)
Beach and picnic area",Kids love paddling Lake Crescent and the easy Marymere Falls trail through old-growth forest.,"Fairholme sits within Olympic National Park, one of the most ecologically diverse landscapes in North America, where ancient temperate rainforests meet glacier-carved lake basins beneath cloud-capped peaks. The park encompasses three distinct ecosystems — old-growth rainforest, alpine wilderness, and 73 miles of wild Pacific coastline — all accessible within an hour's drive. Lake Crescent itself is a glacially carved marvel reaching 624 feet in depth, supporting endemic fish species found nowhere else on Earth.",true,true,false,true,true,false,false,Flush toilets,false,true,true,"Flush toilets and drinking water are available, but no showers on site. Fire pits are listed as available; check current fire restrictions with the operator.","Port Angeles, WA",45,21,21,21,21,"Sites 1–20 sit closest to Lake Crescent's shoreline and offer the best access to the water — book these first. Lakefront sites fill months out; if they're gone, aim for the outer ring of Loop B for more space between neighbours. Avoid sites near the dump station (end of Loop C) for noise. Pull-through sites in Loop A handle rigs up to 35 ft.","https://www.google.com/maps?q=48.070080,-123.918138",/assets/images/svg/fairholme-campground.svg,yes,The current reservation inventory identifies drive-in standard sites 1–69; remaining numbered spaces are walk-in. Most drive-in sites fit 21-foot equipment and selected sites fit up to 35 feet.,https://www.nps.gov/olym/planyourvisit/camping.htm,2026-09-06,48.070080,-123.918138,https://www.recreation.gov/api/camps/campgrounds/259084,2026-09-06,official facility point; confirm entrance routing,165,182,"Seattle, Washington","https://www.google.com/maps/dir/?api=1&origin=Seattle%2C%20Washington&destination=48.070080,-123.918138&travelmode=driving",2026-09-06,Fastest no-ferry option; ferry routes may be shorter but add fare and wait-time uncertainty.
Heart O' the Hills Campground,heart-o-the-hills-campground,2026-09-06,dungeness-recreation-area;sequim-bay-state-park;sol-duc-campground;fairholme-campground,,,,false,true,,,,https://westcoastrvcamping.com/assets/images/topo/heart-o-the-hills-campground.jpg,,Year-round RV campground just minutes from Port Angeles and the scenic Hurricane Ridge drive in Olympic National Park.,National Park,"First-come, first-served",https://www.nps.gov/olym/planyourvisit/camping.htm,"Tucked into a dense second-growth forest at the base of the Hurricane Ridge Road, Heart O' the Hills is the most accessible Olympic NP campground and the closest to Port Angeles. It serves as a great base for families to drive up to Hurricane Ridge for wildflower meadows and deer sightings.",~2 hr 45 min from Seattle,2-3hrs,165,"2823 S Oak St, Port Angeles, WA 98362",97,35,2,Mixed,0,false,1,1,"Hurricane Ridge scenic drive (17 mi)
Hurricane Hill Trail (3.2 mi easy)
Wildflower meadow walks
Wildlife viewing (deer, marmots)
Visitor Center and ranger programs
Snowshoeing in winter",Drive up to Hurricane Ridge for meadow hikes and wildlife sightings with kids.,"Heart O' the Hills opens the door to Hurricane Ridge, where subalpine meadows burst with summer wildflowers at 5,200 feet elevation with panoramic views of the Olympic Mountain interior. Olympic National Park's high country shelters populations of Olympic marmot, black-tailed deer, and mountain goat found only within this peninsula ecosystem. The park's exceptional ecological isolation — surrounded by saltwater on three sides — has produced 16 endemic plant and animal species found nowhere else on the planet.",true,false,false,false,false,false,false,Flush toilets,false,true,true,"Flush toilets and drinking water are available, but no showers on site. Fire pits are listed as available; check current fire restrictions with the operator.","Port Angeles, WA",12,5,5,5,5,"Loop C has the largest, most level sites and is the best choice for RVs. Loops A and B are surrounded by old-growth Sitka spruce — quieter but tighter for big rigs. Sites on the outer edge of each loop give the most privacy. Arrive by early afternoon Friday in summer; this fills completely by Friday evening most weekends.","https://www.google.com/maps?q=48.0363165,-123.4297563",/assets/images/svg/heart-o-the-hills-campground.svg,yes,Most sites fit 21-foot equipment; a few fit equipment up to 35 feet. Walk-in access may apply during heavy snow.,https://www.nps.gov/olym/planyourvisit/camping.htm,2026-09-06,48.0363165,-123.4297563,"Google Maps named campground pin, corroborated by the official NPS listing",2026-09-06,named campground point,143,157,"Seattle, Washington","https://www.google.com/maps/dir/?api=1&origin=Seattle%2C%20Washington&destination=48.0363165,-123.4297563&travelmode=driving",2026-09-06,Fastest no-ferry option; ferry routes may be shorter but add fare and wait-time uncertainty.
Hoh Campground,hoh-campground,2026-09-06,minnie-peterson-campground;hard-rain-cafe-campground;hoh-oxbow-campground;south-fork-hoh-campground,,,,false,true,,,,https://westcoastrvcamping.com/assets/images/topo/hoh-campground.jpg,,"RV campground in the heart of the Hoh Rain Forest with moss-draped old-growth trees, family trails, and nightly ranger programs.",National Park,"Seasonal reservations required June 12–September 6, 2026; first-come outside that period",https://www.recreation.gov/camping/campgrounds/247592,"The Hoh Rain Forest is one of the last temperate rainforests in the US, and this campground drops you right into it. Massive Sitka spruce and big-leaf maple draped in lime-green moss surround every site. The Hall of Mosses loop is an easy half-mile wonder for young kids, and the Hoh River runs just steps away.",~4 hr 15 min from Seattle,4+ hrs,255,"18113 Upper Hoh Rd, Forks, WA 98331",78,35,2,Paved,0,false,1,0,"Hall of Mosses Trail (0.8 mi easy loop)
Hoh River Trail (flat, family-friendly)
Minnie Peterson Trail (4.4 mi easy)
Ranger-led programs and Junior Ranger
Hoh River bank exploration
Wildlife viewing (Roosevelt elk)",The Hall of Mosses loop is a magical half-mile walk through ancient moss-covered giants.,"Hoh Campground sits at the heart of the Hoh Rain Forest, one of the largest temperate rainforests in the United States, receiving up to 14 feet of rainfall per year and carpeted in thick mats of club moss and ferns. The Hoh River corridor supports one of the largest intact Roosevelt elk herds in the Pacific Northwest, and the valley is one of the quietest natural soundscapes in the lower 48 states. From camp, the Hoh River Trail stretches 17 miles into the Olympic high country, connecting old-growth rainforest to glaciated alpine terrain in a single continuous wilderness corridor.",true,false,false,false,false,false,false,Flush toilets,false,true,true,"Flush toilets and drinking water are available, but no showers on site. Fire pits are listed as available; check current fire restrictions with the operator.","Forks, WA",40,19,70,85,19,"Loop B has the widest, flattest sites and best RV manoeuvrability — request sites 50–75 for the most space. Sites 1–25 in Loop A put you closest to the Hoh River and are most scenic but can be damp in wet weather. The Hall of Mosses trailhead is a short walk from any site. Raingear is essential year-round; morning mist clears by midday in summer.","https://www.google.com/maps?q=47.858353,-123.935540",/assets/images/svg/hoh-campground.svg,yes,Most sites fit 21-foot equipment; a few fit equipment up to 35 feet. No dump station.,https://www.nps.gov/olym/planyourvisit/camping.htm,2026-09-06,47.858353,-123.935540,https://www.recreation.gov/api/camps/campgrounds/247592,2026-09-06,official facility point; confirm entrance routing,216,245,"Seattle, Washington","https://www.google.com/maps/dir/?api=1&origin=Seattle%2C%20Washington&destination=47.858353,-123.935540&travelmode=driving",2026-09-06,Fastest normal route at review time; traffic and park-road conditions vary.
Kalaloch Campground,kalaloch-campground,2026-09-06,cottonwood-campground;south-beach-campground;coppermine-bottom-campground;bogachiel-state-park,,,,false,true,,,,https://westcoastrvcamping.com/assets/images/topo/kalaloch-campground.jpg,,"Large oceanside RV campground on bluffs above the Pacific in Olympic National Park with beach access, tide pools, and whale watching.",National Park,"Seasonal reservations required May 15–September 20, 2026; first-come outside that period",https://www.recreation.gov/camping/campgrounds/232464,"Kalaloch sits on forested bluffs above a wide Pacific beach, making it the top coastal camping option in Olympic National Park. Sites have ocean views and easy trail access to the sand below. Kids love the tide pools at low tide and the chance to spot gray whales offshore during migration season.",~3 hr 15 min from Seattle,3-4hrs,195,"157151 US-101, Forks, WA 98331",170,35,2,Mixed,0,true,1,1,"Beach access via bluff trail
Tide pool exploration at low tide
Gray whale watching (spring migration)
Beachcombing and driftwood play
Ranger-led tide pool tours
Kalaloch Creek nature walk",Kids explore tide pools and wide Pacific beaches just steps from the campground bluffs.,"Kalaloch occupies a dramatic bluff above the Pacific Ocean within Olympic National Park's coastal strip, where wave-sculpted sea stacks and driftwood-laden beaches stretch uninterrupted for miles in each direction. The Kalaloch area is prime habitat for gray whale observation during spring migration, while the rocky intertidal zones host colorful tide pool communities of sea stars, anemones, and chitons. Olympic's coastal section is one of the few stretches of wild Pacific shoreline in the lower 48 states without a road running along it, making these beaches among the most pristine in the country.",true,false,false,false,true,false,false,Flush toilets,false,true,true,"Flush toilets and drinking water are available, but no showers on site. Fire pits are listed as available; check current fire restrictions with the operator.","Forks, WA",40,1,50,80,28,Sites 1–40 in the upper bluff loop have glimpses of the Pacific through the trees and are the most coveted — book these 6 months out. Lower loops are more sheltered from ocean wind and better for families. Sites near the lodge restaurant (sites 155–170) are convenient for supplies. Bring windbreaks for any exposed site; storms move in fast off the Pacific.,"https://www.google.com/maps?q=47.613056,-124.374722",/assets/images/svg/kalaloch-campground.svg,yes,Most sites fit 21-foot equipment; a few fit equipment up to 35 feet.,https://www.nps.gov/olym/planyourvisit/camping.htm,2026-09-06,47.613056,-124.374722,https://www.recreation.gov/api/camps/campgrounds/232464,2026-09-06,official facility point; confirm entrance routing,177,186,"Seattle, Washington","https://www.google.com/maps/dir/?api=1&origin=Seattle%2C%20Washington&destination=47.613056,-124.374722&travelmode=driving",2026-09-06,Fastest normal route at review time; traffic and park-road conditions vary.
Mora Campground,mora-campground,2026-09-06,ozette-campground;kalaloch-campground;south-beach-campground;hoh-campground,,,,false,true,,,,https://westcoastrvcamping.com/assets/images/topo/mora-campground.jpg,,"Family-friendly RV campground near Rialto Beach in Olympic National Park with tide pools, sea stacks, and coastal forest exploration.",National Park,"Seasonal reservations required May 15–September 20, 2026; first-come outside that period",https://www.recreation.gov/camping/campgrounds/247591,"Mora sits in coastal Sitka spruce forest a short walk from Rialto Beach, one of the most dramatic coastlines on the Olympic Peninsula. Kids can hike along the beach to Hole-in-the-Wall, a natural arch carved by the Pacific at low tide. Ranger programs in summer add learning to the adventure.",~4 hr 15 min from Seattle,4+ hrs,255,"3283 Mora Rd, Forks, WA 98331",94,35,2,Gravel,0,true,1,1,"Rialto Beach walk to Hole-in-the-Wall (1.5 mi easy)
Tide pool exploration at low tide
Sea stack and driftwood beach play
Mora Trail (forest loop)
Ranger evening programs
Wildlife viewing (sea otters, shorebirds)",Hike to Hole-in-the-Wall arch at low tide and explore dramatic sea stacks at Rialto Beach.,"Mora sits at the edge of Olympic National Park's wild coast, where the Quillayute River meets the Pacific and Rialto Beach's sea stacks and arched rock formations define one of Washington's most iconic shorelines. The Hole-in-the-Wall sea arch — a tunnel through a basalt headland carved by wave action — is reachable by a 1.5-mile beach walk, offering a window into the park's dramatic coastal geology. This section of coast falls within the Olympic Coast National Marine Sanctuary, protecting a biologically rich marine environment that includes migrating gray whales, sea otters, and enormous northern sea lion colonies.",true,false,false,false,true,false,false,Flush toilets,false,true,true,"Flush toilets and drinking water are available, but no showers on site. Fire pits are listed as available; check current fire restrictions with the operator.","Forks, WA",20,13,65,70,13,Sites 55–70 offer the best balance of space and proximity to the Rialto Beach trailhead. Walk-in sites 1–15 put you closest to the beach but require hauling gear. RV sites 16–55 are comfortable and level. The campground is fully exposed to coastal weather — site choice matters less than bringing a quality rain fly and windbreak.,"https://www.google.com/maps?q=47.9179444,-124.6072749",/assets/images/svg/mora-campground.svg,yes,"Most sites fit 21-foot equipment; a few fit equipment up to 35 feet. The Recreation.gov coordinate is invalid, so the named campground pin was retained.",https://www.nps.gov/olym/planyourvisit/camping.htm,2026-09-06,47.9179444,-124.6072749,"Google Maps named campground destination and agency directions; Recreation.gov API coordinate is invalid (0,0)",2026-09-06,reviewed campground navigation point,224,251,"Seattle, Washington","https://www.google.com/maps/dir/?api=1&origin=Seattle%2C%20Washington&destination=47.9179444,-124.6072749&travelmode=driving",2026-09-06,Fastest no-ferry route; ferry routes may be shorter but add fare and wait-time uncertainty.
Ozette Campground,ozette-campground,2026-09-06,mora-campground;fairholme-campground;hoh-campground;sol-duc-campground,,,,false,true,,,,https://westcoastrvcamping.com/assets/images/topo/ozette-campground.jpg,,Small remote RV campground at Lake Ozette in Olympic National Park offering boardwalk trails to pristine wilderness beaches on the Pacific coast.,National Park,"First-come, first-served",https://www.nps.gov/olym/planyourvisit/camping.htm,"Ozette is one of the most remote campgrounds in Olympic National Park, sitting on the shore of Lake Ozette in the far northwest corner of the park. Famous wooden boardwalk trails lead through old-growth rainforest to Cape Alava and Sand Point, two of Washington's most untouched Pacific beaches. Bald eagles and sea lions are common sights.",~4 hr 15 min from Seattle,4+ hrs,255,"21083 Hoko-Ozette Rd, Clallam Bay, WA 98326",15,21,3,Gravel,0,false,1,0,"Cape Alava Trail via boardwalk (3 mi to coast)
Sand Point Trail (3 mi to coast)
Ozette Triangle Loop (9.4 mi full loop)
Lake Ozette kayaking and fishing
Bald eagle and wildlife viewing
Tide pool and sea lion viewing at coast",Wooden boardwalk trails lead kids through rainforest to remote Pacific beaches with sea lions.,"Ozette sits at the edge of Lake Ozette, Washington's third-largest natural lake, within Olympic National Park's remote coastal wilderness — the only place in the lower 48 where an ancient temperate rainforest meets the open Pacific. The Ozette Triangle boardwalk trail, built to protect the fragile coastal prairie ecosystem, leads through a 9.4-mile loop to dramatic sea stacks, tide pools, and the Cape Alava archaeological site of a pre-contact Makah village buried by a mudslide 500 years ago. Bald eagles are year-round residents along the lakeshore, and the rocky offshore islets support breeding colonies of tufted puffins, pigeon guillemots, and common murres.",true,true,false,true,true,false,false,Vaulted toilets,false,true,true,"Vault toilets and drinking water are available, but no showers on site. Fire pits are listed as available; check current fire restrictions with the operator.","Forks, WA",45,22,65,95,42,This campground is best suited for small trailers and vans — the gravel access road and tight loop limit rigs over 21 ft. Walk-in tent sites along Lake Ozette are the most scenic and worth the short carry. Plan to arrive by Thursday if camping on a summer weekend. Cell service is nonexistent; download offline maps and tide charts before you leave pavement.,"https://www.google.com/maps?q=48.1527628,-124.6665665",/assets/images/svg/ozette-campground.svg,yes,Sites fit equipment up to 21 feet. Some sites may flood in winter; facilities become primitive in winter.,https://www.nps.gov/olym/planyourvisit/camping.htm,2026-09-06,48.1527628,-124.6665665,"Google Maps named campground pin, corroborated by the official NPS listing",2026-09-06,named campground point,160,248,"Seattle, Washington","https://www.google.com/maps/dir/?api=1&origin=Seattle%2C%20Washington&destination=48.1527628,-124.6665665&travelmode=driving",2026-09-06,Fastest no-ferry option; ferry routes may be shorter but add fare and wait-time uncertainty.
Sol Duc Campground,sol-duc-campground,2026-09-06,fairholme-campground;hoh-campground;heart-o-the-hills-campground;graves-creek-campground,,,,false,true,,,,https://westcoastrvcamping.com/assets/images/topo/sol-duc-campground.jpg,,Olympic National Park resort campground with 82 standard sites plus a separate 17-site RV area offering water and electric hookups for rigs up to 36 feet.,National Park,Reservable up to 6 months in advance,https://www.recreation.gov/camping/campgrounds/251906,"Sol Duc Hot Springs RV Park and Campground share an old-growth setting along the Sol Duc River but offer different site types. The campground has 82 standard campsites, flush restrooms, and running water; many sites fit smaller RVs, with a few campground sites listed up to 35 feet. The separate 17-site RV area is a gravel, back-in lot with water and electric hookups and spaces from 20 to 36 feet. Both areas use the same Recreation.gov listing and provide direct access to the Sol Duc valley, hot spring pools, and the trail to Sol Duc Falls.",~3 hr 30 min from Seattle,3-4hrs,210,"Sol Duc Hot Springs Rd, Port Angeles, WA 98363",17,36,2,Mixed,2,true,1,1,"Sol Duc Falls Trail (1.6 mi easy round trip)
Sol Duc Hot Springs Resort pools (day pass)
Ancient Groves Nature Trail (0.5 mi easy)
Sol Duc River fishing
Mink Lake Trail (4 mi moderate)
Ranger evening programs",The easy Sol Duc Falls trail and nearby hot spring pools make this a family favorite.,"Sol Duc Valley is draped in some of Olympic National Park's most ancient old-growth forest, where 200-foot Douglas fir and Sitka spruce create a cathedral canopy over the salmon-bearing Sol Duc River. The valley's geothermal hot springs — fueling the Sol Duc Hot Springs Resort — hint at the volcanic forces beneath the Olympic Peninsula, while Sol Duc Falls plunges into a narrow canyon just 0.8 miles from the campground. The surrounding Bogachiel and Sol Duc watersheds are critical habitat for four runs of wild salmon and steelhead, with fall salmon spawning visible directly from riverside trails.",true,true,false,false,false,false,false,Flush toilets,false,true,true,The campground has flush restrooms and running water. The separate 17-site RV area has water and electric hookups; showers and hot spring pools require resort access.,"Port Angeles, WA",35,40,40,40,40,"Choose one of the 17 dedicated RV spaces when water and electric hookups are essential; Recreation.gov identifies 20-, 26-, and 36-foot RV site groups, all back-in. The separate 82-site campground is more wooded and private, but most RV-compatible pads are shorter and have no hookups. Confirm the equipment limit on the exact site before booking.","https://www.google.com/maps?q=47.966753,-123.857825",/assets/images/svg/sol-duc-campground.svg,yes,The 17-site RV Park has water and electric hookups and accepts vehicles from 26 to 36 feet; the separate 82-site campground is mostly shorter and has no site hookups.,https://www.nps.gov/olym/planyourvisit/camping.htm,2026-09-06,47.966753,-123.857825,https://www.recreation.gov/api/camps/campgrounds/251906,2026-09-06,official facility point; confirm entrance routing,178,203,"Seattle, Washington","https://www.google.com/maps/dir/?api=1&origin=Seattle%2C%20Washington&destination=47.966753,-123.857825&travelmode=driving",2026-09-06,Fastest no-ferry option; ferry routes may be shorter but add fare and wait-time uncertainty.
South Beach Campground,south-beach-campground,2026-09-06,kalaloch-campground;mora-campground;hoh-campground;sol-duc-campground,,,,false,true,,,,https://westcoastrvcamping.com/assets/images/topo/south-beach-campground.jpg,,Bluff-top RV campground in Olympic National Park overlooking the Pacific Ocean with beach access and whale watching from your campsite.,National Park,"First-come, first-served",https://www.nps.gov/olym/planyourvisit/camping.htm,"South Beach puts you on forested bluffs with unobstructed Pacific Ocean views just 3 miles south of Kalaloch Lodge. It is a primitive campground with no drinking water, but the setting is stunning. Bring binoculars for gray whale spotting and plan for wide sandy beach walks at low tide. Most sites have partial ocean glimpses through the trees.",~3 hr 15 min from Seattle,3-4hrs,195,"US-101, Queets, WA 98331 (milepost 160)",55,35,2,Gravel,0,false,1,1,"Pacific Ocean beach access
Gray whale watching (spring)
Beachcombing and driftwood exploration
Sunset and coastal photography
Shorebird and wildlife viewing",Ocean bluff camping with wide Pacific beach access and gray whale spotting in spring.,"South Beach occupies a narrow strip between Pacific Ocean breakers and coastal spruce forest at the southern edge of Olympic National Park's coastal section, one of the longest stretches of undeveloped Pacific shoreline in the contiguous United States. Gray whale migration routes pass close to shore here each spring and fall, making this one of the more reliable land-based whale-watching sites in Washington State. The beach's wide tideline supports Pacific razor clams in season and provides critical shorebird habitat on the Pacific Flyway, attracting hundreds of species of migratory birds each spring and fall.",false,false,false,false,true,false,false,Flush toilets,false,false,true,Only flush toilets are available on site — no showers or drinking water. Fire pits are listed as available; check current fire restrictions with the operator.,"Forks, WA",60,3,50,50,31,"First-come, first-served — arrive by Thursday for summer weekends. Sites closest to the beach access trail (1–15) are most popular; the walk to the Pacific is under five minutes. The campground is fully exposed to ocean wind — bring extra stakes and a windbreak. The dark skies here are exceptional; on clear nights the Milky Way is visible directly above the beach.","https://www.google.com/maps?q=47.567457,-124.3615252",/assets/images/svg/south-beach-campground.svg,yes,Most sites fit 21-foot equipment; a few fit equipment up to 35 feet. No potable water.,https://www.nps.gov/olym/planyourvisit/camping.htm,2026-09-06,47.567457,-124.3615252,"Google Maps named campground pin, corroborated by the official NPS listing",2026-09-06,named campground point,174,185,"Seattle, Washington","https://www.google.com/maps/dir/?api=1&origin=Seattle%2C%20Washington&destination=47.567457,-124.3615252&travelmode=driving",2026-09-06,Fastest normal route at review time; traffic and park-road conditions vary.
Staircase Campground,staircase-campground,2026-09-06,big-creek-campground;potlatch-state-park;graves-creek-campground;coho-campground,,,,false,true,,,,https://westcoastrvcamping.com/assets/images/topo/staircase-campground.jpg,,Secluded RV campground on the North Fork Skokomish River in Olympic National Park with old-growth forest and riverside family trails.,National Park,"Seasonal reservations required July 8–September 29, 2026; first-come outside that period",https://www.recreation.gov/camping/campgrounds/247586,"Staircase sits at the end of a scenic road along the North Fork Skokomish River, surrounded by one of the finest remaining lowland old-growth forests in the Pacific Northwest. The easy Staircase Rapids Trail follows the river through towering Douglas fir and western red cedar. Kids love wading in the emerald-green river pools in summer.",~2 hr 15 min from Seattle,2-3hrs,135,"Staircase Rd, Hoodsport, WA 98548",49,35,3,Gravel,0,false,1,0,"Staircase Rapids Trail (2 mi easy)
Four Stream Trail (short nature loop)
North Fork Skokomish River wading
Freshwater fishing
Old-growth forest exploration
Wildlife viewing (black bear, deer, eagle)",Kids wade in emerald river pools and walk through ancient old-growth forest on easy trails.,"Staircase sits in the deep eastern valleys of Olympic National Park where the North Fork Skokomish River flows through one of the tallest stands of old-growth Douglas fir on the Olympic Peninsula. The Staircase Rapids — a series of river-sculpted rock formations just upstream from camp — are flanked by old-growth forest that has never been logged, creating a rare example of fully intact Pacific Northwest river-to-ridge ecosystem. The eastern slopes of the Olympics receive far less rainfall than the western rainforest valleys, producing a transitional ecosystem of towering fir and cedar that grades into alpine meadow just a few miles up the trail.",true,true,true,false,false,false,false,Flush toilets,false,true,true,"Flush toilets and drinking water are available, but no showers on site. Fire pits are listed as available; check current fire restrictions with the operator.","Shelton, WA",16,16,28,45,28,Loop A (sites 1–15) sits closest to the Skokomish River and offers the best ambiance — the river noise drowns out neighbouring campers. Loop B sites are more private with denser tree cover and are better for larger rigs. The Staircase Rapids trail departs right from the campground loop; sites 8–12 are closest to the trailhead. Book Loop A sites first.,"https://www.google.com/maps?q=47.515373,-123.329668",/assets/images/svg/staircase-campground.svg,yes,Most sites fit 21-foot equipment; a few fit equipment up to 35 feet. Access includes a winding gravel road beyond Lake Cushman.,https://www.nps.gov/olym/planyourvisit/camping.htm,2026-09-06,47.515373,-123.329668,https://www.recreation.gov/api/camps/campgrounds/247586,2026-09-06,official facility point; confirm entrance routing,112,128,"Seattle, Washington","https://www.google.com/maps/dir/?api=1&origin=Seattle%2C%20Washington&destination=47.515373,-123.329668&travelmode=driving",2026-09-06,Fastest normal route at review time; the final road is winding and partly gravel.
Graves Creek Campground,graves-creek-campground,2026-09-06,staircase-campground;coho-campground;big-creek-campground;potlatch-state-park,,,,false,true,,,,https://westcoastrvcamping.com/assets/images/topo/graves-creek-campground.jpg,,"Tent campground in the Quinault Rain Forest. RVs and trailers are not allowed due to access-road conditions. First-come, first-served.",National Park,"First-come, first-served",https://www.nps.gov/olym/planyourvisit/camping.htm,"Graves Creek is a tent campground in the Quinault Rain Forest of Olympic National Park. NPS states that RVs and trailers are not allowed due to road conditions. Campsites are first-come, first-served. Check the official park information for current access and conditions.",~3 hr 45 min from Seattle,3-4hrs,225,"Graves Creek Rd, Quinault, WA 98575",0,,3,Dirt,0,false,1,0,"Enchanted Valley Trail (start, family-friendly first 2 mi)
Quinault River bank exploration
Old-growth forest walks
Wildlife viewing (Roosevelt elk)
Nature photography",Deep in Quinault Rain Forest with old-growth trees and a trail into the famous Enchanted Valley.,"Graves Creek is the gateway to the Quinault Rain Forest, a southwestern arm of Olympic National Park's legendary rainforest ecosystem where annual rainfall averages 12 feet and every surface is layered with moss, lichen, and ferns. The Quinault Valley shelters record-breaking trees — the world's largest western red cedar, Sitka spruce, and Douglas fir all grow within a few miles of the campground. The Quinault River watershed is critical habitat for five species of Pacific salmon, and fall spawning runs draw bald eagles and black bears to the riverbanks in remarkable concentrations.",true,false,false,false,false,false,false,Flush toilets,false,true,true,"Flush toilets and drinking water are available, but no showers on site. Fire pits are listed as available; check current fire restrictions with the operator.","Aberdeen, WA",60,12,50,50,50,Tent camping only. NPS prohibits RVs and trailers on the access road. Check official park conditions before traveling.,"https://www.google.com/maps?q=47.5739181,-123.5794138",/assets/images/svg/graves-creek-campground.svg,no,RVs and trailers are not allowed because of road conditions.,https://www.nps.gov/olym/planyourvisit/camping.htm,2026-09-06,47.5739181,-123.5794138,"Google Maps named campground pin, corroborated by the official NPS listing",2026-09-06,named campground point,169,212,"Seattle, Washington","https://www.google.com/maps/dir/?api=1&origin=Seattle%2C%20Washington&destination=47.5739181,-123.5794138&travelmode=driving",2026-09-06,Passenger-vehicle route only; NPS prohibits RVs and trailers on the access road.
Cougar Rock Campground,cougar-rock-campground,2026-02-21,ohanapecosh-campground;la-wis-wis-campground;packwood-rv-park-campground;white-river-campground,,,,false,true,,,,https://westcoastrvcamping.com/assets/images/topo/cougar-rock-campground.jpg,,"Large family RV campground near Paradise in Mount Rainier National Park with waterfall hikes, Junior Ranger programs, and Nisqually River access.",National Park,Reserving 6 months in advance,https://www.recreation.gov/camping/campgrounds/232466,"Cougar Rock is the premier campground at Mount Rainier and one of the most popular in the Pacific Northwest. Set in old-growth forest at 3,180 feet near the Nisqually entrance, it puts families within easy reach of Narada Falls, Carter Falls, and the Trail of the Shadows nature loop. Nightly ranger campfire programs run throughout summer.",~2 hr 15 min from Seattle,2-3hrs,135,"Paradise Rd E, Ashford, WA 98304",173,35,2,Mixed,0,false,1,1,"Narada Falls Trail (0.2 mi easy)
Carter Falls Trail (2 mi easy)
Trail of the Shadows nature loop (0.7 mi easy)
Longmire Museum and exhibits
Junior Ranger program
Ranger campfire programs
Wonderland Trail access
Nisqually River viewpoints","Narada Falls and Carter Falls are easy family hikes, plus Junior Ranger badges at Longmire.","Cougar Rock sits within Mount Rainier National Park, centered on the 14,411-foot volcano that dominates the entire southern Puget Sound skyline and hosts 25 major glaciers — more glacial ice than any other peak in the lower 48 states. The campground's Longmire district is surrounded by old-growth forest, mineral springs, and the Nisqually River headwaters, with the Paradise subalpine meadows — famous for the most abundant wildflower display in the Pacific Northwest — just 12 miles above. Mount Rainier National Park was designated a National Historic Landmark District for its iconic CCC-era architecture, and the park's ecological diversity ranges from ancient lowland rainforest to permanent glaciers across just 12 miles of elevation gain.",true,false,false,false,false,false,false,Flush toilets,false,true,true,"Flush toilets and drinking water are available, but no showers on site. Fire pits are listed as available; check current fire restrictions with the operator.","Eatonville, WA",45,14,30,55,30,Loop D has several sites with partial Mt Rainier views — the most photogenic spots in the campground. Loop A sites 1–16 are the most private with old-growth cover. Loop E along Cougar Creek is pleasant and slightly cooler than the main loops. All loops are within walking distance of the trailhead to Carter Falls. Book 6 months out for peak summer dates.,"https://www.google.com/maps?q=46.7675151,-121.7942696",/assets/images/svg/cougar-rock-campground.svg,,,,,46.7675151,-121.7942696,Google Maps named campground destination; corroborated by Recreation.gov facility record and agency directions,2026-09-06,reviewed campground navigation point,94.4,128,"Seattle, Washington","https://www.google.com/maps/dir/?api=1&origin=Seattle%2C%20Washington&destination=46.7675151,-121.7942696&travelmode=driving",2026-09-06,Current fastest driving estimate; public estimate rounded up to the next 15 minutes.
Ohanapecosh Campground,ohanapecosh-campground,2026-09-06,la-wis-wis-campground;cougar-rock-campground;packwood-rv-park-campground;white-river-campground,,,,false,true,,,,https://westcoastrvcamping.com/assets/images/topo/ohanapecosh-campground.jpg,,Closed for the entire 2026 season during campground rehabilitation; NPS expects the improved Mount Rainier campground to reopen for summer 2027.,National Park,Closed for 2026; 2027 reservations expected to open in December 2026,https://www.recreation.gov/camping/campgrounds/232465,"Ohanapecosh Campground and the surrounding developed area are closed to all visitor access for the entire 2026 season while the National Park Service rehabilitates 185 campsites and nine restroom buildings. Work is scheduled through November 2026, and NPS expects camping to reopen for summer 2027. Reservations for the 2027 season are expected to return to Recreation.gov in December 2026. Check the current NPS construction page before planning a stay.",~2 hr 20 min from Seattle,2-3hrs,140,"SR-123, Packwood, WA 98361",185,,2,Mixed,0,false,1,1,"Silver Falls Loop Trail (3 mi easy)
Grove of the Patriarchs (1.5 mi easy)
Ohanapecosh River swimming and wading
Ohanapecosh Visitor Center
Junior Ranger program
Hot Springs Trail (0.5 mi easy)
Fishing in Ohanapecosh River",Silver Falls loop and the ancient Grove of the Patriarchs are perfect short hikes for families.,"Ohanapecosh lies in an old-growth river valley on Mount Rainier's southeast side. The entire developed area is closed during 2026 construction, including the campground, visitor center, picnic area, river access, and campground trailheads. NPS lists alternate 2026 access points for the Silver Falls Trail from State Route 123 and Stevens Canyon Road.",true,true,true,false,false,false,false,Flush toilets,false,true,true,"Flush toilets and drinking water are available, but no showers on site. Fire pits are listed as available; check current fire restrictions with the operator.","Packwood, WA",30,8,60,60,60,Loops B and C have the widest sites and best RV manoeuvrability — request these if towing. Loop A sites near the Ohanapecosh River are the most scenic but can be damp after rain. The Grove of the Patriarchs trailhead is a 5-minute walk from Loop B — one of the best short hikes in the park. The visitor centre at the campground entrance is excellent for trip planning.,"https://www.google.com/maps?q=46.731111,-121.570278",/assets/images/svg/ohanapecosh-campground.svg,yes,No camping or visitor access in 2026; NPS expects the rehabilitated campground to reopen for summer 2027.,https://www.nps.gov/mora/planyourvisit/park-construction-faqs.htm,2026-09-06,46.731111,-121.570278,https://www.recreation.gov/api/camps/campgrounds/232465,2026-09-06,official facility point; confirm entrance routing,,,,,,
White River Campground,white-river-campground,2026-02-21,cougar-rock-campground;ohanapecosh-campground;la-wis-wis-campground;bumping-lake-campground,,,,false,true,,,,https://westcoastrvcamping.com/assets/images/topo/white-river-campground.jpg,,"High-elevation first-come RV campground at Mount Rainier with alpine meadow access, glacier views, and the Sunrise Visitor Center nearby.",National Park,Reserving 6 months in advance,https://www.recreation.gov/camping/campgrounds/259031,"At 4,400 feet elevation, White River is the highest developed campground at Mount Rainier and the closest to the Sunrise area. Families drive 5 miles up to Sunrise Visitor Center for sweeping views of the Emmons Glacier and wildflower meadow hikes. The campground sits in subalpine forest along the White River, open late June through September.",~1 hr 45 min from Seattle,1-2hrs,105,"White River Rd, Enumclaw, WA 98022",112,27,2,Paved,0,false,1,0,"Sunrise Visitor Center (5 mi drive)
Silver Forest Trail (2 mi easy)
Burroughs Mountain Trail (moderate)
Emmons Glacier viewpoint
Junior Ranger program
White River fishing
Wildlife viewing (marmots, pikas, deer)",Drive up to Sunrise for jaw-dropping glacier views and easy alpine meadow trails with kids.,"White River Campground sits at 4,400 feet on the northeast flank of Mount Rainier, at the edge of subalpine forest where the glacially-fed White River emerges from the Emmons Glacier — the largest glacier by area in the lower 48 states. The Sunrise Visitor Center at 6,400 feet, just 5 miles above camp, offers the closest road access to Mount Rainier's high country and panoramic views of the Cascades from the Okanogan Highlands to Mount Adams. Wildlife in this high-elevation zone includes Olympic and Cascade marmots sunning on boulder fields, black bears foraging subalpine berry patches in late summer, and pikas calling from rocky slopes throughout the day.",true,true,false,false,false,false,false,Flush toilets,false,true,true,"Flush toilets and drinking water are available, but no showers on site. Fire pits are listed as available; check current fire restrictions with the operator.","Enumclaw, WA",12,20,24,40,24,"At 4,400 ft this is one of the highest drive-in campgrounds in the park — expect cold nights even in July. Sites on the east side of the campground near the White River offer the best scenery. Upper loop sites receive afternoon sun, which is welcome at this elevation. Excellent staging point for Sunrise visitors — arrive the evening before and beat the sunrise road crowds. No hookups; generator hours strictly enforced.","https://www.google.com/maps?q=46.902410,-121.641815",/assets/images/svg/white-river-campground.svg,,,,,46.902410,-121.641815,https://www.recreation.gov/api/camps/campgrounds/259031,2026-09-06,official facility point; confirm entrance routing,,,,,,
Newhalem Creek Campground,newhalem-creek-campground,2026-02-21,goodell-creek-campground;colonial-creek-south-campground;colonial-creek-north-campground;horseshoe-cove-campground,,,,false,true,,,,https://westcoastrvcamping.com/assets/images/topo/newhalem-creek-campground.jpg,,"Large family RV campground at the entrance to North Cascades National Park with a dump station, Visitor Center access, and Skagit River trails.",National Park,Reserving 6 months in advance,https://www.recreation.gov/camping/campgrounds/234060,"Newhalem Creek is the largest and most developed campground in the North Cascades park complex, set in towering western hemlock and redcedar forest along the Skagit River. It is right next to the North Cascades Visitor Center, making it easy to pick up maps and catch ranger programs. Three short family trails start within a short walk of camp.",~2 hr 25 min from Seattle,2-3hrs,145,"Milepost 120, SR-20, Newhalem, WA 98283",94,50,1,Paved,0,true,1,1,"North Cascades Visitor Center (0.5 mi)
River Loop Trail (1.8 mi easy)
Rock Shelter Trail (0.4 mi easy)
To Know a Tree Trail (0.1 mi easy)
Skagit River fishing
Salmon viewing in fall
Ranger campfire programs",The Visitor Center and three easy trails make Newhalem a great home base for North Cascades exploration.,"Newhalem Creek sits in the lower Skagit River canyon at the gateway to North Cascades National Park, where glacier-clad peaks rise abruptly from dense temperate rainforest in one of the most dramatic mountain landscapes in North America. The North Cascades contain more active glaciers than any range in the contiguous United States — over 300 glaciers by count — and their meltwater feeds the Skagit River, which supports the largest winter bald eagle concentration in the lower 48 states. The Skagit River's fall Chinook salmon run draws hundreds of eagles to the valley each January and February, making the Newhalem area one of the most reliable eagle-watching destinations in the Pacific Northwest.",true,true,false,false,false,false,false,Flush toilets,false,true,true,"Flush toilets and drinking water are available, but no showers on site. Fire pits are listed as available; check current fire restrictions with the operator.","Sedro-Woolley, WA",12,10,30,42,30,"Loop C is the best choice for RVs — the widest sites, easiest turns, and several pull-throughs for rigs up to 35 ft. Loops A and B are denser and more forested. The North Cascades Visitor Centre in Newhalem village is a short walk and worth a stop for the interpretive exhibits. Sites in Loop C near the back row have the best mountain backdrop views.","https://www.google.com/maps?q=48.675000,-121.261111",/assets/images/svg/newhalem-creek-campground.svg,,,,,48.675000,-121.261111,https://www.recreation.gov/api/camps/campgrounds/234060,2026-09-06,official facility point; confirm entrance routing,,,,,,
Goodell Creek Campground,goodell-creek-campground,2026-02-21,newhalem-creek-campground;colonial-creek-south-campground;colonial-creek-north-campground;horseshoe-cove-campground,,,,false,true,,,,https://westcoastrvcamping.com/assets/images/topo/goodell-creek-campground.jpg,,"Riverside RV campground on the Skagit River in North Cascades National Park with fishing, rafting access, and forest trails near Newhalem.",National Park,Reserving 6 months in advance,https://www.recreation.gov/camping/campgrounds/246852,"Goodell Creek is a smaller, more intimate campground on the Skagit River just west of Newhalem, popular with anglers and whitewater rafters who use the adjacent launch site. The forested sites are shaded and close to the water. Trail access to the North Cascades Visitor Center makes it an easy companion to Newhalem Creek Campground.",~2 hr 25 min from Seattle,2-3hrs,145,"Milepost 119, SR-20, Newhalem, WA 98283",19,38,2,Gravel,0,false,1,1,"Skagit River fishing (steelhead, salmon)
Whitewater rafting put-in (seasonal)
Trail connection to Visitor Center
River exploration and wildlife viewing
Salmon viewing in fall","Riverside camp great for fishing and rafting, with easy trail access to the North Cascades Visitor Center.","Goodell Creek sits in the lower Skagit River gorge at the western entrance to North Cascades National Park, where the river's glacial turquoise waters surge through a canyon of ancient metamorphic rock flanked by old-growth forest. The Skagit River below the campground hosts the largest winter concentration of bald eagles in the lower 48 states — up to 600 birds gather from December through February to feed on spawning chum salmon in the river gravel reaches. North Cascades National Park's wilderness begins immediately above the campground and extends north to the Canadian border in an unbroken roadless landscape of glaciers, wolves, and grizzly bear habitat.",true,true,false,false,false,false,false,Vaulted toilets,false,true,true,"Vault toilets and drinking water are available, but no showers on site. Fire pits are listed as available; check current fire restrictions with the operator.","Sedro-Woolley, WA",12,10,30,42,30,"Small and rustic; best for small rigs (under 22 ft) and van campers — the loop is tight. Walk-in tent sites along the Skagit River are beautiful and the highlight of this campground. Very popular with kayakers running the Skagit. First-come, first-served; often has midweek availability even in summer. Bring bear canisters — wildlife is active in this corridor.","https://www.google.com/maps?q=48.673000,-121.267000",/assets/images/svg/goodell-creek-campground.svg,,,,,48.673000,-121.267000,https://www.recreation.gov/api/camps/campgrounds/246852,2026-09-06,official facility point; confirm entrance routing,,,,,,
Colonial Creek South Campground,colonial-creek-south-campground,2026-02-21,colonial-creek-north-campground;newhalem-creek-campground;goodell-creek-campground;hozomeen-campground,,,,false,true,,,,https://westcoastrvcamping.com/assets/images/topo/colonial-creek-south-campground.jpg,,"Scenic RV campground on turquoise Diablo Lake in North Cascades National Park with Thunder Creek hiking, lake swimming, and mountain views.",National Park,Reserving 6 months in advance,https://www.recreation.gov/camping/campgrounds/255201,"Colonial Creek South sits on the south shore of Diablo Lake, famous for its vivid glacier-fed turquoise color. It is one of the most visually stunning campgrounds in Washington, with jagged peaks rising directly above the water. The Thunder Creek trail departs from camp and the Diablo Lake Overlook is a short drive away.",~2 hr 45 min from Seattle,2-3hrs,165,"Milepost 130, SR-20, Marblemount, WA 98267",48,36,2,Mixed,0,true,1,0,"Diablo Lake swimming and paddling
Thunder Creek Trail (2 mi easy to Thunder Basin)
Diablo Lake Overlook scenic drive
Diablo Lake boat tours (seasonal)
Fishing for rainbow trout
Wildlife viewing (bear, eagle, deer)
Star gazing (minimal light pollution)",Swim in turquoise Diablo Lake and hike Thunder Creek Trail through old-growth forest.,"Colonial Creek South shares the same Diablo Lake shoreline as its northern counterpart, where the lake's extraordinary turquoise color — caused by glacial flour suspended in meltwater draining from North Cascades glaciers — creates one of the most iconic mountain lake scenes in Washington. Thunder Creek trail climbs from the lake's south arm into the heart of North Cascades National Park's wilderness, passing cathedral old-growth forest before reaching the glaciated alpine terrain of the Cascade Crest. The North Cascades ecosystem surrounding Diablo Lake supports Washington's recovering wolf and grizzly bear populations, and wolverine have been documented on the high ridges within a day's hike of the campground.",true,true,true,false,false,false,false,Flush toilets,false,true,true,"Flush toilets and drinking water are available, but no showers on site. Fire pits are listed as available; check current fire restrictions with the operator.","Sedro-Woolley, WA",30,22,40,50,40,Sites near the boat launch in the lower loop have the best access to Diablo Lake's famous turquoise water — the glacial flour colour is most vivid July through September. Upper loop sites have partial lake views and more shade. Book the lower loop sites 6 months out; they are among the most photographed campsites in WA. Bring insect repellent — mosquitoes can be heavy near the water mid-summer.,"https://www.google.com/maps?q=48.689581,-121.096061",/assets/images/svg/colonial-creek-south-campground.svg,,,,,48.689581,-121.096061,https://www.recreation.gov/api/camps/campgrounds/255201,2026-09-06,official facility point; confirm entrance routing,,,,,,
Colonial Creek North Campground,colonial-creek-north-campground,2026-02-21,colonial-creek-south-campground;newhalem-creek-campground;goodell-creek-campground;hozomeen-campground,,,,false,true,,,,https://westcoastrvcamping.com/assets/images/topo/colonial-creek-north-campground.jpg,,"Small RV campground on Diablo Lake's north shore in North Cascades with forest trails, lake views, and a quieter feel than the south campground.",National Park,Reserving 6 months in advance,https://www.recreation.gov/camping/campgrounds/246855,"Colonial Creek North is a quieter, smaller counterpart to the south campground, also on the shores of the brilliantly blue Diablo Lake. Sites are nestled in old-growth western hemlock and redcedar with views of glaciated peaks. The campground is best suited for smaller rigs given the tighter site layouts and limited turning radius.",~2 hr 45 min from Seattle,2-3hrs,165,"Milepost 130, SR-20, Marblemount, WA 98267",31,25,3,Mixed,0,false,1,0,"Diablo Lake access and swimming
Thunder Knob Trail (3.6 mi moderate)
Thunder Creek Trail
Lake fishing (rainbow trout)
Mountain and glacier photography
Star gazing",A quieter lakeside camp with access to Diablo Lake swimming and Thunder Knob trail views.,"Colonial Creek campground sits on the shores of Diablo Lake, whose extraordinary turquoise color comes from glacial flour — finely ground rock suspended in the meltwater draining from North Cascades glaciers. Thunder Creek trail climbs from camp into the heart of North Cascades National Park's wilderness, passing through old-growth forest before reaching glaciated alpine terrain that connects to the park's roadless interior. The North Cascades ecosystem supports one of the most diverse assemblages of large carnivores in the contiguous United States, including black bear, mountain lion, wolverine, and a growing population of gray wolf.",true,true,true,false,false,false,false,Flush toilets,false,true,true,"Flush toilets and drinking water are available, but no showers on site. Fire pits are listed as available; check current fire restrictions with the operator.","Sedro-Woolley, WA",30,22,40,50,40,"The smaller, quieter sibling to Colonial Creek South — fewer sites means a more intimate feel. Sites along Colonial Creek are the nicest with pleasant white-noise water sounds. Same Diablo Lake access as the south campground. Often slightly easier to book last-minute than the south loop. Good choice for couples or small groups who prefer less activity.","https://www.google.com/maps?q=48.691000,-121.101000",/assets/images/svg/colonial-creek-north-campground.svg,,,,,48.691000,-121.101000,https://www.recreation.gov/api/camps/campgrounds/246855,2026-09-06,official facility point; confirm entrance routing,,,,,,
Hozomeen Campground,hozomeen-campground,2026-02-21,colonial-creek-north-campground;colonial-creek-south-campground;goodell-creek-campground;newhalem-creek-campground,,,,false,true,,,,https://westcoastrvcamping.com/assets/images/topo/hozomeen-campground.jpg,,"Free remote RV campground at the north end of Ross Lake in North Cascades accessible via Canada with boating, fishing, and wilderness hiking.",National Park,"First-come, first-served",https://www.recreation.gov/camping/poi/10149323,"Hozomeen is one of the most remote and unique campgrounds in Washington, reached only via a 39-mile gravel road from Hope, British Columbia, Canada. It sits at the north end of Ross Lake surrounded by dramatic peaks. No fee is charged. Families who make the journey are rewarded with spectacular boating, fishing, and true wilderness solitude.",~3 hr 30 min from Seattle (via Canada),3-4hrs,210,"Silver-Skagit Rd, Hope, BC (access via Canada only)",75,25,3,Gravel,0,false,1,0,"Ross Lake boating and kayaking
Hozomeen Lake Trail (2 mi easy)
Fishing (rainbow trout, Dolly Varden)
Wilderness hiking
Wildlife viewing (black bear, eagle)
Star gazing",Paddle Ross Lake and hike to Hozomeen Lake in true wilderness solitude at no cost.,"Hozomeen sits at the remote north end of Ross Lake in North Cascades National Park, accessible only via a 40-mile dirt road from Canada — making it one of the most isolated front-country campgrounds in the national park system. The campground's position at the US-Canada border places it within the Cascades International Wilderness, a transboundary ecosystem where wolf packs, grizzly bears, and caribou move freely across the border without regard to political boundaries. Ross Lake stretches 23 miles through a mountain-flanked reservoir teeming with native rainbow trout and bull trout, surrounded by peaks that see less than a handful of hikers per day even at the height of summer.",true,true,false,true,false,true,false,Vaulted toilets,false,true,true,"Vault toilets and drinking water are available, but no showers on site. Fire pits are listed as available; check current fire restrictions with the operator.","Hope, BC (Canada)",65,40,40,100,40,"Accessed only via the Hozomeen Road from Hope, BC (Canada) — no US road access. All sites first-come, first-served; no reservations. Sites near Ross Lake are the prime spots and offer paddling access to one of the most remote lakes in WA. The drive through BC adds roughly 2 hrs from the US border — plan accordingly and confirm border crossing hours. Perfect for families seeking total solitude; cell service is zero.","https://www.google.com/maps?q=48.9958,-120.9031",/assets/images/svg/hozomeen-campground.svg,,,,,,,,,,,,,,,
Deception Pass State Park,deception-pass-state-park,2026-09-07,fort-ebey-state-park;fort-casey-historical-state-park;larrabee-state-park;wenberg-county-park,,,,false,true,,,,https://westcoastrvcamping.com/assets/images/topo/deception-pass-state-park.jpg,,"Large Whidbey Island state park with standard and partial-hookup camping near Cranberry Lake, beaches, tide pools, and the Deception Pass Bridge.",State Park,Reservable up to 9 months in advance,https://parks.wa.gov/find-parks/state-parks/deception-pass-state-park,"Deception Pass State Park spans Whidbey and Fidalgo islands around its landmark bridges. Developed camping is spread across Cranberry Lake, Quarry Pond, and Bowman Bay; partial-hookup sites provide water and electricity, while showers and a trailer dump are available in the park. The reviewed map destination points to Cranberry Lake Campground, the park's largest camping area. Check the current park alerts before arrival because storm damage and winter schedules can limit particular roads, launches, and facilities.",~1 hr 45 min from Seattle,1-2hrs,105,"41229 State Route 20, Oak Harbor, WA 98277",,,1,Mixed,2,true,1,1,"Walk Deception Pass Bridge with panoramic strait views
Tide pooling at Bowman Bay beach
Swimming at Cranberry Lake
Hike Ben Ure Island Trail (2 mi easy)
Bike forested park roads
Boat launch for kayaks and small craft","Bridge views, tide pools, and freshwater swimming make this Washington's ultimate family park.","Deception Pass State Park occupies the dramatic strait between Whidbey Island and Fidalgo Island, where tidal currents ripping through the narrow gorge create one of the most powerful tidal exchanges on Puget Sound. The park encompasses 4,134 acres of old-growth forest, rocky shoreline, freshwater lakes, and Cranberry Lake, giving it a remarkable ecological range for a marine state park this close to a major metropolitan area. The surrounding waters of the Salish Sea fall within the Deception Pass State Marine Recreation Area, protecting kelp forests, rockfish habitat, and the migration corridor for pods of orca that travel the Strait of Juan de Fuca seasonally.",true,false,true,true,true,true,false,Flush toilets,true,true,true,"Flush toilets, showers, and drinking water are all on site. Fire pits are listed as available; check current fire restrictions with the operator.","Oak Harbor, WA",25,5,8,25,10,"Loop 5 nearest the beach fills first — book these sites 6 months out. Loop 3 and 4 around Cranberry Lake are ideal for families with young children (calm fresh water, no surf). Loop 1 has pull-through hookup sites that handle 40+ ft rigs. The iconic bridge is a 10-minute walk from any loop. Avoid Loop 2 in peak season — it borders the day-use parking lot and can be noisy.","https://www.google.com/maps?q=48.3987837,-122.6545812",/assets/images/svg/deception-pass-state-park.svg,yes,The listing covers three campground areas with different site dimensions. The map pin and directions use Cranberry Lake Campground; confirm the selected site's equipment limit when reserving.,https://parks.wa.gov/find-parks/state-parks/deception-pass-state-park,2026-09-07,48.3987837,-122.6545812,"Google Maps named Cranberry Lake Campground pin, corroborated by Washington State Parks directions and campground map",2026-09-07,named campground point,84.6,93,"Seattle, Washington","https://www.google.com/maps/dir/?api=1&origin=Seattle%2C%20Washington&destination=48.3987837,-122.6545812&travelmode=driving",2026-09-07,Fastest normal route at review time; traffic on I-5 and SR 20 varies.
Larrabee State Park,larrabee-state-park,2026-09-07,deception-pass-state-park;birch-bay-state-park;beachside-rv-park;silver-lake-park,,,,false,true,,,,https://westcoastrvcamping.com/assets/images/topo/larrabee-state-park.jpg,,"Washington's first state park, with 26 water-and-electric utility sites near Samish Bay, tide pools, and Chuckanut Mountain trails.",State Park,Reservable up to 9 months ahead for May 15–September 15 arrivals; first-come outside that period,https://parks.wa.gov/find-parks/state-parks/larrabee-state-park,"Larrabee is Washington's first state park, set between Chuckanut Mountain and Samish Bay. The campground has 51 standard tent sites, 26 utility sites with water and electricity, and eight primitive sites, plus restrooms, showers, and a trailer dump. Highway 11 and active railroad tracks border the campground, and the state specifically warns that train noise occurs day and night.",~1 hr 45 min from Seattle,1-2hrs,105,"245 Chuckanut Drive, Bellingham, WA 98229",26,,2,Gravel,2,true,1,2,"Hiking Clayton Beach Trail to sandstone formations (3 mi)
Tide pool exploration at Andesite Point
Chuckanut Mountain hiking and biking trails
Saltwater fishing from park beaches
Bird watching (ospreys, eagles, seabirds)
Bellingham Bay kayaking access","Full-hookup camping with tide pools, dramatic sandstone formations, and Samish Bay views.","Larrabee State Park clings to the Chuckanut sandstone bluffs above Samish Bay, where wave erosion has carved remarkable honeycomb formations into the cliff faces and tide pools reveal some of the richest intertidal communities on the Salish Sea. The park sits at the southern end of the Chuckanut Mountain trail network, a 25-mile system of forested ridges connecting Larrabee to Bellingham and offering sweeping views of the San Juan Islands from rocky outcrops above the bay. Directly offshore, Samish Bay's extensive eelgrass beds are critical habitat for juvenile Chinook salmon, Dungeness crab, and the bay is a recognized staging area for Pacific shorebird migration each spring and fall.",true,true,false,true,true,false,false,Flush toilets,true,true,true,"Flush toilets, showers, and drinking water are all on site. Fire pits are listed as available; check current fire restrictions with the operator.","Bellingham, WA",25,6,6,15,8,Lower sites near the Chuckanut Bay beach fill first and offer the best sunset views — book early. Upper hillside sites (60+) are quieter and more private with dense salal understory. RV sites are concentrated in the upper campground; the road in is narrow with some tight turns — rigs over 30 ft should call ahead. Walk to Clayton Beach via the trail directly from camp for the best tide pool access.,"https://www.google.com/maps?q=48.6624933,-122.4669355",/assets/images/svg/larrabee-state-park.svg,yes,"Utility sites provide water and electricity, not sewer hookups. The route avoids an option Google flagged for restricted or private-road use.",https://parks.wa.gov/find-parks/state-parks/larrabee-state-park,2026-09-07,48.6624933,-122.4669355,Google Maps exact named park destination matched to the current Washington State Parks address,2026-09-07,park entrance/address point,92.3,98,"Seattle, Washington","https://www.google.com/maps/dir/?api=1&origin=Seattle%2C%20Washington&destination=48.6624933,-122.4669355&travelmode=driving",2026-09-07,Uses the unrestricted I-5 and Chuckanut Drive option; the nominally faster route was flagged for restricted or private-road use.
Birch Bay State Park,birch-bay-state-park,2026-09-07,beachside-rv-park;larrabee-state-park;silver-lake-park;douglas-fir-campground,,,,false,true,,,,https://westcoastrvcamping.com/assets/images/topo/birch-bay-state-park.jpg,,"Forested beach campground near Blaine with 147 standard sites and 20 partial-hookup sites, plus tide flats and family-friendly shoreline access.",State Park,Reservable up to 9 months ahead for May 15–September 15 arrivals; North Loop is first-come September 16–May 14,https://parks.wa.gov/find-parks/state-parks/birch-bay-state-park,"Birch Bay State Park combines a forested campground with broad tide flats on the Salish Sea. The current state brochure lists 147 standard campsites and 20 partial-hookup sites, and the park accommodates RVs and vehicle-trailer combinations up to 60 feet. Restrooms, showers, drinking water, and a trailer dump are available. From September 16 to May 14, camping is first-come in the North Loop and water may be winterized.",~2 hr from Seattle,2-3hrs,120,"5105 Helweg Road, Blaine, WA 98230",167,60,1,Gravel,2,true,1,2,"Birch Bay tide flat exploration at low tide
Sandcastle building and beach play
Swimming on sandy beach (protected bay)
Kayaking and boating from park beach
Bike path along shoreline
Birdwatching at tide flats (shorebirds, eagles)",Legendary tide flats and wide sandy beach make Birch Bay the top family beach park in NW Washington.,"Birch Bay State Park fronts a protected shallow bay just 20 miles south of the Canadian border, where a gradual sandy bottom and sunny southern exposure make it one of the warmest and most sheltered saltwater swimming beaches in Washington. The bay's extensive tidal flats expose rich beds of butter clams, littleneck clams, and Dungeness crab at low tide, and the eelgrass beds just offshore are critical nursery habitat for Chinook salmon migrating through Puget Sound. The park sits along the Pacific Flyway, and Birch Bay's protected tidal flats host impressive concentrations of dunlin, sanderlings, and western sandpipers during fall shorebird migration.",false,false,true,true,true,true,false,Flush toilets,true,true,true,"Flush toilets, showers, and drinking water are all on site. Fire pits are listed as available; check current fire restrictions with the operator.","Blaine, WA",25,8,9,20,10,Sites 1–30 nearest the bay beach fill fastest on summer weekends. Full hookup sites in the 100–148 range are a short walk to the water but offer better utility for multi-night stays. The bay here is one of the warmest saltwater beaches in WA — excellent for kids. Loop B sites are quieter and farther from the day-use crowds. Arrive by Thursday afternoon for summer holiday weekends.,"https://www.google.com/maps?q=48.9033398,-122.760524",/assets/images/svg/birch-bay-state-park.svg,yes,The 20 utility sites are partial hookups. Confirm the individual site's dimensions for combinations approaching the park's 60-foot maximum.,https://parks.wa.gov/find-parks/state-parks/birch-bay-state-park,2026-09-07,48.9033398,-122.760524,Google Maps exact named park destination matched to the current Washington State Parks address and campground map,2026-09-07,park entrance/address point,109,107,"Seattle, Washington","https://www.google.com/maps/dir/?api=1&origin=Seattle%2C%20Washington&destination=48.9033398,-122.760524&travelmode=driving",2026-09-07,Fastest normal route at review time; public estimate rounded up for normal traffic variation.
Camano Island State Park,camano-island-state-park,2026-09-07,kayak-point-regional-park;fort-casey-historical-state-park;wenberg-county-park;fort-worden-historical-state-park,,,,false,true,,,,https://westcoastrvcamping.com/assets/images/topo/camano-island-state-park.jpg,,"Island state park with 77 reservable standard campsites, several RV-friendly pull-throughs, rocky Puget Sound shoreline, and a trail to Cama Beach.",State Park,Reservable up to 9 months in advance,https://parks.wa.gov/find-parks/state-parks/camano-island-state-park,"Camano Island State Park offers 77 reservable standard campsites near its rocky Puget Sound shoreline. Several sites in the upper loop are pull-throughs and are identified by the state as better suited for RVs. There are no campsite hookups; nearby facilities include restrooms, showers, drinking water, and a trailer dump. The lower loop is available year-round, while the upper loop generally operates from spring through September.",~1 hr 30 min from Seattle,1-2hrs,90,"2269 S Lowell Point Road, Camano Island, WA 98282",77,,1,Gravel,0,true,1,1,"Hiking Camano Island Loop Trail (4 mi)
Tide pool and rocky beach exploration
Walking connector trail to Cama Beach (1 mi)
Kayaking and paddleboarding from beach
Fishing for bottomfish off beach rocks
Sunset views of Olympic Mountains",Rocky shoreline camping with connecting trail to historic Cama Beach boat rentals.,"Camano Island State Park perches on the southwest bluffs of Camano Island with direct views across Saratoga Passage to the glacier-carved peaks of the Olympic Mountains, and easy beach access along a rocky shoreline rich with tide pool life. The park connects via trail to Cama Beach Historical State Park one mile to the south, and together they protect over a mile of undeveloped saltwater shoreline on an island increasingly surrounded by residential development. Saratoga Passage off the park's shore is a recognized wintering ground for western grebes, surf scoters, and common loons, and southern resident orca occasionally pass through the passage during salmon season.",true,true,false,true,true,false,false,Flush toilets,true,true,true,"Flush toilets, showers, and drinking water are all on site. Fire pits are listed as available; check current fire restrictions with the operator.","Stanwood, WA",1,5,8,25,10,North loop sites on the bluff above Saratoga Passage (especially sites 1–12) have the best Cascade Mountain sunrise views and fill first. South loop sites are better for larger RVs — wider turnarounds and hookups available. Request any bluff site for stunning views across the water toward the Cascades. The beach is a 5-minute walk down a forest trail from the campground.,"https://www.google.com/maps?q=48.1310549,-122.5029261",/assets/images/svg/camano-island-state-park.svg,yes,Several upper-loop pull-through sites are better suited for RVs. Select a site using the reservation system's equipment limits; a park-wide maximum is not published on the current operator page.,https://parks.wa.gov/find-parks/state-parks/camano-island-state-park,2026-09-07,48.1310549,-122.5029261,Google Maps exact named park destination matched to the current Washington State Parks address,2026-09-07,park entrance/address point,66.9,75,"Seattle, Washington","https://www.google.com/maps/dir/?api=1&origin=Seattle%2C%20Washington&destination=48.1310549,-122.5029261&travelmode=driving",2026-09-07,Fastest normal route at review time; public estimate rounded up for normal traffic variation.
Fort Ebey State Park,fort-ebey-state-park,2026-09-07,fort-casey-historical-state-park;fort-worden-historical-state-park;deception-pass-state-park;camano-island-state-park,,,,false,true,,,,https://westcoastrvcamping.com/assets/images/topo/fort-ebey-state-park.jpg,,"WWII coastal fort on Whidbey Island bluffs with 50 campsites (11 water & electric), 25+ miles of trails, and Strait of Juan de Fuca views.",State Park,Reservable up to 9 months in advance,https://parks.wa.gov/find-parks/state-parks/fort-ebey-state-park,"Fort Ebey occupies dramatic ocean bluffs along the Strait of Juan de Fuca, built as a WWII coastal defense installation in 1942. Eleven of the 50 campsites have water and electric hookups, accommodating RVs up to 40 feet. The park features over 25 miles of forested hiking and biking trails — some of the best on Whidbey Island — plus excellent paragliding launch sites. No dump station on site. Note: U.S. Navy jets from NAS Whidbey Island conduct training flights overhead at various times.",~2 hr from Seattle,2-3hrs,120,"400 Hill Valley Drive, Coupeville, WA 98239",50,,1,Mixed,2,false,1,0,"Fort Ebey-Kettles Trail system (25+ mi of loops)
Bluff trail with Strait of Juan de Fuca views
Tide pool and beach exploration
Paragliding launch sites
Biking forested park trails
Historic WWII fort building exploration",25+ miles of trails and ocean bluff views from a historic WWII fort on Whidbey Island.,"Fort Ebey State Park occupies a dramatic section of Whidbey Island's western bluffs above the Strait of Juan de Fuca, where WWII-era gun batteries overlook a marine corridor traveled by cargo ships, ferries, and seasonal migrations of gray whales. The park's Kettles Trail system winds through a 25-mile network of potholes and ridges formed by retreating glaciers 12,000 years ago, creating a uniquely varied landscape of freshwater ponds and forested kettle depressions within steps of the saltwater bluffs. The Strait of Juan de Fuca below the park's bluffs is a critical migration corridor for Pacific gray whales traveling between Baja California and the Arctic, with northbound whales passing closest to shore in March and April.",true,false,false,false,true,false,false,Flush toilets,true,true,true,"Flush toilets, showers, and drinking water are all on site. Fire pits are listed as available; check current fire restrictions with the operator.","Coupeville, WA",10,8,8,25,10,Small park that rarely fills outside holiday weekends — one of the better last-minute options on Whidbey Island. Sites 1–20 in the main loop are closest to the bluff and beach trails. Sites 21–50 in the second loop are more wind-sheltered and better for tent camping in rough weather. The short trail to Point Partridge beach from Loop 1 offers excellent whale and sea lion watching in spring.,"https://www.google.com/maps?q=48.2175689,-122.7592289",/assets/images/svg/fort-ebey-state-park.svg,yes,The campground has 39 standard sites and 11 partial-hookup sites. Confirm the individual site's equipment limit when reserving; no park-wide maximum is published on the current operator page.,https://parks.wa.gov/find-parks/state-parks/fort-ebey-state-park,2026-09-07,48.2175689,-122.7592289,"Google Maps named Fort Ebey State Park Campground pin, corroborated by the official campground map",2026-09-07,named campground point,101,119,"Seattle, Washington","https://www.google.com/maps/dir/?api=1&origin=Seattle%2C%20Washington&destination=48.2175689,-122.7592289&travelmode=driving",2026-09-07,Fastest no-ferry option at review time; ferry routes may be shorter but add fare and wait-time uncertainty.
Fort Casey Historical State Park,fort-casey-historical-state-park,2026-09-07,fort-worden-historical-state-park;fort-ebey-state-park;camano-island-state-park;kayak-point-regional-park,,,,false,true,,,,https://westcoastrvcamping.com/assets/images/topo/fort-casey-historical-state-park.jpg,,"Historic 1,000-acre Whidbey Island park with 13 water & electric and 22 standard sites, a historic lighthouse, and Admiralty Inlet fishing.",State Park,"Campground closed September 15, 2026–June 15, 2027 for water-line replacement; otherwise reservable up to 9 months ahead",https://parks.wa.gov/find-parks/state-parks/fort-casey-historical-state-park,"Fort Casey occupies a dramatic headland guarding Admiralty Inlet, with a historic lighthouse, coastal gun batteries, and broad water views. Thirteen of 35 campsites have water and electric hookups, and the state lists a maximum equipment length of 40 feet with limited availability at that size. Restrooms and showers are available, but the park does not list a trailer dump. The campground sits beside the Coupeville ferry terminal, and Navy training jets may pass overhead during the day or night.",~2 hr 15 min from Seattle,2-3hrs,135,"1280 Engle Road, Coupeville, WA 98239",35,40,1,Gravel,2,false,1,1,"Admiralty Head Lighthouse tour (free access)
Fisherman's Trail along Admiralty Inlet beach
Tide pool and beachcombing
Historic gun batteries and bunker exploration
Fishing for cod, perch, and salmon
Keystone Ferry day trips to the Olympic Peninsula","Historic lighthouse, fishing, and tide pools on a dramatic Admiralty Inlet headland.","Fort Casey occupies Admiralty Head on central Whidbey Island, where the headland overlooks Admiralty Inlet — the primary channel connecting Puget Sound to the Strait of Juan de Fuca and one of the most biologically productive marine corridors in the Pacific Northwest. The waters below the fort bluffs are a recognized winter gathering area for common murre, marbled murrelet, and rhinoceros auklet, and harbor porpoise are regular year-round residents of the inlet's fast tidal currents. Whidbey Island's undeveloped stretches, including Ebey's Landing National Historical Reserve adjacent to the park, protect one of the most intact coastal prairie and natural landscapes remaining on a Puget Sound island, with grasslands that support short-eared owl and northern harrier.",true,true,false,false,true,false,false,Flush toilets,true,true,true,"Flush toilets, showers, and drinking water are all on site. Fire pits are listed as available; check current fire restrictions with the operator.","Coupeville, WA",10,5,5,25,7,The campground is compact and exposed to Puget Sound winds — bring extra tent stakes. Sites nearest the lighthouse end of the park (high numbers) have better views across Admiralty Inlet. The ferry from Port Townsend docks 2 miles away — convenient for day tripping. Sites near the beach have a concrete path that makes strolling with kids easy. Combine with Fort Ebey (10 mi) for a 2-park Whidbey Island trip.,"https://www.google.com/maps?q=48.1586873,-122.6763079",/assets/images/svg/fort-casey-historical-state-park.svg,yes,"The campground is scheduled to close September 15, 2026 through June 15, 2027 for water-line replacement. Ferry-terminal traffic and Navy training flights can add noise.",https://parks.wa.gov/find-parks/state-parks/fort-casey-historical-state-park,2026-09-07,48.1586873,-122.6763079,Google Maps exact named park destination matched to the current Washington State Parks address and campground map,2026-09-07,park entrance/address point,107,125,"Seattle, Washington","https://www.google.com/maps/dir/?api=1&origin=Seattle%2C%20Washington&destination=48.1586873,-122.6763079&travelmode=driving",2026-09-07,Fastest no-ferry option at review time; ferry routes may be shorter but add fare and wait-time uncertainty.
Dungeness Recreation Area,dungeness-recreation-area,2026-09-11,sequim-bay-state-park;heart-o-the-hills-campground;fort-worden-historical-state-park;fort-ebey-state-park,,,,false,true,,,,https://westcoastrvcamping.com/assets/images/topo/dungeness-recreation-area.jpg,,"Clallam County bluff-top park with 66 campsites (no hookups) above the Strait of Juan de Fuca, near the 5-mile Dungeness Spit and its lighthouse.",County Campground,Reservations for the year open January 1st,https://www.clallamcountywa.gov/683/Dungeness-Recreation-Area-Campsites,"Perched on scenic bluffs overlooking the Strait of Juan de Fuca, Dungeness Recreation Area offers stunning views of Vancouver Island and the Olympics from 66 campsites (no hookups). Seasonal coin-operated showers (May–October), potable water, fire pits, and a 1-mile bluff-top nature loop are all on site. The main draw is nearby Dungeness Spit — a 5.5-mile natural sand spit, the longest in the U.S. — ending at a historic lighthouse accessible only on foot.",~2 hr 30 min from Seattle,2-3hrs,150,"554 Voice of America Rd W, Sequim, WA 98382",66,30,2,Gravel,0,true,2,1,"Hiking Dungeness Spit to the lighthouse (5.5 mi one way)
Bluff-top nature loop trail (1 mi)
Birding from bluffs (Pacific Flyway migration route)
Beach access at base of bluffs
Seal and sea lion watching offshore
Bald eagle and shorebird viewing",Hike the longest natural sand spit in the U.S. to a working lighthouse — a family bucket-list hike.,"The Dungeness Recreation Area sits above the Strait of Juan de Fuca at the base of the Dungeness Spit — the longest natural sand spit in the United States at 5.5 miles — which shelters a shallow bay critical for Dungeness crab, razor clams, and thousands of migratory shorebirds. The Dungeness National Wildlife Refuge protecting the spit hosts over 250 bird species annually, including large flocks of brant, black-bellied plover, and dunlin staging here during Pacific Flyway migration. The Olympic Mountains visible from the bluffs above camp form the backdrop for one of the Pacific Northwest's most distinctive microclimates — Sequim's rain shadow receives just 16 inches of rain per year while Olympic NP's rainforest 30 miles west receives over 140.",true,false,false,false,true,false,false,Flush toilets,true,true,true,"Vault toilets, showers, and drinking water are all on site. Fire pits are listed as available; check current fire restrictions with the operator.","Sequim, WA",8,7,7,58,8,Bluff-top sites 1–30 with open views fill the fastest — especially sites on the outer edge of the loop where nothing blocks the Sound panorama. Sites in the 40–65 range are sheltered by shore pines and better for windy nights. The Dungeness Spit trailhead is at the campground entrance; go early to beat day hikers for parking. Reservations open January 1st — set a calendar reminder.,"https://www.google.com/maps?q=48.1381736,-123.1964403",/assets/images/svg/dungeness-recreation-area.svg,yes,All 66 main-loop campsites accept tents or recreational vehicles; individual pad measurements vary. Sites 1–24 are first-come and sites 25–66 are reservable.,https://clallamcountywa.gov/facilities/facility/details/Dungeness-Recreation-Area-2,2026-09-11,48.1381736,-123.1964403,Google Maps exact named destination matched to the published street address,2026-09-06,named campground point,130,135,"Seattle, Washington","https://www.google.com/maps/dir/?api=1&origin=Seattle%2C%20Washington&destination=48.1381736,-123.1964403&travelmode=driving",2026-09-06,Fastest no-ferry option at review time; ferry routes may be shorter but add fare and wait-time uncertainty.
Sequim Bay State Park,sequim-bay-state-park,2026-09-11,dungeness-recreation-area;fort-worden-historical-state-park;fort-ebey-state-park;heart-o-the-hills-campground,,,,false,true,,,,https://westcoastrvcamping.com/assets/images/topo/sequim-bay-state-park.jpg,,"Olympic Peninsula park with standard and full-utility camping, a 40-foot equipment limit, and direct access to Sequim Bay and the Olympic Discovery Trail.",State Park,Reservable for May 15–September 15 arrivals; first-come September 16–May 14. Lower Loop currently closed for restroom construction; reopening TBD,https://parks.wa.gov/find-parks/state-parks/sequim-bay-state-park,"Sequim Bay State Park sits in the Olympic rain shadow beside a sheltered saltwater bay. The campground offers standard and full-utility sites, showers, drinking water, and a trailer dump, and the park accommodates RVs and vehicle-trailer combinations up to 40 feet. Reservations are available for May 15 through September 15 arrivals, with first-come camping outside that period. The Lower Loop is currently closed for restroom construction, with reopening still to be determined by the park.",~2 hr 15 min from Seattle,2-3hrs,135,"269035 Highway 101, Sequim, WA 98382",60,40,1,Gravel,3,true,1,2,"Sequim Bay beach kayaking and paddleboarding
Saltwater swimming on sheltered bay
Hiking Dungeness Spit to the lighthouse (7 mi away)
Port Townsend Victorian seaport day trip
Fishing for salmon and bottomfish in bay
Olympic Game Farm wildlife viewing (5 mi)","Full-hookup base camp for Dungeness Spit hikes, bay paddling, and Port Townsend day trips.","Sequim Bay State Park sits within the Olympic Peninsula's remarkable rain shadow — Sequim receives just 16 inches of rain per year while Olympic NP's rainforests 30 miles away receive over 140 — creating a Mediterranean-like microclimate exceptional for Washington. The bay's protected waters are prime habitat for harbor seals hauling out on floating dock platforms, and the Dungeness Spit National Wildlife Refuge — the longest natural sand spit in the United States at 5.5 miles — is just 7 miles west. The Strait of Juan de Fuca visible from the park's bluffs is the primary feeding ground for the Southern Resident orca population, and whale-watching opportunities are excellent from the park's elevated shoreline.",true,true,true,true,true,false,false,Flush toilets,true,true,true,"Flush toilets, showers, and drinking water are all on site. Fire pits are listed as available; check current fire restrictions with the operator.","Sequim, WA",15,2,2,55,3,"Waterfront loop sites 1–23 looking out over the protected bay are the most popular — calm, sheltered, and beautiful. Hookup sites in Loops B and C are slightly inland but well-equipped for longer stays. The bay is completely protected and excellent for kayaking at any tide. Sequim's famous lavender farms are 10 minutes away. The campground drains well and is usable even after heavy rain.","https://www.google.com/maps?q=48.0400657,-123.0290089",/assets/images/svg/sequim-bay-state-park.svg,yes,"The official brochure lists 45 standard and 15 full-hookup campsites, with selected sites for rigs up to 40 feet. Lower Loop is closed for restroom construction; reopening is TBD.",https://parks.wa.gov/find-parks/state-parks/sequim-bay-state-park,2026-09-07,48.0400657,-123.0290089,Google Maps exact named park destination matched to the Washington State Parks address and published locate point,2026-09-07,park entrance/address point,117,126,"Seattle, Washington","https://www.google.com/maps/dir/?api=1&origin=Seattle%2C%20Washington&destination=48.0400657,-123.0290089&travelmode=driving",2026-09-07,"Uses the no-ferry I-5 and Tacoma Narrows route; ferry options may be shorter but add fare, queue, and sailing-time uncertainty."
Fort Worden Historical State Park,fort-worden-historical-state-park,2026-09-07,point-hudson-marina-rv-park;jefferson-county-fairgrounds-campground;fort-flagler-historical-state-park;fort-casey-historical-state-park,,,,false,true,,,,https://westcoastrvcamping.com/assets/images/topo/fort-worden-historical-state-park.jpg,,"Historic Port Townsend fort with 50 full-hookup beach sites and 30 water-and-electric forest sites, plus beaches, trails, museums, and lighthouse access.",State Park,"Reservations required; 2026 camping offered April 1–October 31. Beach sites 18–50 closed March 1–June 30, 2027 for upgrades",https://parks.wa.gov/find-parks/state-parks/fort-worden-historical-state-park,"Fort Worden has two developed campgrounds: 50 full-hookup sites at the Beach Campground and 30 water-and-electric sites in the Upper Forest Campground. Both have nearby restrooms and showers, and the park has a trailer dump. The current park page lists a maximum equipment length of 75 feet with limited availability. The reviewed directions point to the Beach Campground; the Upper Forest Campground has a separate internal entrance. Beach sites 18–50 are scheduled to close March 1 through June 30, 2027 for utility upgrades and new-site work.",~2 hr 30 min from Seattle,2-3hrs,150,"202 Eisenhower Avenue, Port Townsend, WA 98368",80,75,1,Mixed,3,true,1,2,"Point Wilson beach walk and tide pooling
Admiralty Head Lighthouse tour
Port Townsend Marine Science Center (touch tanks)
Historic fort buildings and bunker exploration
Downtown Port Townsend shopping and dining (1 mi)
Kayaking from Point Wilson beach","Premium beach camping inside a historic fort, steps from Port Townsend's restaurants and lighthouse.","Fort Worden sits at Point Wilson, where Admiralty Inlet meets the Strait of Juan de Fuca at one of the most ecologically active marine junctions in the Pacific Northwest — a convergence of tidal currents that creates exceptional marine mammal and seabird concentrations. The Port Townsend Marine Science Center, located within the park, maintains active research programs on the Salish Sea's intertidal ecosystem and offers public touch tanks and interpretive programs about the species found in the rocky shoreline just steps away. Point Wilson Lighthouse marks a navigation point where harbor porpoise, Steller sea lions, and occasional transient orca can be spotted from shore in any season, with the best conditions during incoming tides when prey fish concentrate at the point.",false,false,false,true,true,false,false,Flush toilets,true,true,true,"Flush toilets, showers, and drinking water are all on site. Fire pits are listed as available; check current fire restrictions with the operator.","Port Townsend, WA",15,1,1,58,1,The beach bluff loop (sites 50–80) with views of Admiralty Inlet are among the most dramatic campsites in WA state parks — book 6 months out. The Rhododendron Loop has hookups and more protection from wind. Parade Ground loop sites are very spacious but exposed. The Marine Science Centre touch tanks are a 5-minute walk from beach loop sites. Port Townsend's dining and shops are a 20-minute walk or short drive.,"https://www.google.com/maps?q=48.1416198,-122.7623848",/assets/images/svg/fort-worden-historical-state-park.svg,yes,"Map pin and directions use the named Beach Campground. Upper Forest Campground has water and electric hookups; Beach Campground has water, electric, and sewer.",https://parks.wa.gov/find-parks/state-parks/fort-worden-historical-state-park,2026-09-07,48.1416198,-122.7623848,"Google Maps named Fort Worden Beach Campground point, corroborated by the official campground map",2026-09-07,named campground point,113,135,"Seattle, Washington","https://www.google.com/maps/dir/?api=1&origin=Seattle%2C%20Washington&destination=48.1416198,-122.7623848&travelmode=driving",2026-09-07,"Uses the no-ferry I-5 and Tacoma Narrows route; ferry options may be shorter but add fare, queue, and sailing-time uncertainty."
Potlatch State Park,potlatch-state-park,2026-09-07,dosewallips-state-park;big-creek-campground;staircase-campground;twanoh-state-park,,,,false,true,,,,https://westcoastrvcamping.com/assets/images/topo/potlatch-state-park.jpg,,"Hood Canal park with 38 standard and 35 partial-hookup campsites, shoreline recreation, showers, and a seasonal trailer dump.",State Park,Sites 1–27 reservable year-round; sites 36–93 closed November 15–March 31,https://parks.wa.gov/find-parks/state-parks/potlatch-state-park,"Potlatch State Park has 38 standard campsites, 35 partial-hookup sites, and two hiker/biker sites along Hood Canal. The state lists showers, drinking water, and a trailer dump; the dump and campground water close during the off-season. Sites 1–27 remain reservable year-round, while sites 36–93 close November 15 through March 31. An older official campground brochure lists equipment up to 60 feet, so travelers near that limit should confirm their individual site before booking.",~1 hr 45 min from Seattle,1-2hrs,105,"21020 N US Highway 101, Shelton, WA 98584",73,60,1,Gravel,2,true,1,1,"Saltwater swimming (warmest beaches in WA)
Clam and oyster harvesting (seasonal with permit)
Fishing for salmon and bottomfish in Hood Canal
Kayaking and paddleboarding on Hood Canal
Boating from moorage buoys
Hiking creek trail through park","Warmest saltwater swimming in Washington, plus shellfish harvesting and Olympic Mountain views.","Potlatch State Park occupies a narrow strip of Hood Canal's eastern shoreline where the canal's unique fjord-like character — a glacially carved saltwater channel 65 miles long — creates Washington's warmest marine swimming conditions. Hood Canal is Washington's most biologically productive marine body of water per square mile, with its protected waters supporting massive oyster, clam, and shrimp populations, plus seasonal concentrations of Dungeness crab that make it a premier harvesting destination. The canal's depth and limited circulation create a unique oxygen-stratified marine environment, and its eelgrass beds are critical nursery habitat for Chinook salmon — the primary prey of Southern Resident orca.",true,true,true,true,true,true,false,Flush toilets,true,true,true,"Flush toilets, showers, and drinking water are all on site. Fire pits are listed as available; check current fire restrictions with the operator.","Hoodsport, WA",10,5,5,45,10,"Waterfront sites 1–18 directly on Hood Canal are the main draw — book these as far in advance as possible, as they are among the most in-demand sites in WA state parks. Upper forested sites 19–35 are quieter and better for those not focused on shellfish harvesting. Check WDFW shellfish hotline before your trip to confirm the harvest is open. The warm Hood Canal water here makes for good swimming in August.","https://www.google.com/maps?q=47.361386,-123.156384",/assets/images/svg/potlatch-state-park.svg,yes,The park publishes standard and partial-hookup inventory. Confirm the selected site's dimensions; the 60-foot maximum comes from the official campground brochure.,https://parks.wa.gov/find-parks/state-parks/potlatch-state-park,2026-09-07,47.361386,-123.156384,Google Maps exact named park destination matched to the Washington State Parks address and published locate point,2026-09-07,park entrance/address point,92.8,93,"Seattle, Washington","https://www.google.com/maps/dir/?api=1&origin=Seattle%2C%20Washington&destination=47.361386,-123.156384&travelmode=driving",2026-09-07,Fastest normal I-5 and US 101 route at review time; public estimate rounds up for traffic variation.
Twanoh State Park,twanoh-state-park,2026-09-07,belfair-state-park;jarrell-cove-state-park;big-creek-campground;potlatch-state-park,,,,false,true,,,,https://westcoastrvcamping.com/assets/images/topo/twanoh-state-park.jpg,,Hood Canal park with 25 standard and 22 full-hookup campsites for equipment up to 35 feet; campground open first-come during the 2026 day-use restoration.,State Park,"Campground open first-come during day-use construction through September 30, 2026; reservations resume if work ends early",https://parks.wa.gov/find-parks/state-parks/twanoh-state-park,"Twanoh State Park has 25 standard campsites and 22 full-hookup sites, with limited availability for equipment up to 35 feet. Two campground restrooms and a shower are nearby. The day-use area, main parking lots, beach, pier, dock, kitchen shelters, and day-use restrooms are closed through September 30, 2026 for shoreline and creek restoration, but the campground remains open first-come, first-served during the work. Campers should expect construction noise, potentially at night. The park lists a marine pumpout rather than a trailer dump.",~1 hr 30 min from Seattle,1-2hrs,90,"12190 E State Route 106, Union, WA 98592",47,35,1,Gravel,3,false,1,1,"Saltwater swimming (warmest Hood Canal beaches)
Twanoh Creek Loop Trail (2.5 mi)
Shellfish harvesting (seasonal with permit)
Fishing for salmon and bottomfish
Kayaking on Hood Canal
Picknicking along beachfront",Full-hookup camping with the warmest saltwater beaches in Washington and forested creek trails.,"Twanoh State Park sits at the southern hook of Hood Canal where the waterway narrows and its sheltered position produces the warmest saltwater temperatures in Washington State, regularly reaching 70°F in July and August. The surrounding Union and Hood Canal area has been a shellfish harvesting destination for the Skokomish Tribe for millennia, and productive clam and oyster beds remain one of the canal's defining ecological features. The park's Twanoh Creek corridor supports winter steelhead and chum salmon runs, and old-growth forest in the upper watershed provides critical habitat for the northern spotted owl, still present in the foothills of the Olympic Peninsula.",true,true,true,true,true,false,false,Flush toilets,true,true,true,"Flush toilets, showers, and drinking water are all on site. Fire pits are listed as available; check current fire restrictions with the operator.","Union, WA",10,5,5,50,15,"Sites near the saltwater swim beach (1–20) are the most popular — the shallow, calm Hood Canal water here warms up quickly and is ideal for families. Hookup sites are available in the interior loop. The evening is exceptionally calm on the canal — kayak or paddleboard at dusk for a memorable experience. The small park rarely fills outside holiday weekends.","https://www.google.com/maps?q=47.377423,-122.9746434",/assets/images/svg/twanoh-state-park.svg,yes,"The 2026 construction closure applies to day-use facilities, not the campground. The map pin and directions use the named campground point.",https://parks.wa.gov/find-parks/state-parks/twanoh-state-park,2026-09-07,47.377423,-122.9746434,"Google Maps named Twanoh State Park Campground point, corroborated by the official campground map and park address",2026-09-07,named campground point,77.4,86,"Seattle, Washington","https://www.google.com/maps/dir/?api=1&origin=Seattle%2C%20Washington&destination=47.377423,-122.9746434&travelmode=driving",2026-09-07,Fastest normal I-5 and Tacoma Narrows route at review time; public estimate rounds up for traffic variation.
Belfair State Park,belfair-state-park,2026-09-07,twanoh-state-park;jarrell-cove-state-park;penrose-point-state-park;potlatch-state-park,,,,false,true,,,,https://westcoastrvcamping.com/assets/images/topo/belfair-state-park.jpg,,"Year-round Hood Canal campground with standard and full-hookup sites, tidal wetlands, a swimming beach, showers, and a trailer dump.",State Park,"Primitive, standard, and full-hookup sites reservable year-round; Tree Loop open May 15–September 15",https://parks.wa.gov/find-parks/state-parks/belfair-state-park,"Belfair State Park offers primitive, standard, and full-hookup camping beside Hood Canal, with showers, drinking water, and a trailer dump. Campsites are reservable year-round, while Tree Loop is available May 15 through September 15 and cannot accommodate trailers or motorhomes longer than 18 feet. Other loops have different site dimensions, so this listing does not publish one park-wide maximum or campground total. Check current health advisories before harvesting shellfish; Hood Canal was under a paralytic shellfish poisoning closure when this record was reviewed.",~1 hr 30 min from Seattle,1-2hrs,90,"3151 NE State Route 300, Belfair, WA 98528",,,1,Gravel,3,true,1,1,"Sheltered saltwater beach swimming
Beachcombing and tide pool exploration
Fishing for salmon and bottomfish in Hood Canal
Kayaking from park beach
Hiking shoreline trail
Belfair town shopping and dining (1 mi)",Year-round full-hookup camping with protected beach swimming and walkable town access.,"Belfair State Park anchors the far southern end of Hood Canal where the waterway becomes a shallow, estuary-like environment critical for juvenile salmon rearing and Pacific Dungeness crab. The park's saltwater shoreline fronts one of Hood Canal's most productive shellfish harvesting beaches, with butter clams, littleneck clams, and oysters accessible at low tide under seasonal Department of Fish & Wildlife regulations. The surrounding South Hood Canal watershed connects to the Tahuya State Forest, a 24,000-acre multiple-use forest that provides one of the largest contiguous blocks of forested habitat on the Kitsap Peninsula.",true,true,true,true,true,false,false,Flush toilets,true,true,true,"Flush toilets, showers, and drinking water are all on site. Fire pits are listed as available; check current fire restrictions with the operator.","Belfair, WA",12,2,2,35,15,"Lower sites near the shoreline are best for families with young children — the water here is the shallowest and warmest on Hood Canal, ideal for toddlers. Upper hookup loop sites are better for extended stays. The sandy swim area near sites 1–15 is the park's main attraction. Check WDFW shellfish advisories before harvesting from the tidelands. Combine with Twanoh (10 mi) for a Hood Canal loop trip.","https://www.google.com/maps?q=47.4289813,-122.8778593",/assets/images/svg/belfair-state-park.svg,yes,Equipment limits vary by loop and site. Tree Loop is limited to 18 feet; select the specific campsite using the reservation system's equipment limit.,https://parks.wa.gov/find-parks/state-parks/belfair-state-park,2026-09-07,47.4289813,-122.8778593,Google Maps exact named park destination matched to the current Washington State Parks address and campground map,2026-09-07,park entrance/address point,71.5,79,"Seattle, Washington","https://www.google.com/maps/dir/?api=1&origin=Seattle%2C%20Washington&destination=47.4289813,-122.8778593&travelmode=driving",2026-09-07,Fastest normal I-5 and Tacoma Narrows route at review time; public estimate rounds up for traffic variation.
Jarrell Cove State Park,jarrell-cove-state-park,2026-09-07,penrose-point-state-park;twanoh-state-park;belfair-state-park;big-creek-campground,,,,false,true,,,,https://westcoastrvcamping.com/assets/images/topo/jarrell-cove-state-park.jpg,,"Harstine Island park with 10 standard and 2 partial-hookup vehicle campsites, showers, forest trails, and protected saltwater moorage.",State Park,"Sites 5–7 and marine site MT22 first-come; all other campsites reservable, most year-round",https://parks.wa.gov/find-parks/state-parks/jarrell-cove-state-park,"Jarrell Cove State Park is reached by road across the Harstine Island bridge or by boat. The current park page lists 10 standard vehicle campsites, two partial-hookup sites, and one Cascadia Marine Trail site reserved for travelers arriving by wind- or human-powered watercraft. Standard sites 5, 6, and 7 and the marine site are first-come; the other campsites are generally reservable year-round. Restrooms and showers are available. The pumpout serves boats at the cove; the park does not list a trailer dump for RVs.",~1 hr 45 min from Seattle,1-2hrs,105,"391 E Wingert Road, Shelton, WA 98584",12,,2,Gravel,2,false,1,2,"Forested shoreline trail around cove
Kayaking and boating on Case Inlet
Fishing in Pickering Passage
Tide pool and beach exploration
Wildlife watching (seals, eagles, waterfowl)
Picnicking on Puget Sound cove","Secluded island park with free showers, Puget Sound boating, and forested trails.","Jarrell Cove State Park occupies a quiet forested cove on Harstine Island in southern Puget Sound, where the island's undeveloped interior and protected marine shoreline preserve habitat typical of the Sound's once-widespread island ecosystems. The surrounding Case Inlet and Pickering Passage waters provide important habitat for harbor seals, river otters, and the Dungeness crab harvest that has sustained tribal and commercial fishing in southern Puget Sound for generations. Harstine Island's low development intensity makes Jarrell Cove one of the quietest and most ecologically intact state park settings remaining in Puget Sound, with osprey nesting in tall snags visible from the moorage float throughout summer.",true,true,false,true,true,true,false,Flush toilets,true,true,true,"Flush toilets, showers, and drinking water are all on site. Fire pits are listed as available; check current fire restrictions with the operator.","Shelton, WA",12,12,12,35,15,This small park has an intimate cove setting — every site feels close to the water. Sites 1–10 nearest the cove shoreline are the nicest. Moorage buoys in the cove make this a favourite with boaters; expect boat traffic from morning. Very quiet on weeknights — one of the least crowded good parks in Puget Sound. The forested loop trail around the cove is a pleasant evening stroll from camp.,"https://www.google.com/maps?q=47.2850253,-122.8833949",/assets/images/svg/jarrell-cove-state-park.svg,yes,"The park page does not publish a park-wide RV length. Confirm the individual site's dimensions; the listed pumpout is a marine facility, not an RV trailer dump.",https://parks.wa.gov/find-parks/state-parks/jarrell-cove-state-park,2026-09-07,47.2850253,-122.8833949,Google Maps exact named park destination matched to the Washington State Parks address and published locate point,2026-09-07,park entrance/address point,82.8,100,"Seattle, Washington","https://www.google.com/maps/dir/?api=1&origin=Seattle%2C%20Washington&destination=47.2850253,-122.8833949&travelmode=driving",2026-09-07,Fastest normal I-5 route at review time; public estimate rounds up for traffic variation.
Penrose Point State Park,penrose-point-state-park,2026-09-07,jarrell-cove-state-park;belfair-state-park;twanoh-state-park;dash-point-state-park,,,,false,true,,,,https://westcoastrvcamping.com/assets/images/topo/penrose-point-state-park.jpg,,"Key Peninsula marine park with 82 standard campsites, a 35-foot equipment limit, forest trails, and Puget Sound shoreline; no hookups.",State Park,Reservable for May 15–September 15 arrivals; unreserved sites are first-come. Check the current winter schedule outside the main season,https://parks.wa.gov/find-parks/state-parks/penrose-point-state-park,"Penrose Point State Park occupies a forested point between Mayo Cove and Carr Inlet on the Key Peninsula. The campground has 82 standard campsites without hookups, plus separate hiker/biker and Cascadia Marine Trail sites. Washington State Parks lists a 35-foot equipment limit, showers, drinking water, and a trailer dump. Showers operate May 15 through October 1. Shellfish harvesting is closed for 2026, and the park's marine pumpout is no longer in service; check current advisories before planning water activities.",~1 hr 15 min from Seattle,1-2hrs,75,"321 158th Avenue SW, Lakebay, WA 98349",82,35,2,Gravel,0,true,1,1,"Deadman's Cove Trail (2 mi easy loop)
Saltwater swimming in sheltered cove
Kayaking and fishing on Puget Sound
Tide pool and beachcombing
Picknicking on bluff overlooking water
Hiking old-growth forest trails","Forested cove camping with saltwater swimming, tide pools, and old-growth forest trails.","Penrose Point lies between Mayo Cove and Carr Inlet on southern Puget Sound. Forest trails reach beaches and tidal shoreline used for paddling, wildlife viewing, and beach exploration. Shellfish harvesting is closed for 2026; consult the park alert and Washington health advisories before harvesting.",true,true,true,true,true,false,false,Flush toilets,true,true,true,"Flush toilets, showers, and drinking water are all on site. Fire pits are listed as available; check current fire restrictions with the operator.","Lakebay, WA",5,5,8,30,15,"Driftwood Loop sites closest to the beach fill first and offer the best tidal flat access — excellent for shellfish harvesting at low tide. Maple Loop sites are shadier, more private, and better for hot summer days. Sites 14–30 are the most level for RVs. The long waterfront walkway makes this a great evening stroll park. The shallow bay in front of camp drains significantly at low tide — worth checking tide charts.","https://www.google.com/maps?q=47.2587227,-122.745121",/assets/images/svg/penrose-point-state-park.svg,yes,Roads within the campground are narrow and winding. Most vehicle sites provide about 35 feet of parking space; confirm the selected site's equipment limit.,https://parks.wa.gov/find-parks/state-parks/penrose-point-state-park,2026-09-07,47.2587227,-122.745121,Google Maps exact named park destination matched to the current Washington State Parks address and published locate point,2026-09-07,park entrance/address point,63.6,69,"Seattle, Washington","https://www.google.com/maps/dir/?api=1&origin=Seattle%2C%20Washington&destination=47.2587227,-122.745121&travelmode=driving",2026-09-07,Fastest normal I-5 and Tacoma Narrows route at review time; public estimate rounds up for traffic variation.
Illahee State Park,illahee-state-park,2026-09-07,seal-rock-campground;belfair-state-park;saltwater-state-park;dash-point-state-park,,,,false,true,,,,https://westcoastrvcamping.com/assets/images/topo/illahee-state-park.jpg,,"Year-round Bremerton marine park with 23 standard campsites and one full-hookup site, showers, a trailer dump, and Port Orchard Bay access.",State Park,Campsites reservable year-round; unreserved sites may be available first-come,https://parks.wa.gov/find-parks/state-parks/illahee-state-park,"Illahee State Park is a wooded marine park on Port Orchard Bay near Bremerton. Its campground has 23 standard campsites and one full-hookup site, with limited availability for equipment up to 40 feet. Washington State Parks lists showers, drinking water, a trailer dump, a boat launch, and year-round campsite reservations. The Beach Trail is closed until further notice; other park areas remain subject to current alerts.",~1 hr 15 min from Seattle,1-2hrs,75,"3540 NE Sylvan Way, Bremerton, WA 98310",24,40,1,Gravel,3,true,1,2,"Scuba diving on Port Orchard Bay
Fishing for bottomfish and salmon
Volleyball, horseshoes, and softball
Children's playground
Kayaking and boat launch access
Ferry day trip to Seattle or Bainbridge","Year-round marine park with scuba diving, fishing, and Bremerton's ferry access to Seattle.","Illahee State Park protects wooded shoreline on Port Orchard Bay. Visitors use the beach and pier for fishing, paddling, wildlife viewing, and scuba access; check current park alerts because the Beach Trail is closed until further notice.",false,true,false,true,false,true,true,Flush toilets,true,true,true,"Flush toilets, showers, and drinking water are all on site. Fire pits are listed as available; check current fire restrictions with the operator.","Bremerton, WA",20,3,3,15,4,Sites 1–15 nearest the pier and Puget Sound beach are the most scenic and fill first. Upper sites have more privacy from dense vegetation. The 349-foot pier is excellent for crabbing and bottomfish; bring crab rings and a cooler. Port Orchard Bay views from the upper sites are lovely at sunset. The park is small enough that no site is far from the waterfront.,"https://www.google.com/maps?q=47.5973588,-122.5974215",/assets/images/svg/illahee-state-park.svg,yes,Seattle drive time uses the no-ferry route through Tacoma for a stable towing estimate. The Beach Trail is closed until further notice.,https://parks.wa.gov/find-parks/state-parks/illahee-state-park,2026-09-07,47.5973588,-122.5974215,Google Maps exact named park destination matched to the current Washington State Parks address and published locate point,2026-09-07,park entrance/address point,68.4,73,"Seattle, Washington","https://www.google.com/maps/dir/?api=1&origin=Seattle%2C%20Washington&destination=47.5973588,-122.5974215&travelmode=driving",2026-09-07,"Uses the no-ferry I-5 and Tacoma Narrows route for a stable towing estimate; ferry options vary with fare, queue, and sailing time."
Saltwater State Park,saltwater-state-park,2026-09-07,dash-point-state-park;illahee-state-park;penrose-point-state-park;tall-chief-rv-park-campground,,,,false,true,,,,https://westcoastrvcamping.com/assets/images/topo/saltwater-state-park.jpg,,"Puget Sound day-use park near Des Moines with beach, trails, and an underwater artificial reef; the campground is currently closed with reopening still to be determined.",State Park,Closed while flood and erosion projects and the future camping configuration are under review; reopening TBD,https://parks.wa.gov/find-parks/state-parks/saltwater-state-park,"Saltwater State Park provides beach, trail, picnic, and diving access on Puget Sound between Seattle and Tacoma. Its campground is currently closed because of projects addressing flooding and erosion. Washington State Parks is reevaluating the future camping configuration and has not announced a reopening date. Older campground counts and RV limits are therefore omitted until the operator publishes a current plan. The park remains useful for day visits, including shore access and the underwater artificial reef, subject to posted closures and conditions.",~30 min from Seattle,under-1hr,30,"25205 8th Place S, Des Moines, WA 98198",,,2,Mixed,0,false,1,0,"Puget Sound beach exploration
Scuba diving at the underwater artificial reef
Park trails
Saltwater fishing
Picnicking with bay views",Closest camping to Seattle with a unique scuba diving reef and Puget Sound beach.,"Saltwater State Park preserves a pocket of Puget Sound shoreline and a small creek corridor in an urban area. Day-use visitors can explore the beach, walk park trails, and access the underwater artificial reef when conditions and posted rules allow.",false,true,false,false,true,false,true,Flush toilets,false,true,true,"Day-use facilities may remain available, but campground amenities are unavailable while the campground is closed. Check the current park page before visiting.","Des Moines, WA",15,2,2,20,5,Overnight camping is not currently available. Use the official park page for project updates and visit only for currently open day-use activities.,"https://www.google.com/maps?q=47.3758089,-122.3231043",/assets/images/svg/saltwater-state-park.svg,unknown,Do not plan an overnight stay: Washington State Parks currently lists the campground as closed and has not published a reopening date.,https://parks.wa.gov/find-parks/state-parks/saltwater-state-park,2026-09-07,47.3758089,-122.3231043,Google Maps exact named park destination matched to the current Washington State Parks address and published locate point,2026-09-07,park entrance/address point,19.4,24,"Seattle, Washington","https://www.google.com/maps/dir/?api=1&origin=Seattle%2C%20Washington&destination=47.3758089,-122.3231043&travelmode=driving",2026-09-07,Fastest normal I-5 route at review time; public estimate rounds up for traffic variation.
Dash Point State Park,dash-point-state-park,2026-09-07,saltwater-state-park;penrose-point-state-park;illahee-state-park;jarrell-cove-state-park,,,,false,true,,,,https://westcoastrvcamping.com/assets/images/topo/dash-point-state-park.jpg,,"Year-round Puget Sound campground with 111 standard and 27 utility sites, showers, a trailer dump, forest trails, and a 32-foot equipment limit.",State Park,Campsites reservable year-round; unreserved sites may be available first-come,https://parks.wa.gov/find-parks/state-parks/dash-point-state-park,"Dash Point State Park combines a broad Puget Sound beach with forest trails between Federal Way and Tacoma. The official campground brochure identifies 111 standard campsites and 27 utility sites. Washington State Parks currently lists standard and utility camping, showers, drinking water, a trailer dump, and limited availability for equipment up to 32 feet. Campsites can be reserved year-round. The reviewed map pin points to the campground rather than the park's general day-use location.",~45 min from Seattle,under-1hr,45,"5700 SW Dash Point Road, Federal Way, WA 98023",138,32,3,Mixed,2,true,1,0,"Hiking forested bluff trails (several loops)
Puget Sound beach walk and tide pooling
Fishing from park beach
Wildlife watching (eagles, seals)
Picnicking with water views
Mt. Rainier views on clear days",Affordable beach camping with forest trails just 40 minutes from downtown Seattle.,Dash Point State Park includes Puget Sound beach and a wooded trail system between Federal Way and Tacoma. Low tides expose a broad intertidal area; visitors should consult tide tables and current park notices before beach activities.,true,true,false,false,true,false,false,Flush toilets,true,true,true,"Flush toilets and drinking water are available, but no showers on site. Fire pits are listed as available; check current fire restrictions with the operator.","Federal Way, WA",15,2,3,15,3,The Forest Loop (sites 1–60) is deeply shaded by second-growth firs — the best option for hot summer days. Beach Loop sites (61–100) are closer to the Puget Sound shoreline and excellent for sunset watching. Hookup sites in Loops C and D are well-spaced. Surprisingly peaceful given the Tacoma metro location — mature forest buffers traffic noise effectively. The beach walk at low tide stretches for miles.,"https://www.google.com/maps?q=47.3164828,-122.4089008",/assets/images/svg/dash-point-state-park.svg,yes,Internal roads and individual pads vary; confirm the selected site's dimensions. Directions end at the named campground point.,https://parks.wa.gov/find-parks/state-parks/dash-point-state-park,2026-09-07,47.3164828,-122.4089008,"Google Maps named Dash Point State Park Campground point, corroborated by the official campground map and park address",2026-09-07,named campground point,27.3,37,"Seattle, Washington","https://www.google.com/maps/dir/?api=1&origin=Seattle%2C%20Washington&destination=47.3164828,-122.4089008&travelmode=driving",2026-09-07,Fastest normal I-5 route at review time; public estimate rounds up for traffic variation.
Schafer State Park,schafer-state-park,2026-09-07,coho-campground;staircase-campground;big-creek-campground;twanoh-state-park,,,,false,true,,,,https://westcoastrvcamping.com/assets/images/topo/schafer-state-park.jpg,,"Seasonal Satsop River campground with 68 numbered vehicle sites, including 34 partial-hookup sites, plus showers, a trailer dump, and a 40-foot limit.",State Park,Generally reservable for May 15–September 15 arrivals; check the current winter schedule outside the main season,https://parks.wa.gov/find-parks/state-parks/schafer-state-park,"Schafer State Park sits along the East Fork Satsop River west of Elma. The official campground map shows 68 numbered vehicle campsites, with 34 partial-hookup sites, plus separate walk-in and primitive camping. Washington State Parks lists showers, drinking water, a trailer dump, and an equipment limit of 40 feet. Camping is generally reservable during the main May 15 through September 15 season; check the current winter schedule and river conditions before traveling.",~1 hr 45 min from Seattle,1-2hrs,105,"1365 W Schafer Park Road, Elma, WA 98541",68,40,1,Paved,2,true,1,1,"Steelhead and salmon fishing (seasonal)
Forest River Trail hike (2 mi)
Satsop River swimming and wading
Picknicking along riverbank
Kid-friendly creek exploration
Nature photography in river forest",Paved RV pads on an exceptional steelhead river with forested trails in a secluded Grays Harbor setting.,"Schafer State Park protects forest and riverbank along the East Fork Satsop River. Fishing, paddling, and swimming conditions change with season and flow; verify current regulations and water conditions before entering the river.",true,true,true,false,false,false,false,Flush toilets,true,true,true,"Flush toilets, showers, and drinking water are all on site. Fire pits are listed as available; check current fire restrictions with the operator.","Elma, WA",30,12,12,45,20,"This quiet gem on the East Fork Satsop River is a good fallback when coastal parks are full. Riverside sites 1–20 are the nicest — the river is clear, cold, and excellent for swimming in July and August. Sites 30+ in the upper loop are more forested and private. The park sees far less traffic than destination parks — weekday availability is almost always good even in peak summer.","https://www.google.com/maps?q=47.0975793,-123.4661956",/assets/images/svg/schafer-state-park.svg,yes,The 68-site total counts numbered vehicle sites; four walk-in sites and one primitive site are separate. Confirm the individual pad length when booking.,https://parks.wa.gov/find-parks/state-parks/schafer-state-park,2026-09-07,47.0975793,-123.4661956,Google Maps exact named park destination matched to the current Washington State Parks address and published locate point,2026-09-07,park entrance/address point,101,100,"Seattle, Washington","https://www.google.com/maps/dir/?api=1&origin=Seattle%2C%20Washington&destination=47.0975793,-123.4661956&travelmode=driving",2026-09-07,"Fastest normal I-5, US 101, and WA 8 route at review time; public estimate rounds up for traffic variation."
Rainbow Falls State Park,rainbow-falls-state-park,2026-09-07,lewis-and-clark-state-park;millersylvania-state-park;american-heritage-campground;seaquest-state-park,,,,false,true,,,,https://westcoastrvcamping.com/assets/images/topo/rainbow-falls-state-park.jpg,,"Chehalis River campground with 40 standard and eight partial-hookup vehicle sites, showers, a trailer dump, and access to the Willapa Hills Trail.",State Park,Generally reservable for May 15–September 15 arrivals; check the current winter schedule outside the main season,https://parks.wa.gov/find-parks/state-parks/rainbow-falls-state-park,"Rainbow Falls State Park is a wooded campground on the Chehalis River west of Chehalis. The current park page lists 40 standard campsites and eight partial-hookup sites, plus separate hiker/biker and equestrian sites. Equipment up to 60 feet has limited availability. Showers and drinking water are listed, and the official campground map identifies a trailer dump. The park also connects with the Willapa Hills Trail. A kitchen shelter is closed through December 2026; the campground itself remains subject to the normal reservation and winter schedules.",~1 hr 45 min from Seattle,1-2hrs,105,"633 Leudinghaus Road, Chehalis, WA 98532",48,60,1,Gravel,2,true,1,1,"Willapa Hills Trail biking and hiking (56-mile trail)
Chehalis River swimming and wading
Fishing for steelhead and salmon
Picknicking along riverbank
Birdwatching in riparian forest
Nature walk through old-growth cedar grove",River camping with direct access to the 56-mile Willapa Hills rails-to-trails corridor.,Rainbow Falls State Park includes riverbank forest on the Chehalis River and access to the Willapa Hills Trail. River levels and swimming conditions vary; check current park alerts and fishing regulations before a visit.,true,true,true,false,false,false,false,Flush toilets,true,true,true,"Flush toilets, showers, and drinking water are all on site. Fire pits are listed as available; check current fire restrictions with the operator.","Chehalis, WA",20,15,15,50,20,Sites along the Chehalis River (1–18) are the park highlight — the suspension bridge and falls are a 5-minute walk. Sites 19–35 are in a quieter forest setting. Very uncrowded compared to coastal parks; last-minute summer bookings are often possible. Excellent for kids who want to explore the river shallows and waterfall. A great off-the-beaten-path option in southwestern Washington.,"https://www.google.com/maps?q=46.634344,-123.2340902",/assets/images/svg/rainbow-falls-state-park.svg,yes,"The 48-site total counts vehicle campsites; hiker/biker and equestrian sites are separate. A kitchen shelter, not the campground, is closed through December 2026.",https://parks.wa.gov/find-parks/state-parks/rainbow-falls-state-park,2026-09-07,46.634344,-123.2340902,Google Maps exact named park destination matched to the current Washington State Parks address and published locate point,2026-09-07,park entrance/address point,106,102,"Seattle, Washington","https://www.google.com/maps/dir/?api=1&origin=Seattle%2C%20Washington&destination=46.634344,-123.2340902&travelmode=driving",2026-09-07,Fastest normal I-5 and WA 6 route at review time; public estimate rounds up for traffic variation.
Lewis and Clark State Park,lewis-and-clark-state-park,2026-09-07,ike-kinswa-state-park;seaquest-state-park;rainbow-falls-state-park;millersylvania-state-park,,,,false,true,,,,https://westcoastrvcamping.com/assets/images/topo/lewis-and-clark-state-park.jpg,,"Seasonal old-growth forest campground near Winlock with 24 standard and eight full-hookup vehicle sites, showers, and trails; main campground closed in winter.",State Park,"Main campground closed October 1, 2026–May 1, 2027; reserve during the operating season and verify current dates",https://parks.wa.gov/find-parks/state-parks/lewis-clark-state-park,"Lewis and Clark State Park protects lowland forest along the I-5 corridor near Winlock. The current official brochure identifies 24 standard campsites and eight full-hookup back-in sites, for 32 vehicle campsites, plus separate hiker/biker and equestrian sites. Showers and drinking water are available. The official material does not publish a dependable park-wide RV length or list an RV trailer dump, so those details are omitted. The main campground closes for winter; the posted 2026–27 closure runs October 1 through May 1.",~1 hr 45 min from Seattle,1-2hrs,105,"4583 Jackson Highway, Winlock, WA 98596",32,,1,Gravel,3,false,1,2,"Old-growth forest trail system (several loops)
Creek and stream exploration
Wetland wildlife watching
Picknicking in ancient forest glades
Bird watching in old-growth canopy
Mt. St. Helens day trip (1 hr south)",Camp among ancient old-growth giants — one of the last major stands of lowland forest in Washington.,"Lewis and Clark State Park protects a mature lowland forest with trails through Douglas fir, western red cedar, and wetland areas. The campground is seasonal, so consult the current winter schedule before traveling.",true,false,false,false,false,false,false,Flush toilets,true,true,true,"Flush toilets, showers, and drinking water are all on site. Fire pits are listed as available; check current fire restrictions with the operator.","Chehalis, WA",20,10,10,50,12,"Sites 1–12 in the old-growth loop are among the most impressive in any WA state park — massive Douglas firs 200+ years old provide full canopy cover. Book these first. Sites 13–25 in the secondary loop are in younger forest and more open. No hookups are available. This small, beautiful park fills on summer weekends — arrive by Thursday. The old-growth trail loop is a must-do even if you're not camping.","https://www.google.com/maps?q=46.5220699,-122.8143062",/assets/images/svg/lewis-and-clark-state-park.svg,yes,The park does not publish one current park-wide RV length. Confirm the selected campsite's dimensions; hiker/biker and equestrian sites are not included in the 32-site vehicle total.,https://parks.wa.gov/find-parks/state-parks/lewis-clark-state-park,2026-09-07,46.5220699,-122.8143062,Google Maps exact named park destination matched to the current Washington State Parks address and official campground brochure,2026-09-07,park entrance/address point,102,95,"Seattle, Washington","https://www.google.com/maps/dir/?api=1&origin=Seattle%2C%20Washington&destination=46.5220699,-122.8143062&travelmode=driving",2026-09-07,Fastest normal I-5 route at review time; public estimate rounds up for traffic variation.
Seaquest State Park,seaquest-state-park,2026-09-07,lewis-and-clark-state-park;rainbow-falls-state-park;ike-kinswa-state-park;battle-ground-lake-state-park,,,,false,true,,,,https://westcoastrvcamping.com/assets/images/topo/seaquest-state-park.jpg,,"Year-round Mount St. Helens base camp with 52 standard, 18 partial-hookup, and 15 full-hookup vehicle sites, showers, and a trailer dump.",State Park,Campsites reservable year-round; unreserved sites may be available first-come,https://parks.wa.gov/find-parks/state-parks/seaquest-state-park,"Seaquest State Park provides a wooded, year-round base near Silver Lake and the Mount St. Helens Visitor Center. A pedestrian tunnel connects the park side of Spirit Lake Highway with the visitor-center area. The campground has 52 standard campsites, 18 partial-hookup sites, and 15 full-hookup sites, for 85 vehicle campsites. Washington State Parks lists showers, drinking water, a trailer dump, and limited availability for equipment up to 50 feet. Campsites can be reserved year-round.",~2 hr from Seattle,2-3hrs,120,"3030 Spirit Lake Highway, Castle Rock, WA 98611",85,50,1,Gravel,3,true,1,1,"Mt. St. Helens Visitor Center via park tunnel
Silver Lake kayaking and fishing (across highway)
Hiking in Mount St. Helens National Volcanic Monument
Castle Rock Exhibit Hall geology displays
Wildlife viewing in forest and lake areas
Johnston Ridge Observatory day trip (50 miles)",Full-hookup camping steps from Mt. St. Helens Visitor Center with Silver Lake access.,Seaquest State Park sits beside Silver Lake near the Mount St. Helens Visitor Center. The park is a practical starting point for learning about the 1980 eruption and for exploring currently open destinations along Spirit Lake Highway; check road and monument conditions before longer day trips.,true,true,false,true,false,false,false,Flush toilets,true,true,true,"Flush toilets and drinking water are available, but no showers on site. Fire pits are listed as available; check current fire restrictions with the operator.","Castle Rock, WA",22,5,5,50,15,Sites on the Silver Lake loop (1–30) are best for lake access and fishing. Hookup sites in the upper loops are well-equipped for extended stays. The park's location directly across from the Mt St Helens Johnston Ridge Observatory Visitor Centre (free day-use access) is the major draw. Sites 1–15 nearest Hwy 504 can have some road noise; request an upper loop site for quiet nights.,"https://www.google.com/maps?q=46.2995111,-122.8196627",/assets/images/svg/seaquest-state-park.svg,yes,The campground offers three utility levels. Confirm the selected site's hookup type and dimensions when booking.,https://parks.wa.gov/find-parks/state-parks/seaquest-state-park,2026-09-07,46.2995111,-122.8196627,Google Maps exact named park destination matched to the current Washington State Parks address and published locate point,2026-09-07,park entrance/address point,122,113,"Seattle, Washington","https://www.google.com/maps/dir/?api=1&origin=Seattle%2C%20Washington&destination=46.2995111,-122.8196627&travelmode=driving",2026-09-07,Fastest normal I-5 route at review time; public estimate rounds up for traffic variation.
Battle Ground Lake State Park,battle-ground-lake-state-park,2026-09-07,beacon-rock-state-park;seaquest-state-park;lower-falls-campground;peterson-prairie-campground,,,,false,true,,,,https://westcoastrvcamping.com/assets/images/topo/battle-ground-lake-state-park.jpg,https://cdn.prod.website-files.com/698901ff108bba02ee79b263/699940e264682d28468f4759_battle-ground-lake-state-park.jpg,"Year-round forest and lake campground near Vancouver with 25 standard and six partial-hookup vehicle sites, showers, a trailer dump, and a 35-foot limit.",State Park,Campsites reservable year-round; unreserved sites may be available first-come,https://parks.wa.gov/find-parks/state-parks/battle-ground-lake-state-park,"Battle Ground Lake State Park surrounds a small lake north of Vancouver. The official campground brochure identifies 25 standard vehicle campsites and six utility sites, for 31 vehicle campsites, plus separate primitive hike-in sites. Washington State Parks currently lists standard, partial-hookup, and primitive camping, showers, drinking water, a trailer dump, and limited availability for equipment up to 35 feet. Campsites can be reserved year-round.",~2 hr 45 min from Seattle,2-3hrs,165,"18002 NE 249th Street, Battle Ground, WA 98604",31,35,1,Gravel,2,true,1,2,"Battle Ground Lake Loop Trail (5 mi)
Mountain biking trail system (10+ mi)
Lake swimming and fishing for trout
Boating and kayaking on crater lake
Picknicking along lakeshore
Exploring volcanic crater geology","Year-round crater lake camping with a 5-mile loop trail, trout fishing, and mountain biking.","Battle Ground Lake State Park centers on a small lake surrounded by forest and trails. Visitors use the lake for swimming, paddling, and seasonal fishing; consult current fishing rules, water conditions, and park alerts.",true,true,true,true,false,true,false,Flush toilets,true,true,true,"Flush toilets, showers, and drinking water are all on site. Fire pits are listed as available; check current fire restrictions with the operator.","Battle Ground, WA",20,2,3,20,8,Sites near the volcanic lake shore (1–15) fill first and offer the best swimming and fishing access. Loop B sites (16–35) are forested and quieter — better for those seeking shade on hot days. The warm lake is excellent for families with small children. Book well in advance for summer holiday weekends; this popular SW Washington park fills completely. The lake fishing for trout can be excellent in spring.,"https://www.google.com/maps?q=45.803864,-122.4907989",/assets/images/svg/battle-ground-lake-state-park.svg,yes,Primitive hike-in sites are not included in the 31-site vehicle total. A temporary closure affected NE Grace Avenue when the route was reviewed; follow current navigation near the park.,https://parks.wa.gov/find-parks/state-parks/battle-ground-lake-state-park,2026-09-07,45.803864,-122.4907989,Google Maps exact named park destination matched to the current Washington State Parks address and published locate point,2026-09-07,park entrance/address point,165,156,"Seattle, Washington","https://www.google.com/maps/dir/?api=1&origin=Seattle%2C%20Washington&destination=45.803864,-122.4907989&travelmode=driving",2026-09-07,Fastest route observed while NE Grace Avenue had a temporary closure; travelers should follow current navigation near Battle Ground.
Beacon Rock State Park,beacon-rock-state-park,2026-09-07,battle-ground-lake-state-park;peterson-prairie-campground;columbia-hills-historical-state-park;lower-falls-campground,,,,false,true,,,,https://westcoastrvcamping.com/assets/images/topo/beacon-rock-state-park.jpg,,Columbia River Gorge park with 32 vehicle campsites across Upper and Woodard Creek campgrounds; Woodard Creek has five full-hookup sites and a 40-foot limit.,State Park,Campgrounds are reservable during their operating season; Upper Campground closes in winter. Verify current dates before travel,https://parks.wa.gov/find-parks/state-parks/beacon-rock-state-park,"Beacon Rock State Park spans several areas on the Washington side of the Columbia River Gorge. The Upper Campground has 25 standard vehicle sites and one separate hiker/biker site. Woodard Creek Campground has two standard sites and five full-hookup sites, bringing the vehicle total to 32. Woodard Creek accommodates equipment up to 40 feet with a 12-foot-9-inch height limit. Showers are listed, but the park does not list an RV trailer dump. The reviewed directions end at Woodard Creek, the RV hookup campground; trailheads and the Upper Campground use different entrances.",~3 hr 15 min from Seattle,3-4hrs,195,"34841 State Route 14, Skamania, WA 98648",32,40,1,Gravel,3,false,1,2,"Beacon Rock Summit Trail (1.8 mi with 600 ft gain)
Hamilton Mountain Trail (8 mi with gorge views)
Columbia River fishing (salmon, steelhead)
Mountain biking on park trail system
Kayaking and boating on Columbia River
Bonneville Dam visitor center (3 mi)",Climb the iconic 848-foot Beacon Rock via a historic switchback trail with stunning gorge views.,"Beacon Rock State Park includes Beacon Rock, Hamilton Mountain, Columbia River shoreline, and multiple trailheads in the Columbia River Gorge. Trail, climbing, fire, and seasonal campground closures change independently, so check the current park alerts for the specific area you plan to use.",true,true,false,true,false,true,false,Flush toilets,true,true,true,"Flush toilets, showers, and drinking water are all on site. Fire pits are listed as available; check current fire restrictions with the operator.","North Bonneville, WA",20,2,10,50,15,"Sites 1–20 closest to Beacon Rock and the trailheads are most convenient. Upper loop sites (21–35) have more seclusion and tree cover. Columbia Gorge winds can be strong — bring extra tent stakes for any windward site. The Hamilton Mountain trail from camp is one of the best gorge hikes. The campground is a 5-minute walk from the Beacon Rock summit trail, one of the most dramatic 2-mile hikes in WA.","https://www.google.com/maps?q=45.6217388,-122.0214598",/assets/images/svg/beacon-rock-state-park.svg,yes,Directions end at Woodard Creek Campground. Its 40-foot equipment limit and 12-foot-9-inch height restriction do not describe every park entrance or campsite.,https://parks.wa.gov/find-parks/state-parks/beacon-rock-state-park,2026-09-07,45.6217388,-122.0214598,"Google Maps named Woodard Creek Campground point, corroborated by the Washington State Parks campground map",2026-09-07,named campground point,197,184,"Seattle, Washington","https://www.google.com/maps/dir/?api=1&origin=Seattle%2C%20Washington&destination=45.6217388,-122.0214598&travelmode=driving",2026-09-07,"Fastest normal I-5 and WA 14 route at review time; directions end at Woodard Creek Campground, the park's RV hookup loop."
Lake Easton State Park,lake-easton-state-park,2026-09-07,kachess-campground;salmon-la-sac-campground;denny-creek-campground;tinkham-campground,,,,false,true,,,,https://westcoastrvcamping.com/assets/images/topo/lake-easton-state-park.jpg,,"Cascade foothills park with 135 numbered vehicle campsites, full-hookup and non-hookup options, showers, a trailer dump, and Lake Easton access.",State Park,Reservable during the main season. Sites 94–135 close September 16–May 1; sites 1–93 close November 1–May 1 and are first-come October 16–31,https://parks.wa.gov/find-parks/state-parks/lake-easton-state-park,"Lake Easton State Park is a forested Cascade foothills campground beside Lake Easton and the Yakima River. The current campground map numbers 135 vehicle campsites, with both full-hookup and non-hookup options. Washington State Parks lists showers, drinking water, a trailer dump, and limited availability for equipment up to 60 feet. Seasonal loop closures vary, and winter camping moves to a designated day-use and boat-launch area when conditions allow.",~1 hr 15 min from Seattle,1-2hrs,75,"150 Lake Easton State Park Road, Easton, WA 98925",135,60,2,Mixed,3,true,2,2,"Lake Easton beach swimming and fishing
Kayaking and paddleboarding on the lake
Hiking and biking the Palouse to Cascades State Park Trail
Winter skiing and snowshoeing when conditions allow
Playground and picnic area
Scenic Cascade foothills driving",Convenient full-hookup stop between Seattle and eastern WA with mountain lake recreation and trail access.,"Lake Easton State Park lies beside Lake Easton and the Yakima River in the Cascade foothills. The Palouse to Cascades State Park Trail passes the park, and seasonal lake and snow activities depend on current water, fire, and winter conditions.",true,true,true,true,true,false,false,Flush toilets,true,true,true,"Flush toilets, showers, and drinking water are all on site. Fire pits are listed as available; check current fire restrictions with the operator.","Cle Elum, WA",45,2,20,52,15,"Choose by utility type and published pad length rather than loop alone. Sites 94–135 have a longer seasonal closure, and winter camping uses a designated day-use and boat-launch area with a Sno-Park permit.","https://www.google.com/maps?q=47.2455557,-121.2032477",/assets/images/svg/lake-easton-state-park.svg,yes,The park is open while staff monitor the Three Queens Fire and smoke conditions. Expect I-90 and rail noise; verify fire and winter alerts before travel.,https://parks.wa.gov/find-parks/state-parks/lake-easton-state-park,2026-09-07,47.2455557,-121.2032477,"Google Maps named Lake Easton State Park campground destination, corroborated by the official address and campground map",2026-09-07,named campground point,68.9,63,"Seattle, Washington","https://www.google.com/maps/dir/?api=1&origin=Seattle%2C%20Washington&destination=47.2455557,-121.2032477&travelmode=driving",2026-09-07,Fastest normal I-90 route at review time; public estimate rounds up for traffic and towing variation.
Ginkgo Petrified Forest State Park,ginkgo-petrified-forest-state-park,2026-09-07,potholes-state-park;yakima-sportsman-state-park;wenatchee-confluence-state-park;sunnyside-rv-park,,,,false,true,,,,https://westcoastrvcamping.com/assets/images/topo/ginkgo-petrified-forest-state-park.jpg,,"Columbia River campground at Wanapum Recreation Area with 50 full-hookup sites, showers, a swim beach, and nearby Ginkgo Petrified Forest interpretation.",State Park,Reservable April 16–October 15. Wanapum closes November 1–March 1; sites 1–31 are first-come March 1–April 15 and sites 32–49 open April 1,https://parks.wa.gov/find-parks/state-parks/ginkgo-petrified-forest-state-park,"Camping for Ginkgo Petrified Forest State Park is three miles away at Wanapum Recreation Area on the Columbia River. The official brochure identifies 50 reservable full-hookup campsites plus two separate hiker/biker sites. Washington State Parks lists showers, drinking water, a swim beach, and limited availability for equipment up to 60 feet. The current park page does not list a trailer dump, so the directory does not claim one. High winds and intense summer heat are common in this exposed shrub-steppe setting.",~2 hr 15 min from Seattle,2-3hrs,135,"4511 Huntzinger Road, Vantage, WA 98950",50,60,1,Paved,3,false,2,1,"Petrified Forest interpretive museum
Hiking to view ancient petrified tree specimens (1 mi)
Native American petroglyphs viewpoint
Columbia River boating and water skiing
Fishing on Wanapum Reservoir
Basalt canyon scenic photography","Camp beside the Columbia River at Wanapum, then visit the separate Ginkgo interpretive center and petrified-forest trails.",Wanapum Recreation Area provides Columbia River access in an exposed shrub-steppe landscape. Ginkgo Petrified Forest's interpretive center and trails are separate destinations nearby; check their current hours and access alerts before leaving camp.,true,true,false,false,false,true,false,Flush toilets,true,true,true,"Flush toilets, showers, and drinking water are all on site. Fire pits are listed as available; check current fire restrictions with the operator.","Vantage, WA",45,2,40,52,40,"Select a campsite at Wanapum Recreation Area. Expect limited shade, high winds, and very hot summer afternoons; secure awnings and lightweight gear.","https://www.google.com/maps?q=46.9021614,-119.9916355",/assets/images/svg/ginkgo-petrified-forest-state-park.svg,yes,"Directions end at Wanapum Recreation Area, the campground at 4511 Huntzinger Road, not the Ginkgo interpretive center or trail area.",https://parks.wa.gov/find-parks/state-parks/wanapum-recreation-area,2026-09-07,46.9021614,-119.9916355,"Google Maps named Wanapum Recreation Area campground destination, corroborated by the official address and campground brochure",2026-09-07,named campground point,135,120,"Seattle, Washington","https://www.google.com/maps/dir/?api=1&origin=Seattle%2C%20Washington&destination=46.9021614,-119.9916355&travelmode=driving",2026-09-07,"Fastest normal I-90 route at review time; directions end at Wanapum Recreation Area, where camping is located, rather than the Ginkgo interpretive center."
Potholes State Park,potholes-state-park,2026-09-07,ginkgo-petrified-forest-state-park;sun-lakes-dry-falls-state-park;sunnyside-rv-park;wenatchee-confluence-state-park,,,,false,true,,,,https://westcoastrvcamping.com/assets/images/topo/potholes-state-park.jpg,,"Potholes Reservoir park with 121 vehicle campsites, including 60 full-hookup sites, plus showers, a trailer dump, and a 50-foot equipment limit.",State Park,First-come November 1–February 29; reserve during the main season and verify current dates. Campground water is normally off October 24–April 1,https://parks.wa.gov/find-parks/state-parks/potholes-state-park,"Potholes State Park sits on Potholes Reservoir in the Columbia Basin. The official campground brochure lists 61 standard campsites and 60 full-hookup sites, for 121 vehicle campsites, plus separate cabins and hiker/biker sites. Washington State Parks lists showers, drinking water, a trailer dump, and a 50-foot equipment limit. Reservoir levels fluctuate substantially, and camping is allowed only in designated sites rather than beside the water.",~2 hr 45 min from Seattle,2-3hrs,165,"6762 Highway 262 East, Othello, WA 99344",121,50,1,Mixed,3,true,1,2,"Fishing for walleye, bass, crappie, and rainbow trout
Boating and water skiing on reservoir
Swimming and beach recreation
Jet skiing and water sports
Waterfowl and shorebird watching
Birdwatching at nearby Potholes Wildlife Area","Reservoir camping with full-hookup options, boating, fishing, swimming, and nearby shrub-steppe wildlife habitat.","Potholes State Park borders Potholes Reservoir and nearby wetland and shrub-steppe habitat. Water levels change substantially through the year, so shoreline access, boating conditions, and fishing plans should be checked close to travel.",false,true,true,false,true,true,false,Flush toilets,true,true,true,"Flush toilets, showers, and drinking water are all on site. Fire pits are listed as available; check current fire restrictions with the operator.","Moses Lake, WA",30,17,17,75,20,The 121-site total is 61 standard plus 60 full-hookup vehicle sites. Confirm the selected pad and check the current sewer alert for sites 12–16 before arrival.,"https://www.google.com/maps?q=46.98055267,-119.3417435",/assets/images/svg/potholes-state-park.svg,yes,"The official address is near Othello. A current sewer obstruction affects sites 12–16: greywater may be used there, but blackwater must go to the trailer dump by the welcome station.",https://parks.wa.gov/find-parks/state-parks/potholes-state-park,2026-09-07,46.98055267,-119.3417435,"Washington State Parks published locate point, matched to the official address and campground map",2026-09-07,park entrance/address point,173,160,"Seattle, Washington","https://www.google.com/maps/dir/?api=1&origin=Seattle%2C%20Washington&destination=46.98055267,-119.3417435&travelmode=driving",2026-09-07,Fastest normal I-90 and WA-26 route at review time; public estimate rounds up for traffic and towing variation.
Columbia Hills Historical State Park,columbia-hills-historical-state-park,2026-09-07,maryhill-state-park;peterson-prairie-campground;beacon-rock-state-park;brooks-memorial-state-park,,,,false,true,,,,https://westcoastrvcamping.com/assets/images/topo/columbia-hills-historical-state-park.jpg,,"Small Horsethief Lake campground with four standard and eight partial-hookup vehicle sites, showers, a trailer dump, and Columbia Gorge recreation.",State Park,Horsethief Lake campground closes November 1–March 31; first-come September 16–October 31 and April 1–May 14; reservable May 15–September 15,https://parks.wa.gov/find-parks/state-parks/columbia-hills-historical-state-park,"The Horsethief Lake area of Columbia Hills Historical State Park has four standard and eight partial-hookup vehicle campsites, for 12 vehicle sites, plus separate walk-in and hiker/biker sites. Washington State Parks lists showers, drinking water, and a trailer dump. The campground closes in winter. Cultural sites and rock art require respectful visitation, and access rules for guided areas should be checked with the park.",~4 hr from Seattle,4+ hrs,240,"8514 Lewis and Clark Highway, Lyle, WA 98617",12,,1,Gravel,2,true,2,1,"Native American petroglyphs and rock art tour
Horsethief Lake fishing and kayaking
Columbia River windsurfing and kiteboarding
Columbia River boat ramp access
Tomáth interpretive trail (petroglyphs, 1 mi)
Bald eagle and osprey watching","Ancient petroglyphs, Columbia Gorge windsurfing, and lakeside camping in a scenic river setting.","The Horsethief Lake campground sits within the Columbia River Gorge landscape of basalt cliffs, open grassland, and river shoreline. Rock-art areas have specific access and protection rules; use current park guidance for tours and trails.",true,true,false,true,false,true,false,Flush toilets,true,true,true,"Flush toilets, showers, and drinking water are all on site. Fire pits are listed as available; check current fire restrictions with the operator.","Lyle, WA",10,8,25,35,25,"Only 12 vehicle campsites are available: four standard and eight partial-hookup. The operator does not publish one current park-wide RV length, so confirm the selected site's dimensions.","https://www.google.com/maps?q=45.643000922418,-121.10343466333",/assets/images/svg/columbia-hills-historical-state-park.svg,yes,Directions end at the Horsethief Lake campground on Lewis and Clark Highway. The operator's seasonal schedule governs if a third-party map reports a conflicting status.,https://parks.wa.gov/find-parks/state-parks/columbia-hills-historical-state-park,2026-09-07,45.643000922418,-121.10343466333,"Washington State Parks published Horsethief Lake locate point, matched to the official campground address",2026-09-07,campground entrance/address point,238,230,"Seattle, Washington","https://www.google.com/maps/dir/?api=1&origin=Seattle%2C%20Washington&destination=45.643000922418,-121.10343466333&travelmode=driving",2026-09-07,Fastest normal I-90 route at review time; directions end at the Horsethief Lake campground. The official seasonal schedule governs if third-party map status differs.
Maryhill State Park,maryhill-state-park,2026-09-07,brooks-memorial-state-park;columbia-hills-historical-state-park;peterson-prairie-campground;takhlakh-lake-campground,,,,false,true,,,,https://westcoastrvcamping.com/assets/images/topo/maryhill-state-park.jpg,,"Columbia River campground with 71 numbered vehicle sites across primitive, standard, and full-hookup options, plus showers and a trailer dump.",State Park,Reservable during the main season. Sites 51–71 close October 31–March 15; camping is first-come November 1–March 15,https://parks.wa.gov/find-parks/state-parks/maryhill-state-park,"Maryhill State Park is a Columbia River campground near the US-97 bridge. The current campground map numbers 71 vehicle campsites across primitive, standard, and full-hookup options. Washington State Parks lists showers, drinking water, a trailer dump, and limited availability for equipment up to 60 feet. Goldendale Observatory and Maryhill Museum are separate nearby attractions with their own admission, hours, and reservation rules.",~3 hr 45 min from Seattle,3-4hrs,225,"50 Highway 97, Goldendale, WA 98620",71,60,2,Mixed,3,true,1,1,"Columbia River boating and fishing
Park shoreline and picnic areas
Goldendale Observatory visit with separate admission or reservation
Maryhill Museum of Art
Stonehenge Memorial
Columbia Gorge scenic driving","Columbia River camping near Goldendale Observatory, Maryhill Museum, and the Stonehenge memorial; each attraction has separate current visitor rules.","Maryhill State Park occupies Columbia River shoreline near the US-97 bridge. Nearby destinations include Goldendale Observatory, Maryhill Museum of Art, and the Stonehenge Memorial, each with independent hours, fees, and access rules.",true,true,false,false,false,true,false,Flush toilets,true,true,true,"Flush toilets, showers, and drinking water are all on site. Fire pits are listed as available; check current fire restrictions with the operator.","Goldendale, WA",18,12,12,30,18,Select by site type and published pad length. Sites 51–71 have a seasonal closure; winter facilities are limited. Goldendale Observatory admission is separate from camping.,"https://www.google.com/maps?q=45.682183,-120.833904",/assets/images/svg/maryhill-state-park.svg,yes,Winter water is limited to the entrance and trailer-dump area; campground restrooms close and portable toilets are supplied. Frequent rail noise is possible.,https://parks.wa.gov/find-parks/state-parks/maryhill-state-park,2026-09-07,45.682183,-120.833904,"Washington State Parks published locate point, matched to the official address and campground map",2026-09-07,park entrance/address point,224,217,"Seattle, Washington","https://www.google.com/maps/dir/?api=1&origin=Seattle%2C%20Washington&destination=45.682183,-120.833904&travelmode=driving",2026-09-07,Fastest normal I-90 and US-97 route at review time; public estimate rounds up for traffic and towing variation.
Brooks Memorial State Park,brooks-memorial-state-park,2026-09-07,maryhill-state-park;columbia-hills-historical-state-park;sunnyside-rv-park;yakima-sportsman-state-park,,,,false,true,,,,https://westcoastrvcamping.com/assets/images/topo/brooks-memorial-state-park.jpg,,"Seasonal forest campground near Goldendale with 35 numbered vehicle sites, full-hookup options, showers, a trailer dump, and nine miles of trails.",State Park,Closed November 1–April 15; first-come September 16–October 31 and April 16–May 14; reservable during the main season,https://parks.wa.gov/find-parks/state-parks/brooks-memorial-state-park,"Brooks Memorial State Park is a seasonal pine and fir campground on US-97 north of Goldendale. The current campground map numbers 35 vehicle campsites, with separate tent and wall-tent sites. Washington State Parks lists full-hookup camping, showers, drinking water, and a trailer dump. The operator does not publish one park-wide RV length, so travelers should confirm the selected site's dimensions. Highway noise is present, and several sites sit near overhead power lines.",~3 hr 15 min from Seattle,3-4hrs,195,"2465 Highway 97, Goldendale, WA 98620",35,,2,Mixed,3,true,1,1,"Park hiking trails
Disc golf
Picnicking in the forest
Wildlife watching
Goldendale Observatory visit with separate admission or reservation
Scenic drive toward the Columbia River","Cool mountain forest retreat with 9 miles of hiking, disc golf, and Goldendale Observatory stargazing.","Brooks Memorial State Park protects pine and fir forest in the Simcoe Mountains north of Goldendale. The park's trails, disc-golf area, and seasonal campground provide a cooler forest setting above the Columbia River corridor.",true,true,false,false,false,false,false,Flush toilets,true,true,true,"Flush toilets, showers, and drinking water are all on site. Fire pits are listed as available; check current fire restrictions with the operator.","Goldendale, WA",18,11,11,55,40,The 35-site total counts numbered vehicle campsites; tent and wall-tent sites are separate. Confirm the individual pad length because no current park-wide maximum is published.,"https://www.google.com/maps?q=45.950198,-120.665866",/assets/images/svg/brooks-memorial-state-park.svg,yes,Expect highway noise throughout the campground. Sites 8–10 and 16–18 are near overhead power lines; water at hookup sites is generally available mid-April through late October.,https://parks.wa.gov/find-parks/state-parks/brooks-memorial-state-park,2026-09-07,45.950198,-120.665866,"Washington State Parks published locate point, matched to the official address and campground map",2026-09-07,park entrance/address point,199,188,"Seattle, Washington","https://www.google.com/maps/dir/?api=1&origin=Seattle%2C%20Washington&destination=45.950198,-120.665866&travelmode=driving",2026-09-07,Fastest normal I-90 and US-97 route at review time; public estimate rounds up for traffic and towing variation.
Wenatchee Confluence State Park,wenatchee-confluence-state-park,2026-09-07,lincoln-rock-state-park;johnny-creek-campground;pine-village-koa-holiday;eightmile-campground,,,,false,true,,,,https://westcoastrvcamping.com/assets/images/topo/wenatchee-confluence-state-park.jpg,,"Year-round urban river campground with eight standard and 52 full-hookup sites, showers, a trailer dump, and Apple Capital Loop Trail access.",State Park,Reservable during the main season. Loop 2 is open year-round and first-come October 16–March 31; Loop 1 reopening depends on construction completion,https://parks.wa.gov/find-parks/state-parks/wenatchee-confluence-state-park,"Wenatchee Confluence State Park sits where the Wenatchee and Columbia rivers meet. The current park page lists eight standard campsites and 52 full-hookup sites, for 60 vehicle campsites. Washington State Parks lists showers, drinking water, a trailer dump, and limited availability for equipment up to 65 feet. The Apple Capital Loop Trail connects the park with the wider Wenatchee riverfront.",~2 hr 30 min from Seattle,2-3hrs,150,"333 Olds Station Road, Wenatchee, WA 98801",60,65,1,Mixed,3,true,1,2,"Riverfront biking and walking trail into Wenatchee
Wenatchee Valley Museum (2 mi)
Downtown Wenatchee shopping and dining
Fishing in Wenatchee and Columbia Rivers
Volleyball, basketball, and tennis courts
Apple country scenic drives in season",Full-hookup river camping with direct trail access and nearby Wenatchee services.,The park lies at the confluence of the Wenatchee and Columbia rivers and connects directly to the Apple Capital Loop Trail. Downtown services and other Wenatchee riverfront parks are close by.,true,true,false,false,false,false,false,Flush toilets,true,true,true,"Flush toilets, showers, and drinking water are all on site. Fire pits are listed as available; check current fire restrictions with the operator.","Wenatchee, WA",15,2,2,8,2,Choose by utility type and individual pad length. Loop 1 has a construction-dependent reopening; Loop 2 carries the year-round winter availability.,"https://www.google.com/maps?q=47.455,-120.3233",/assets/images/svg/wenatchee-confluence-state-park.svg,yes,Loop 1's reopening depends on construction completion. Winter water is available near the trailer dump and sites 34 and 36; verify current alerts before travel.,https://parks.wa.gov/find-parks/state-parks/wenatchee-confluence-state-park,2026-09-07,47.455,-120.3233,"Washington State Parks published locate point, matched to the official address and campground map",2026-09-07,park entrance/address point,146,144,"Seattle, Washington","https://www.google.com/maps/dir/?api=1&origin=Seattle%2C%20Washington&destination=47.455,-120.3233&travelmode=driving",2026-09-07,Fastest normal I-90 and US-97 route at review time; public estimate rounds up for traffic and towing variation.
Lincoln Rock State Park,lincoln-rock-state-park,2026-09-07,wenatchee-confluence-state-park;daroga-state-park;johnny-creek-campground;pine-village-koa-holiday,,,,false,true,,,,https://westcoastrvcamping.com/assets/images/topo/lincoln-rock-state-park.jpg,,"Columbia River campground with 94 numbered vehicle sites, including full and partial hookups, plus showers, a trailer dump, and a 65-foot limit.",State Park,Reservable during the main season. Some loops close November 1–March 13; camping is first-come October 16–31 and March 1–May 14,https://parks.wa.gov/find-parks/state-parks/lincoln-rock-state-park,"Lincoln Rock State Park occupies Columbia River shoreline north of East Wenatchee. The current campground map numbers 94 vehicle campsites, including full-hookup and partial-hookup loops. Washington State Parks lists showers, drinking water, a trailer dump, and limited availability for equipment up to 65 feet. Individual loop availability changes during winter, so the current schedule should be checked before travel.",~2 hr 45 min from Seattle,2-3hrs,165,"91 Lincoln Rock Park Road, East Wenatchee, WA 98802",94,65,2,Mixed,3,true,1,2,"Columbia River swimming area
Boating and paddling from the launch
Fishing under current regulations
Riverfront picnic areas
Playground and sports areas
Rocky Reach Dam visitor area when open","Columbia River camping with full and partial hookups, a swimming area, boating, and nearby Wenatchee services.","Lincoln Rock State Park sits on the Columbia River north of East Wenatchee, with views toward the basalt formation that gives the park its name. Rocky Reach Dam and other Wenatchee-area riverfront parks are nearby and have separate operating schedules.",false,true,true,false,false,true,false,Flush toilets,true,true,true,"Flush toilets, showers, and drinking water are all on site. Fire pits are listed as available; check current fire restrictions with the operator.","East Wenatchee, WA",7,7,10,7,8,The 94-site total follows the numbered vehicle sites on the current campground map. Utility type and winter availability vary by loop; confirm the exact site when booking.,"https://www.google.com/maps?q=47.5349,-120.2833",/assets/images/svg/lincoln-rock-state-park.svg,yes,Use the current official entrance at 91 Lincoln Rock Park Road. Confirm the selected site's utility type and pad dimensions.,https://parks.wa.gov/find-parks/state-parks/lincoln-rock-state-park,2026-09-07,47.5349,-120.2833,"Washington State Parks published locate point, matched to the current official address and campground map",2026-09-07,park entrance/address point,152,153,"Seattle, Washington","https://www.google.com/maps/dir/?api=1&origin=Seattle%2C%20Washington&destination=47.5349,-120.2833&travelmode=driving",2026-09-07,Fastest normal I-90 and US-97 route at review time; public estimate rounds up for traffic and towing variation.
Daroga State Park,daroga-state-park,2026-09-07,lake-chelan-state-park;lincoln-rock-state-park;twenty-five-mile-creek-state-park;wenatchee-confluence-state-park,,,,false,true,,,,https://westcoastrvcamping.com/assets/images/topo/daroga-state-park.jpg,,"Seasonal Columbia River park with 28 partial-hookup vehicle sites, showers, a trailer dump, and boating and swimming access.",State Park,"Reservable during the operating season. Campground closes October 1, 2026 and is scheduled to reopen in April 2027",https://parks.wa.gov/find-parks/state-parks/daroga-state-park,"Daroga State Park is a seasonal Columbia River campground near Orondo. The current campground map identifies 28 partial-hookup vehicle campsites; primitive sites 29–45 are separate. Washington State Parks lists showers, drinking water, and a trailer dump. A shoreline project beginning September 14, 2026 closes walk-in campsites, docks, and portions of the shoreline trail while other amenities remain open until the seasonal campground closure.",~3 hr from Seattle,3-4hrs,180,"1 S Daroga Park Lane, Orondo, WA 98843",28,,2,Paved,2,true,1,2,"Columbia River boating and water sports
River swimming and beach recreation
Fishing for steelhead, salmon, and trout
Kayaking on calm Columbia stretches
Picknicking with river and orchard views
Apple orchard scenic drives","Seasonal Columbia River camping with partial hookups, boating, fishing, and swimming, subject to the current shoreline project.","Daroga State Park occupies Columbia River shoreline in an arid orchard region north of Wenatchee. Boating, swimming, fishing, and trail access can be affected by water conditions and the current shoreline construction project.",false,true,true,true,false,true,false,Flush toilets,true,true,true,"Flush toilets, showers, and drinking water are all on site. Fire pits are listed as available; check current fire restrictions with the operator.","Wenatchee, WA",7,12,12,12,12,The 28-site RV total counts partial-hookup vehicle sites; primitive sites 29–45 are separate. Confirm the individual pad length because no current park-wide maximum is published.,"https://www.google.com/maps?q=47.709224700928,-120.20222473144",/assets/images/svg/daroga-state-park.svg,yes,"Beginning September 14, 2026, walk-in campsites, docks, and portions of the shoreline trail are closed for construction. Vehicle camping remains subject to the October 1 seasonal closure.",https://parks.wa.gov/find-parks/state-parks/daroga-state-park,2026-09-07,47.709224700928,-120.20222473144,"Washington State Parks published locate point, matched to the official address and campground map",2026-09-07,park entrance/address point,165,165,"Seattle, Washington","https://www.google.com/maps/dir/?api=1&origin=Seattle%2C%20Washington&destination=47.709224700928,-120.20222473144&travelmode=driving",2026-09-07,Fastest normal I-90 and US-97 route at review time; public estimate includes extra allowance for towing and river-corridor traffic.
Alta Lake State Park,alta-lake-state-park,2026-09-07,bridgeport-state-park;twenty-five-mile-creek-state-park;lake-chelan-state-park;daroga-state-park,,,,false,true,,,,https://westcoastrvcamping.com/assets/images/topo/alta-lake-state-park.jpg,,"Seasonal mountain-lake park near Pateros with 125 numbered vehicle sites, partial-hookup options, showers, a trailer dump, and a 38-foot limit.",State Park,"Reservable during the main season. Loop 1 closes September 30–April 15, Loop 2 October 31–April 15, and Loop 3 September 10–April 15; first-come October 1–31 and April 3–14",https://parks.wa.gov/find-parks/state-parks/alta-lake-state-park,"Alta Lake State Park is a seasonal campground above Pateros. The current campground map numbers 125 vehicle campsites across three loops, with both standard and partial-hookup options. Washington State Parks lists showers, drinking water, a trailer dump, and an equipment limit of 38 feet. Loop closure dates vary in fall and spring, so travelers should use the current winter schedule rather than a single park-wide opening date.",~3 hr 30 min from Seattle,3-4hrs,210,"1B Otto Road, Pateros, WA 98846",125,38,2,Mixed,2,true,1,2,"Lake swimming from sandy beach
Boating, kayaking, and paddleboarding
Fishing for rainbow trout and kokanee
Picknicking with Cascades mountain views
Sunset views over Methow Valley
Pateros fruit stand and orchard visits","Seasonal mountain-lake camping with partial-hookup options, swimming, paddling, fishing, and Cascade views.","Alta Lake sits above the Methow River valley near Pateros, where dry hillsides meet scattered pine forest. Lake activities and nearby trail access are seasonal; check current fire, smoke, and closure notices before travel.",false,true,true,true,true,true,false,Flush toilets,true,true,true,"Flush toilets, showers, and drinking water are all on site. Fire pits are listed as available; check current fire restrictions with the operator.","Pateros, WA",30,2,18,65,45,"The 125-site count follows all numbered vehicle campsites on the current map. Hookups are partial rather than full; choose by loop, utility type, and pad length.","https://www.google.com/maps?q=48.02828,-119.93785",/assets/images/svg/alta-lake-state-park.svg,yes,The campground is seasonal and loop dates differ. Confirm the selected site's utility type and 38-foot equipment limit before booking.,https://parks.wa.gov/find-parks/state-parks/alta-lake-state-park,2026-09-07,48.02828,-119.93785,"Washington State Parks published locate point, matched to the official address and campground map",2026-09-07,park entrance/address point,203,204,"Seattle, Washington","https://www.google.com/maps/dir/?api=1&origin=Seattle%2C%20Washington&destination=48.02828,-119.93785&travelmode=driving",2026-09-07,Fastest normal I-90 and US-97 route at review time; public estimate rounds up for traffic and towing variation.
Lake Wenatchee State Park,lake-wenatchee-state-park,2026-09-07,nason-creek-campground;thousand-trails-leavenworth;pine-village-koa-holiday;eightmile-campground,,,,false,true,,,,https://westcoastrvcamping.com/assets/images/topo/lake-wenatchee-state-park.jpg,,"Large alpine-lake park with 197 vehicle campsites: 155 standard and 42 partial-hookup, with showers, a trailer dump, and distinct north and south limits.",State Park,Regular campgrounds close for snow between October and mid-November and reopen April to mid-May as conditions allow. Normal campsites require reservations; winter camping is first-come in the South day-use area,https://parks.wa.gov/find-parks/state-parks/lake-wenatchee-state-park,"Lake Wenatchee State Park has separate North and South campgrounds. Official material lists 155 standard campsites and 42 partial-hookup sites, for 197 vehicle campsites. The South Campground's 100 sites are intended for vehicle and trailer combinations under 20 feet. The North Campground has the 42 utility sites and accommodates selected equipment up to 40 feet. Showers and the trailer dump are in the North Campground. Winter camping moves to a designated South day-use area after the regular campgrounds close for snow.",~2 hr 15 min from Seattle,2-3hrs,135,"21588 Lake Wenatchee Highway, Leavenworth, WA 98826",197,40,2,Mixed,2,true,1,2,"Lake Wenatchee swimming and beach access
Kayaking and boating
Fishing under current regulations
Nearby forest trails
Leavenworth day trip
Cross-country skiing and snowshoeing when conditions allow","Alpine-lake camping with swimming, paddling, fishing, trails, and winter recreation; Leavenworth is a separate drive from the park.","Lake Wenatchee State Park surrounds the eastern end of Lake Wenatchee near the Wenatchee River outlet. National forest roads and trails extend into the surrounding mountains, with access changing according to snow, fire, and road conditions.",true,true,true,true,true,true,false,Flush toilets,true,true,true,"Flush toilets, showers, and drinking water are all on site. Fire pits are listed as available; check current fire restrictions with the operator.","Leavenworth, WA",40,8,8,35,8,"North has utility sites, showers, and the trailer dump; South is limited to combinations under 20 feet. Winter camping uses the South day-use area with trailers unhooked.","https://www.google.com/maps?q=47.810127258301,-120.7236251831",/assets/images/svg/lake-wenatchee-state-park.svg,yes,South Campground vehicle-and-trailer combinations must be under 20 feet; selected North Campground sites accommodate up to 40 feet. Winter campers need a Sno-Park permit and must unhook trailers.,https://parks.wa.gov/find-parks/state-parks/lake-wenatchee-state-park,2026-09-07,47.810127258301,-120.7236251831,"Washington State Parks published locate point, matched to the official address and campground map",2026-09-07,park entrance/address point,107,123,"Seattle, Washington","https://www.google.com/maps/dir/?api=1&origin=Seattle%2C%20Washington&destination=47.810127258301,-120.7236251831&travelmode=driving",2026-09-07,Fastest route observed used US-2 and may include a WA-520 toll approach; the public estimate rounds up. Use the I-90/US-97 alternative if avoiding tolls or when pass conditions warrant.
Pearrygin Lake State Park,pearrygin-lake-state-park,2026-09-07,alta-lake-state-park;twenty-five-mile-creek-state-park;bridgeport-state-park;osoyoos-lake-veterans-memorial-state-park,,,,false,true,,,,https://westcoastrvcamping.com/assets/images/topo/pearrygin-lake-state-park.jpg,,"Methow Valley lake park near Winthrop with 163 vehicle campsites across standard and utility options, plus showers, a trailer dump, and a 60-foot limit.",State Park,"West campground closes October 25–April 20; East closes October 31–April 5. Open campsites are reservable, with spring dates dependent on weather",https://parks.wa.gov/find-parks/state-parks/pearrygin-lake-state-park,"Pearrygin Lake State Park is a large camping and recreation park near Winthrop. The official campground brochure identifies 92 standard campsites and 71 utility sites, for 163 vehicle campsites. Washington State Parks lists showers, drinking water, a trailer dump, and an equipment limit of 60 feet. East and West campgrounds follow different seasonal closure dates, and openings can change with weather.",~4 hr from Seattle,4+ hrs,240,"625 Bear Creek Road, Winthrop, WA 98862",163,60,2,Mixed,3,true,1,1,"Lake swimming and beach play
Boating, sailing, and kayaking on the lake
Fishing for rainbow trout and bass
Hiking Methow Valley trail system
Winthrop Old West boardwalk and dining (4 mi)
Winter snowmobiling and cross-country skiing","Lake swimming, paddling, fishing, hiking, and winter recreation near Winthrop in the Methow Valley.","Pearrygin Lake State Park lies just outside Winthrop in the Methow Valley, with lake, grassland, and pine-forest scenery. The park connects with local trails, while broader valley access can change with wildfire, snow, and the seasonal SR-20 closure.",true,true,true,true,true,true,false,Flush toilets,true,true,true,"Flush toilets, showers, and drinking water are all on site. Fire pits are listed as available; check current fire restrictions with the operator.","Winthrop, WA",30,5,25,90,55,Choose between East and West campgrounds by utility needs and seasonal availability. Water is generally off from mid-October to early April; verify opening dates and road conditions.,"https://www.google.com/maps?q=48.4937,-120.1583",/assets/images/svg/pearrygin-lake-state-park.svg,yes,"Use the new entrance at 625 Bear Creek Road. SR-20 closes seasonally, so approach from US-97 when North Cascades Highway is closed and allow additional travel time.",https://parks.wa.gov/find-parks/state-parks/pearrygin-lake-state-park,2026-09-07,48.4937,-120.1583,"Washington State Parks published new entrance locate point and address, matched to the campground map",2026-09-07,campground entrance/address point,192,226,"Seattle, Washington","https://www.google.com/maps/dir/?api=1&origin=Seattle%2C%20Washington&destination=48.4937,-120.1583&travelmode=driving",2026-09-07,Fastest route observed used SR-20. North Cascades Highway closes seasonally; use the I-90/US-97 alternative when closed and expect a longer trip.
Osoyoos Lake Veteran's Memorial Park,osoyoos-lake-veterans-memorial-state-park,2026-09-06,bonaparte-lake-campground;swan-lake-campground;curlew-lake-state-park;pearrygin-lake-state-park,,,,false,true,,,,https://westcoastrvcamping.com/assets/images/topo/osoyoos-lake-veterans-memorial-state-park.jpg,,"City of Oroville campground on Osoyoos Lake with standard and water-and-electric sites, showers, a swim beach, boat launch, and trailer dump.",City Campground,"2026 reservations opened January 1, 2026; check current availability",https://book.letsbonfire.com/osoyooslakeveteransmemorialpark,"Osoyoos Lake Veteran's Memorial Park is a City of Oroville campground on the south shore of Osoyoos Lake near the Canadian border. It is a municipal park, not a Washington State Park, so a Discover Pass does not apply. The city lists standard campsites, water-and-electric utility sites, walk-in primitive sites, accessible sites, a restroom and shower complex, picnic areas, a swimming area, boat launch, and trailer dump.",~4 hr 45 min from Seattle,4+ hrs,285,"417 Ironwood St, Oroville, WA 98844",,,2,Mixed,2,true,2,2,"Swimming from the sandy beach
Boating and watersports
Fishing
Bird watching
Pickleball and horseshoes
Nearby hiking and biking trails","Swimming, boating, fishing, and lakeside camping near the Canadian border.","Osoyoos Lake Veteran's Memorial Park is a City of Oroville park in the Okanogan River Valley, just south of the U.S.–Canada border. The city lists a swimming area, boat launch, picnic areas, and standard, utility, primitive, and accessible campsites around the south end of Osoyoos Lake.",false,true,true,true,true,true,false,Flush toilets,true,true,true,"Flush toilets, showers, and drinking water are all on site. Fire pits are listed as available; check current fire restrictions with the operator.","Oroville, WA",35,2,2,135,25,"The city lists 41 standard sites, 39 power-and-water utility sites, 12 walk-in primitive sites, and two accessible sites. Match the reservation category to your rig and utility needs, and confirm the individual site dimensions before booking. The park also has a trailer dump, restroom and shower complex, boat launch, and swimming area.","https://www.google.com/maps?q=48.9286,-119.4378",/assets/images/svg/osoyoos-lake-veterans-memorial-state-park.svg,yes,The city lists standard and water-and-electric vehicle campsites but does not publish one park-wide RV length limit.,https://oroville-wa.com/departments/parks-department/,2026-09-06,48.9286,-119.4378,"Google Maps park point, checked against the City of Oroville park listing",2026-09-06,park entrance/address point,274,277,"Seattle, Washington","https://www.google.com/maps/dir/?api=1&origin=Seattle%2C%20Washington&destination=48.9286,-119.4378&travelmode=driving",2026-09-06,Fastest normal route at review time; seasonal pass and traffic conditions vary.
Curlew Lake State Park,curlew-lake-state-park,2026-09-07,swan-lake-campground;bonaparte-lake-campground;osoyoos-lake-veterans-memorial-state-park;steamboat-rock-state-park,,,,false,true,,,,https://westcoastrvcamping.com/assets/images/topo/curlew-lake-state-park.jpg,,"Northeastern Washington lake park with 53 vehicle-access campsites, including full and partial hookups, plus showers, a trailer dump, and a 45-foot limit.",State Park,"Most campsites are reservable during the operating season, with some first-come availability. Most loops close in late October and reopen in April or May as weather allows",https://parks.wa.gov/find-parks/state-parks/curlew-lake-state-park,"Curlew Lake State Park is a seasonal campground near Republic. The official map shows 53 vehicle-access campsites: sites 1–27 and 57–82. Walk-in sites 28–56 are separate. Vehicle sites include standard, partial-hookup, and full-hookup options, with six pull-through sites. Washington State Parks lists showers, drinking water, a trailer dump, and a 45-foot maximum site length.",~5 hr 30 min from Seattle,4+ hrs,330,"62 State Park Road, Republic, WA 99166",53,45,2,Mixed,3,true,1,1,"Fishing for tiger muskie and rainbow trout
Boating and kayaking from the 80-ft dock
Bald eagle and osprey watching year-round
Swimming from the sandy beach area
Ferry County Rail Trail (nearby access)
Republic town visit and fossil dig sites","Seasonal lake camping with fishing, paddling, swimming, short trails, and both partial and full hookups.","Curlew Lake State Park sits beside Curlew Lake in the forested hills of Ferry County. The park offers lake access, two miles of hiking and biking trails, and a nearby roadside heritage site; seasonal access changes with winter weather.",true,true,true,true,false,true,false,Flush toilets,true,true,true,"Flush toilets, showers, and drinking water are all on site. Fire pits are listed as available; check current fire restrictions with the operator.","Republic, WA",35,6,6,110,35,"The 53-site vehicle total excludes walk-in sites 28–56. Utility type varies by site, and sites 73–80 have seasonal mooring-dock access; confirm the exact pad and opening date.","https://www.google.com/maps?q=48.71892548,-118.6606674",/assets/images/svg/curlew-lake-state-park.svg,yes,Most of the campground closes for winter. The winter schedule separately lists sites 17–19 as first-come December 1–March 15 without utility service; verify weather-dependent access before travel.,https://parks.wa.gov/find-parks/state-parks/curlew-lake-state-park,2026-09-07,48.71892548,-118.6606674,Washington State Parks published locate point matched to the official campground address and map,2026-09-07,campground entrance/address point,307,318,"Seattle, Washington","https://www.google.com/maps/dir/?api=1&origin=Seattle%2C%20Washington&destination=48.71892548,-118.6606674&travelmode=driving",2026-09-07,Fastest normal I-90 and US-97 route at review time; public estimate adds towing and traffic margin. SR-20 is a slower seasonal alternative.
Steamboat Rock State Park,steamboat-rock-state-park,2026-09-07,sun-lakes-dry-falls-state-park;bridgeport-state-park;alta-lake-state-park;lake-chelan-state-park,,,,false,true,,,,https://westcoastrvcamping.com/assets/images/topo/steamboat-rock-state-park.jpg,,"Large Banks Lake park with 280 developed and primitive vehicle campsites, including 166 full-hookup and 18 partial-hookup sites, plus showers and a trailer dump.",State Park,"Developed camping is reservable April 1–October 31. Sage, Dune, and Cove loops close November 1–March 31; Bay Loop remains first-come during that period",https://parks.wa.gov/find-parks/state-parks/steamboat-rock-state-park,"Steamboat Rock State Park is a large year-round recreation park at the north end of Banks Lake. The official brochure lists 26 standard, 166 full-hookup, 18 partial-hookup, and 70 primitive campsites at Jones Bay and Osborn Bay, for 280 vehicle campsites, plus five separate equestrian sites. Washington State Parks lists showers, a trailer dump, and limited availability for equipment up to 50 feet. Primitive areas have fewer services and require separate suitability checks.",~4 hr from Seattle,4+ hrs,240,"51052 Highway 155, Electric City, WA 99123",280,50,2,Mixed,3,true,1,1,"Steamboat Rock and Northrup Canyon trails
Banks Lake swimming and beach recreation
Boating and paddling
Fishing under current regulations
Play area and sports courts
Grand Coulee Dam area day trips","Banks Lake camping with boating, swimming, hiking, paddling, a play area, and utility options ranging from dry camping to full hookups.","The park surrounds the basalt Steamboat Rock formation at the north end of Banks Lake. Trails reach the rock plateau and Northrup Canyon, while Grand Coulee Dam is a separate nearby destination with its own seasonal programs.",true,true,true,true,true,true,true,Flush toilets,true,true,true,"Flush toilets, showers, and drinking water are all on site. Fire pits are listed as available; check current fire restrictions with the operator.","Electric City, WA",25,11,20,55,20,"Choose among developed full-hookup, partial-hookup, standard, and primitive areas. Sage, Dune, Cove, and Bay have different winter schedules; Jones Bay and Osborn Bay are primitive and less suitable for some rigs.","https://www.google.com/maps?q=47.8659,-119.1276",/assets/images/svg/steamboat-rock-state-park.svg,yes,The 280-site total includes 210 developed standard or utility sites and 70 primitive sites at Jones Bay and Osborn Bay. Confirm road and pad suitability for primitive camping.,https://parks.wa.gov/find-parks/state-parks/steamboat-rock-state-park,2026-09-07,47.8659,-119.1276,Washington State Parks published locate point matched to the official address and campground map,2026-09-07,park entrance/address point,231,227,"Seattle, Washington","https://www.google.com/maps/dir/?api=1&origin=Seattle%2C%20Washington&destination=47.8659,-119.1276&travelmode=driving",2026-09-07,Fastest normal I-90 route at review time; public estimate rounds up for traffic and towing variation.
Sun Lakes-Dry Falls State Park,sun-lakes-dry-falls-state-park,2026-09-07,steamboat-rock-state-park;bridgeport-state-park;daroga-state-park;lake-chelan-state-park,,,,false,true,,,,https://westcoastrvcamping.com/assets/images/topo/sun-lakes-dry-falls-state-park.jpg,,"High-desert lakes park with 96 standard and 41 full-hookup campsites, showers, a trailer dump, a 65-foot limit, and access to Dry Falls geology.",State Park,Reservable during the main season; camping is first-come September 16–April 14. Sites 1–31 may close October 31–March 16 depending on weather,https://parks.wa.gov/find-parks/state-parks/sun-lakes-dry-falls-state-park,"Sun Lakes–Dry Falls State Park has 96 standard campsites and 41 full-hookup sites, for 137 vehicle campsites. Washington State Parks lists showers, drinking water, a trailer dump, and limited availability for equipment up to 65 feet. Strong winds are common. Dry Falls Visitor Center is undergoing renovation through 2026; the park remains open, while the visitor-center restroom, parking lot, and outdoor overlook may close when construction begins.",~3 hr 15 min from Seattle,3-4hrs,195,"34875 Park Lake Road NE, Coulee City, WA 99115",137,65,2,Mixed,3,true,1,1,"Dry Falls geology and park viewpoints
Lake swimming and boating
Fishing under current regulations
Hiking through the coulee landscape
Kayaking and paddleboarding
Park golf course and playground","High-desert camping with lake recreation, trails, golf, and Ice Age Floods geology, subject to current visitor-center construction access.",Sun Lakes–Dry Falls State Park spans lakes and basalt coulees shaped by Ice Age floods. Dry Falls remains visible from other park locations when visitor-center construction limits access to its primary parking and overlook area.,true,true,true,true,true,true,true,Flush toilets,true,true,true,"Flush toilets, showers, and drinking water are all on site. Fire pits are listed as available; check current fire restrictions with the operator.","Coulee City, WA",25,5,15,55,15,"The 137-site total is 96 standard plus 41 full-hookup campsites. Expect wind and limited shade; verify winter water, gate, and visitor-center access before travel.","https://www.google.com/maps?q=47.59168,-119.36197",/assets/images/svg/sun-lakes-dry-falls-state-park.svg,yes,Water may be shut off after October 1 at sites 1–31 and more broadly in mid-October. Deep Lake and Dry Falls access gates have weather-dependent winter closures.,https://parks.wa.gov/find-parks/state-parks/sun-lakes-dry-falls-state-park,2026-09-07,47.59168,-119.36197,Washington State Parks published locate point matched to the official campground address and map,2026-09-07,park entrance/address point,194,186,"Seattle, Washington","https://www.google.com/maps/dir/?api=1&origin=Seattle%2C%20Washington&destination=47.59168,-119.36197&travelmode=driving",2026-09-07,Fastest normal I-90 route at review time; public estimate rounds up for traffic and towing variation.
Lake Chelan State Park,lake-chelan-state-park,2026-09-07,daroga-state-park;twenty-five-mile-creek-state-park;alta-lake-state-park;lincoln-rock-state-park,,,,false,true,,,,https://westcoastrvcamping.com/assets/images/topo/lake-chelan-state-park.jpg,,"South-shore Lake Chelan campground with 144 numbered sites, including partial and full hookups, plus showers, a trailer dump, and a 45-foot utility-site limit.",State Park,"Beach Loop is reservable April 15–September 30, West Loop April 15–September 14, Trailer Loop sites 8–17 year-round, and Trailer Loop sites 1–7 and 18–35 April 15–September 30",https://parks.wa.gov/find-parks/state-parks/lake-chelan-state-park,"Lake Chelan State Park occupies the forested south shore of Lake Chelan. The official campground map numbers 144 sites. Older official brochure material categorizes 103 standard spaces and 35 utility spaces, including 17 full-hookup and 18 partial-hookup sites; those category totals do not fully reconcile with the current 144-site map, so the listing preserves that distinction. Washington State Parks lists showers, a trailer dump, and utility sites accommodating equipment up to 45 feet.",~3 hr 15 min from Seattle,3-4hrs,195,"7544 S Lakeshore Road, Chelan, WA 98816",144,45,2,Mixed,3,true,1,2,"Lake swimming and beach access
Boating and paddling
Fishing under current regulations
Little Bear Trail
Playground and volleyball
Chelan-area day trips","Lake Chelan camping with standard, partial-hookup, and full-hookup sites, a swimming beach, boating, trails, and family recreation.","Lake Chelan State Park provides direct access to the south shore of Lake Chelan. Chelan and other lake destinations are separate drives; marina, launch, and winter water availability should be checked before travel.",true,true,true,true,true,true,true,Flush toilets,true,true,true,"Flush toilets, showers, and drinking water are all on site. Fire pits are listed as available; check current fire restrictions with the operator.","Chelan, WA",5,9,9,35,9,"Use the 144-site map for site numbers and confirm the selected site's utility type. Only selected utility sites support equipment up to 45 feet, and loop reservation seasons differ.","https://www.google.com/maps?q=47.87255,-120.19661",/assets/images/svg/lake-chelan-state-park.svg,yes,Google reported a restricted-use or private-road warning near the destination when reviewed. Follow current signs on South Lakeshore Road and do not use an unmarked shortcut.,https://parks.wa.gov/find-parks/state-parks/lake-chelan-state-park,2026-09-07,47.87255,-120.19661,Washington State Parks published locate point matched to the official address and campground map,2026-09-07,park entrance/address point,178,181,"Seattle, Washington","https://www.google.com/maps/dir/?api=1&origin=Seattle%2C%20Washington&destination=47.87255,-120.19661&travelmode=driving",2026-09-07,Fastest route observed used I-90 and included a restricted-use/private-road warning near the destination; public estimate rounds up and travelers should follow current local signs.
Twenty-Five Mile Creek State Park,twenty-five-mile-creek-state-park,2026-09-07,lake-chelan-state-park;alta-lake-state-park;daroga-state-park;bridgeport-state-park,,,,false,true,,,,https://westcoastrvcamping.com/assets/images/topo/twenty-five-mile-creek-state-park.jpg,,"Seasonal upper Lake Chelan campground with 36 numbered sites, including seven full-hookup and four partial-hookup sites, plus showers and a 30-foot utility limit.",State Park,"Reservable during the main season; first-come September 16–October 31 and April 1–30. Campground closes November 1–April 1, with opening dates weather dependent",https://parks.wa.gov/find-parks/state-parks/twenty-five-mile-creek-state-park,"Twenty-Five Mile Creek State Park is a seasonal campground and marina on Lake Chelan. The current official map numbers 36 campsites: seven full-hookup sites, four partial-hookup sites, and 25 standard sites. Utility sites have a published 30-foot maximum. Washington State Parks lists showers, seasonal groceries and boat fuel, and a trailer dump on the current map. The boat launch has a later, lake-level-dependent spring opening than the campground.",~3 hr 30 min from Seattle,3-4hrs,210,"20530 S Lakeshore Road, Chelan, WA 98816",36,30,2,Mixed,3,true,1,1,"Lake Chelan swimming
Boating and paddling
Fishing under current regulations
Seasonal marina services
Creekside exploration
Nearby trail access when conditions allow","Seasonal Lake Chelan camping with a marina, paddling, fishing, swimming, nearby trails, and limited full and partial hookups.","The park lies at the road-accessible upper end of Lake Chelan's south shore. Nearby mountain trails and lake access are affected by wildfire, weather, road conditions, and seasonal water levels.",true,true,true,true,true,true,false,Flush toilets,true,true,true,"Flush toilets, showers, and drinking water are all on site. Fire pits are listed as available; check current fire restrictions with the operator.","Chelan, WA",5,18,18,50,18,"The 36-site total includes seven full-hookup, four partial-hookup, and 25 standard sites. Utility sites are limited to 30 feet; verify the selected pad and launch status.","https://www.google.com/maps?q=47.99247,-120.25912",/assets/images/svg/twenty-five-mile-creek-state-park.svg,yes,"The watercraft launch is scheduled to reopen June 1 only when Lake Chelan is above 1,092 feet. South Lakeshore Road is winding; allow additional time and confirm lake level and park status.",https://parks.wa.gov/find-parks/state-parks/twenty-five-mile-creek-state-park,2026-09-07,47.99247,-120.25912,Washington State Parks published locate point matched to the current official campground map,2026-09-07,park entrance/address point,188,195,"Seattle, Washington","https://www.google.com/maps/dir/?api=1&origin=Seattle%2C%20Washington&destination=47.99247,-120.25912&travelmode=driving",2026-09-07,Fastest normal I-90 route at review time; public estimate adds margin for towing on South Lakeshore Road.
Riverside State Park,riverside-state-park,2026-09-07,noisy-creek-campground;steamboat-rock-state-park;east-sullivan-campground,,,,false,true,,,,https://westcoastrvcamping.com/assets/images/topo/riverside-state-park.jpg,,"Riverside's main Bowl and Pitcher campground has 31 vehicle sites—16 standard, 13 partial-hookup, and two full-hookup—with showers and a 45-foot limit.",State Park,Bowl and Pitcher sites 15–33 are reservable year-round; sites 1–14 open April 1–October 15. Water and the dump station close October 15–mid-April,https://parks.wa.gov/find-parks/state-parks/riverside-state-park,"This listing covers Bowl and Pitcher, Riverside State Park's main campground on the Spokane River. The current official brochure lists 16 standard, 13 partial-hookup, and two full-hookup campsites, for 31 vehicle sites. Washington State Parks lists two restrooms with showers, a trailer dump, and a 45-foot maximum site length. Riverside also has separate camping at Lake Spokane and the Equestrian Area; those facilities have different locations and seasons.",~4 hr 45 min from Seattle,4+ hrs,285,"4427 N Aubrey L White Parkway, Spokane, WA 99205",31,45,2,Mixed,3,true,1,2,"Bowl and Pitcher suspension bridge
Spokane River trails
Hiking and mountain biking
Picnicking
Paddling in designated river sections
Spokane-area day trips","Spokane River camping with standard and utility sites, a suspension bridge, and direct access to Riverside's trail network.","Bowl and Pitcher sits among ponderosa pines and basalt formations on the Spokane River. Other Riverside State Park areas are separate destinations; Little Spokane River Natural Area prohibits pets, bicycles, swimming, and motorized boats.",true,true,false,true,false,false,false,Flush toilets,true,true,true,"Flush toilets, showers, and drinking water are all on site. Fire pits are listed as available; check current fire restrictions with the operator.","Spokane, WA",25,5,5,10,5,"Choose from 16 standard, 13 partial-hookup, and two full-hookup sites. Sites 15–33 carry winter availability, but campground water and the dump station close seasonally.","https://www.google.com/maps?q=47.696,-117.4944",/assets/images/svg/riverside-state-park.svg,yes,"Directions end at Bowl and Pitcher campground, not the Riverside park office, Nine Mile Recreation Area, Lake Spokane campground, or the equestrian campground.",https://parks.wa.gov/find-parks/state-parks/riverside-state-park,2026-09-07,47.696,-117.4944,"Google Maps named Riverside State Park Bowl and Pitcher campground point, corroborated by the official address and Bowl and Pitcher map",2026-09-07,named campground point,284,269,"Seattle, Washington","https://www.google.com/maps/dir/?api=1&origin=Seattle%2C%20Washington&destination=47.696,-117.4944&travelmode=driving",2026-09-07,"Fastest normal I-90 route at review time; directions end at Bowl and Pitcher, Riverside's main campground, rather than the park office or Nine Mile Recreation Area."
Tinkham Campground,tinkham-campground,2026-09-07,denny-creek-campground;kachess-campground;lake-easton-state-park;tall-chief-rv-park-campground,,,,false,true,,,,https://westcoastrvcamping.com/assets/images/topo/tinkham-campground.jpg,,"South Fork Snoqualmie River campground with 42 public RV-capable sites, three tent-only sites, vault toilets, hand-pump water, and no hookups.",National Forest,"Reservable through Recreation.gov during the operating season, generally up to six months ahead; confirm current site availability and opening dates",https://www.recreation.gov/camping/campgrounds/232113,"Tinkham Campground sits beside the South Fork Snoqualmie River one mile from I-90 Exit 42. The current Recreation.gov inventory contains 42 public standard sites that permit RVs and three tent-only sites; management records are excluded. Public RV dimensions vary by site, with selected sites publishing lengths up to 46 feet. The campground has vault toilets and hand-pump drinking water but no electrical hookups or dump station. Recreation.gov warns that the water's mineral content affects its color and taste and recommends bringing drinking water.",~1 hr from Seattle,1-2hrs,60,"58050 Tinkham Road, North Bend, WA 98045",42,46,1,Gravel,0,false,1,2,"Tinkham Discovery Trail
South Fork Snoqualmie River access
Fishing under current regulations
Nearby forest hiking
Picnicking
I-90 corridor day trips","A close-to-Seattle river campground with a short discovery trail, fishing, hiking, and dry RV camping.","The campground lies in the forested South Fork Snoqualmie valley west of Snoqualmie Pass. Nearby trails and river access change with snow, flooding, and seasonal maintenance.",true,true,false,false,false,false,false,Vaulted toilets,false,true,true,"Vault toilets and drinking water are available, but no showers on site. Fire pits are listed as available; check current fire restrictions with the operator.","North Bend, WA",20,12,12,30,12,The 42-site RV count excludes three tent-only sites and management inventory. Published equipment limits vary by site from roughly 20 to 46 feet; select the exact site for your combined equipment length.,"https://www.google.com/maps?q=47.4025240,-121.5674800",/assets/images/svg/tinkham-campground.svg,yes,"Use I-90 Exit 42 and Tinkham Road. The final road is gravel and conditions vary with weather, heavy use, and maintenance. Recreation.gov reports that Apple Maps incorrectly labels the road closed.",https://www.recreation.gov/camping/campgrounds/232113,2026-09-07,47.4025240,-121.5674800,Recreation.gov facility point corroborated by its campsite coordinate cluster and Forest Service directions from I-90 Exit 42,2026-09-07,campground entrance/address point,42.7,45,"Seattle, Washington","https://www.google.com/maps/dir/?api=1&origin=Seattle%2C%20Washington&destination=47.4025240,-121.5674800&travelmode=driving",2026-09-07,Fastest normal I-90 route at review time. Tinkham Road is gravel and conditions vary; Recreation.gov recommends access from Exit 42. Public estimate adds a towing and traffic margin.
Kachess Campground,kachess-campground,2026-09-07,lake-easton-state-park;salmon-la-sac-campground;denny-creek-campground;tinkham-campground,,,,false,true,,,,https://westcoastrvcamping.com/assets/images/topo/kachess-campground.jpg,,"Large Kachess Lake campground with 150 tent-and-RV sites, drinking water, boat launches, a swimming area, no hookups, and a current seasonal fire closure.",National Forest,Normally a mix of Recreation.gov reservations and first-come sites during the operating season; the campground is currently closed for the 2026 season under the Three Queens Fire order,https://www.recreation.gov/camping/campgrounds/232064,"Kachess Campground sits on the northwest shore of Kachess Lake. Recreation.gov publishes 150 tent-and-RV sites including one group site; 106 single-family sites and the group site are reservable, with the remainder normally first-come. Drinking water, vault toilets, motorized and non-motorized launches, a swimming area, and picnic areas are available, but campsite hookups and a dump station are not. The current inventory publishes site-specific equipment lengths, with limited sites up to 110 feet.",~1 hr 30 min from Seattle,1-2hrs,90,"8000 Kachess Lake Road, Easton, WA 98925",150,110,1,Gravel,0,false,1,1,"Kachess Lake swimming area
Motorized and non-motorized boating
Paddling
Fishing under current regulations
Kachess Lake Trail
Picnicking and mountain biking","Large lakeside campground with swimming, boating, paddling, fishing, and trail access when seasonal conditions permit.","Kachess Lake is a reservoir in the Okanogan-Wenatchee National Forest. Lake levels vary through summer, affecting launches and shoreline access; current forest orders take priority.",true,true,true,true,true,true,false,Vaulted toilets,false,true,true,"Vault toilets and drinking water are available, but no showers on site. Fire pits are listed as available; check current fire restrictions with the operator.","Easton, WA",5,20,20,55,25,"The operator publishes 150 sites, including one group site. Equipment limits are site-specific and only selected inventory supports very long combinations; confirm the selected pad rather than treating 110 feet as a campground-wide fit.","https://www.google.com/maps?q=47.3548400,-121.2434200",/assets/images/svg/kachess-campground.svg,yes,"As checked September 7, 2026, Recreation.gov lists Kachess closed for the season under the Three Queens Fire closure, Forest Service Order 06-17-03-2026-32. The boat launch closed August 1, 2026 because of low lake levels.",https://www.recreation.gov/camping/campgrounds/232064,2026-09-07,47.3548400,-121.2434200,Recreation.gov facility point corroborated by its campsite coordinate cluster and official Kachess Lake Road directions,2026-09-07,campground entrance/address point,67.4,70,"Seattle, Washington","https://www.google.com/maps/dir/?api=1&origin=Seattle%2C%20Washington&destination=47.3548400,-121.2434200&travelmode=driving",2026-09-07,"Fastest normal I-90 and Kachess Lake Road route at review time. Public estimate adds a towing, pass-traffic, and local-road margin."
Verlot Campground,verlot-campground,2026-09-07,gold-basin-campground;turlo-campground;bedal-campground;flowing-lake-county-park,,,,false,true,,,,https://westcoastrvcamping.com/assets/images/topo/verlot-campground.jpg,,"Mountain Loop campground with 19 public RV-capable sites, three tent-only sites, one camper-van/pop-up site, flush toilets, drinking water, and no hookups.",National Forest,"Reservable through Recreation.gov during the operating season, generally up to six months ahead; confirm current site availability and opening dates",https://www.recreation.gov/camping/campgrounds/232120,"Verlot Campground is beside the South Fork Stillaguamish River on the Mountain Loop Highway. The current Recreation.gov inventory contains 19 public sites that permit RV or trailer equipment, three tent-only sites, and one site limited to camper vans, pickup campers, or pop-ups; three management records are excluded. Flush toilets and drinking water are available, which is unusual for this corridor, but there are no electrical hookups, showers, or dump station. The operator does not publish usable RV lengths for the public sites, so the listing does not claim a park-wide maximum.",~1 hr 15 min from Seattle,1-2hrs,75,"Mountain Loop Highway, Granite Falls, WA 98252",19,,1,Gravel,0,false,1,1,"South Fork Stillaguamish River access
Fishing under current regulations
Mountain Loop scenic drive
Nearby forest hikes
Verlot Public Service Center
Picnicking","Riverside dry camping with flush toilets, drinking water, fishing, nearby hiking, and Mountain Loop access.","Verlot lies in the South Fork Stillaguamish valley near the Forest Service's historic Verlot Public Service Center. Trail and highway access can change after storms, fires, and seasonal closures.",true,true,false,false,false,false,false,Flush toilets,false,true,true,"Flush toilets and drinking water are available, but no showers on site. Fire pits are listed as available; check current fire restrictions with the operator.","Granite Falls, WA",20,11,11,38,30,"The 19-site RV count excludes three tent-only sites, one camper-van/pop-up site, and three management records. Recreation.gov permits RV equipment on the 19 sites but publishes zero-length placeholders, so verify the exact pad before bringing a larger rig.","https://www.google.com/maps?q=48.0903473,-121.7777402",/assets/images/svg/verlot-campground.svg,yes,"The campground is about 10.8 miles east of Granite Falls on the Mountain Loop Highway. Confirm road, fire, and seasonal conditions before travel.",https://www.recreation.gov/camping/campgrounds/232120,2026-09-07,48.0903473,-121.7777402,Google Maps named Verlot Campground point corroborated by Recreation.gov facility coordinates and Forest Service directions,2026-09-07,named campground point,54.4,64,"Seattle, Washington","https://www.google.com/maps/dir/?api=1&origin=Seattle%2C%20Washington&destination=48.0903473,-121.7777402&travelmode=driving",2026-09-07,"Fastest normal I-5, WA-9, WA-92, and Mountain Loop Highway route at review time. Public estimate adds a towing and traffic margin."
Gold Basin Campground,gold-basin-campground,2026-09-07,turlo-campground;verlot-campground;flowing-lake-county-park;bedal-campground,,,,false,true,,,,https://westcoastrvcamping.com/assets/images/topo/gold-basin-campground.jpg,,"Mountain Loop campground with 37 public RV-capable sites, one tent-only site, vault toilets, no water or hookups, and an accessible mill-pond trail across the highway.",National Forest,"Reservable through Recreation.gov during the operating season, generally up to six months ahead; confirm current availability because older Forest Service material still shows a closure",https://www.recreation.gov/camping/campgrounds/232051,"Gold Basin Campground sits near the South Fork Stillaguamish River. Current federal descriptions conflict, citing both 39 and 29 primitive campsites. The live Recreation.gov inventory resolves the RV question more precisely: 37 public standard sites permit RVs, one additional public site is tent-only, and three management records are excluded. Public site-specific limits reach 45 feet. The campground has vault toilets but no potable water, hookups, showers, or dump station.",~1 hr 20 min from Seattle,1-2hrs,80,"NF-4018, Granite Falls, WA 98252",37,45,1,Gravel,0,false,1,1,"Gold Basin Mill Pond accessible trail
South Fork Stillaguamish River access
Fishing under current regulations
Nearby forest hikes
Open field recreation
Mountain Loop scenic drive","Dry forest camping with river access, hiking, fishing, an open recreation field, and an accessible interpretive trail across the highway.","Gold Basin is in the South Fork Stillaguamish corridor. Gold Basin Mill Pond and its accessible interpretive trail are across the highway from the campground, not inside the camping loops.",true,true,false,false,false,false,false,Vaulted toilets,false,false,true,Only vault toilets are available on site — no showers or drinking water. Fire pits are listed as available; check current fire restrictions with the operator.,"Granite Falls, WA",18,14,14,35,30,The 37-site RV count comes from current public standard inventory and excludes one tent-only and three management records. Site-specific RV limits range from 22 to 45 feet; bring all drinking water.,"https://www.google.com/maps?q=48.0783333,-121.7375000",/assets/images/svg/gold-basin-campground.svg,yes,"Directions use the named Gold Basin Campground entrance on NF-4018. The Recreation.gov facility coordinate resolves across Mountain Loop Highway at Gold Basin Mill Pond, so it is not used for the map pin.",https://www.recreation.gov/camping/campgrounds/232051,2026-09-07,48.0783333,-121.7375000,Google Maps named Gold Basin Campground point corroborated by Recreation.gov campsite coordinates; the Recreation.gov facility point resolves across the highway at Gold Basin Mill Pond,2026-09-07,named campground point,56.8,68,"Seattle, Washington","https://www.google.com/maps/dir/?api=1&origin=Seattle%2C%20Washington&destination=48.0783333,-121.7375000&travelmode=driving",2026-09-07,"Fastest normal I-5, WA-9, WA-92, and Mountain Loop Highway route at review time. Directions use the named campground rather than the mill pond across the highway."
Turlo Campground,turlo-campground,2026-09-07,gold-basin-campground;verlot-campground;flowing-lake-county-park;bedal-campground,,,,false,true,,,,https://westcoastrvcamping.com/assets/images/topo/turlo-campground.jpg,,"Small Mountain Loop campground with 18 standard tent-and-RV sites, drinking water, South Fork Stillaguamish access, and no hookups.",National Forest,"Reservable through Recreation.gov during the operating season, generally up to six months ahead; confirm current site availability and opening dates",https://www.recreation.gov/camping/campgrounds/232118,"Turlo Campground has 18 standard sites beside the South Fork Stillaguamish River. Recreation.gov identifies all 18 as accommodating tent and RV camping and lists drinking water, picnic tables, and river access. There are no electrical hookups, showers, or dump station. Public inventory permits RVs but contains zero-length placeholders, so the listing does not claim a campground-wide maximum.",~1 hr 15 min from Seattle,1-2hrs,75,"32910 Mountain Loop Highway, Granite Falls, WA 98252",18,,2,Gravel,0,false,1,1,"South Fork Stillaguamish River access
Fishing under current regulations
Nearby forest hikes
Mountain Loop scenic drive
Picnicking
Forest and wildlife observation","Small riverside campground with drinking water, fishing, forest recreation, and no campsite utilities.","Turlo lies in the forested South Fork Stillaguamish valley. Mountain Loop Highway and nearby trails are subject to seasonal, storm, and fire-related changes.",true,true,false,false,false,false,false,Vaulted toilets,false,true,true,"Vault toilets and drinking water are available, but no showers on site. Fire pits are listed as available; check current fire restrictions with the operator.","Granite Falls, WA",20,16,16,38,30,"All 18 public inventory records permit RV equipment, but Recreation.gov does not publish usable RV length values. Confirm the selected pad and road conditions before bringing a larger trailer.","https://www.google.com/maps?q=48.0955556,-121.7902778",/assets/images/svg/turlo-campground.svg,yes,"The campground is just off Mountain Loop Highway east of Granite Falls. Confirm highway, fire, and seasonal conditions before travel.",https://www.recreation.gov/camping/campgrounds/232118,2026-09-07,48.0955556,-121.7902778,Recreation.gov facility point matched to the Google Maps routed campground address and official Mountain Loop Highway directions,2026-09-07,campground entrance/address point,53.7,63,"Seattle, Washington","https://www.google.com/maps/dir/?api=1&origin=Seattle%2C%20Washington&destination=48.0955556,-121.7902778&travelmode=driving",2026-09-07,"Fastest normal I-5, WA-9, WA-92, and Mountain Loop Highway route at review time. Public estimate adds a towing and traffic margin."
Bedal Campground,bedal-campground,2026-09-07,verlot-campground;gold-basin-campground;turlo-campground;beckler-river-campground,,,,false,true,,,,https://westcoastrvcamping.com/assets/images/topo/bedal-campground.jpg,,"Primitive Sauk River campground with 22 standard sites, vault toilets, a whitewater boat ramp, no water or hookups, and a gravel approach from Darrington.",National Forest,"Reservable through Recreation.gov during the operating season, generally up to six months ahead; confirm current site availability and opening dates",https://www.recreation.gov/camping/campgrounds/233864,"Bedal Campground is a primitive campground beside the Sauk River. Recreation.gov publishes 22 standard sites with vault toilets, food-storage lockers, fire rings, and a boat ramp for whitewater paddlers. There is no potable water, electrical service, shower, or dump station. Current public inventory publishes site-specific RV lengths up to 58 feet, but many sites are much shorter and trailer fields are often unreported.",~2 hr from Seattle,2-3hrs,120,"Mountain Loop Highway, Darrington, WA 98241",22,58,2,Gravel,0,false,1,1,"Sauk River access
Whitewater paddling launch
Fishing under current regulations
North Fork Sauk Falls area
Nearby forest hiking
Mountain Loop scenic drive","Primitive Sauk River camping with whitewater access, fishing, nearby waterfalls, and no potable water.","Bedal sits on the eastern Mountain Loop Highway near Sauk River recreation and forest trails. The access road and nearby trails change with weather, washouts, snow, and fire conditions.",true,true,false,true,false,false,false,Vaulted toilets,false,false,true,Only vault toilets are available on site — no showers or drinking water. Fire pits are listed as available; check current fire restrictions with the operator.,"Darrington, WA",25,16,16,45,30,"The operator publishes 22 standard sites. Site 1 lists the 58-foot maximum, while many inventory records are under 35 feet; confirm the selected site's RV and trailer fields and bring all drinking water.","https://www.google.com/maps?q=48.0968238,-121.3870382",/assets/images/svg/bedal-campground.svg,yes,Approach from Darrington on WA-530 and Mountain Loop Highway. Recreation.gov says the final 7.5 miles are gravel and variable and recommends this direction because the Barlow Pass section may be gated.,https://www.recreation.gov/camping/campgrounds/233864,2026-09-07,48.0968238,-121.3870382,Google Maps named Bedal Campground point corroborated by Recreation.gov facility and campsite coordinates,2026-09-07,named campground point,91.3,109,"Seattle, Washington","https://www.google.com/maps/dir/?api=1&origin=Seattle%2C%20Washington&destination=48.0968238,-121.3870382&travelmode=driving",2026-09-07,Uses the Forest Service-recommended approach through Darrington on WA-530. The final 7.5 miles are gravel and variable; the Barlow Pass approach may be gated.
Horseshoe Cove Campground,horseshoe-cove-campground,2026-09-07,shannon-creek-campground;panorama-point-campground;silver-fir-campground;goodell-creek-campground,,,,false,true,,,,https://westcoastrvcamping.com/assets/images/topo/horseshoe-cove-campground.jpg,,"Baker Lake campground with 39 campsites including three group sites, a sandy swimming beach, boat ramp, forested shoreline, and no hookups.",National Forest,Twenty-five campsites are normally reservable through Recreation.gov and remaining sites are first-come during the operating season; confirm current opening dates and availability,https://www.recreation.gov/camping/campgrounds/232059,"Horseshoe Cove Campground is on the west shore of Baker Lake. Recreation.gov and Forest Service material publish 39 campsites including three group sites, with standard tent-and-trailer camping, a sandy swimming beach, a boat ramp, and trail access. Campsites have no utility hookups, showers, or dump station. Current public individual-site inventory does not publish usable RV lengths; the 40-foot values belong to group and management records, so no park-wide maximum is claimed.",~2 hr 15 min from Seattle,2-3hrs,135,"NF-1118, Concrete, WA 98237",39,,1,Gravel,0,false,1,1,"Baker Lake swimming beach
Boating and paddling
Fishing under current regulations
Baker Lake shoreline access
Nearby family-friendly trails
Picnicking","Baker Lake camping with a sandy swim beach, boat ramp, paddling, fishing, and nearby trails.","The campground sits on Baker Lake below Mount Baker and North Cascades trail systems. Lake levels, fire restrictions, and seasonal road operations affect access and recreation.",true,true,true,true,true,true,false,Flush toilets,false,true,true,"Flush toilets and drinking water are available, but no showers on site. Fire pits are listed as available; check current fire restrictions with the operator.","Concrete, WA",15,15,15,50,30,"The 39-site published total includes three group sites. Public individual-site RV length values are not supplied, so verify the selected site rather than relying on the group-site 40-foot field.","https://www.google.com/maps?q=48.6719430,-121.6764490",/assets/images/svg/horseshoe-cove-campground.svg,yes,"Follow SR-20 to Baker Lake Road, then NF-1118 past Bayview Campground. Confirm seasonal road, campground, lake, and fire conditions before travel.",https://www.recreation.gov/camping/campgrounds/232059,2026-09-07,48.6719430,-121.6764490,Recreation.gov facility point corroborated by its campsite coordinate cluster and Forest Service Baker Lake directions,2026-09-07,campground entrance/address point,106,115,"Seattle, Washington","https://www.google.com/maps/dir/?api=1&origin=Seattle%2C%20Washington&destination=48.6719430,-121.6764490&travelmode=driving",2026-09-07,"Fastest normal I-5, SR-20, Baker Lake Road, and NF-1118 route at review time. Public estimate adds a towing and traffic margin."
Shannon Creek Campground,shannon-creek-campground,2026-09-07,panorama-point-campground;horseshoe-cove-campground;silver-fir-campground;douglas-fir-campground,,,,false,true,,,,https://westcoastrvcamping.com/assets/images/topo/shannon-creek-campground.jpg,,"North Baker Lake campground with 14 public RV-capable sites, four tent-only booking units, drinking water, vault toilets, and no hookups.",National Forest,"Reservable through Recreation.gov during the operating season, generally up to six months ahead; currently shown seasonally closed by the Forest Service",https://www.recreation.gov/camping/campgrounds/232096,"Shannon Creek Campground sits near the north end of Baker Lake. The live Recreation.gov inventory contains 14 public standard sites that permit RVs and four tent-only booking units; two management records are excluded. Public RV-capable sites publish lengths up to 36 feet. The campground has drinking water, vault toilets, picnic tables, and fire rings but no electrical hookups, showers, or dump station. The current Forest Service recreation listing shows the campground seasonally closed, so visitors should use live availability before travel.",~2 hr 25 min from Seattle,2-3hrs,145,"Baker Lake Road, Concrete, WA 98237",14,36,1,Gravel,0,false,1,1,"Baker Lake paddling and boating
Swimming
Fishing under current regulations
Baker Lake Trail
Baker River Trail
Old-growth forest walks","North Baker Lake camping with paddling, swimming, fishing, and access to family-friendly forest trails.","Shannon Creek is near Baker Lake, the Baker River Trail, and North Cascades National Park access. Seasonal closures, snow, fire restrictions, and lake conditions affect recreation.",true,true,true,true,false,true,false,Vaulted toilets,false,true,true,"Vault toilets and drinking water are available, but no showers on site. Fire pits are listed as available; check current fire restrictions with the operator.","Concrete, WA",12,23,23,50,30,The 14-site RV count excludes four tent-only booking units and two management records. Public RV-capable sites range from 22 to 36 feet in the current inventory.,"https://www.google.com/maps?q=48.7383462,-121.5994990",/assets/images/svg/shannon-creek-campground.svg,yes,"The campground is approximately 23.3 miles up Baker Lake Road from SR-20. Confirm the seasonal opening, road, fire, and lake conditions before travel.",https://www.recreation.gov/camping/campgrounds/232096,2026-09-07,48.7383462,-121.5994990,Google Maps named Shannon Creek Campground point corroborated by Recreation.gov campsite coordinates and official Baker Lake Road directions,2026-09-07,named campground point,112,125,"Seattle, Washington","https://www.google.com/maps/dir/?api=1&origin=Seattle%2C%20Washington&destination=48.7383462,-121.5994990&travelmode=driving",2026-09-07,"Fastest normal I-5, SR-20, and Baker Lake Road route at review time. Public estimate adds a towing and traffic margin."
Douglas Fir Campground,douglas-fir-campground,2026-02-21,silver-lake-park;silver-fir-campground;shannon-creek-campground;panorama-point-campground,,,,false,true,,,,https://westcoastrvcamping.com/assets/images/topo/douglas-fir-campground.jpg,,30-site Nooksack River campground near Glacier — gateway to Mount Baker's Heather Meadows alpine wildflowers. Close to the small town of Glacier for supplies.,National Forest,Reserving 6 months in advance,https://www.recreation.gov/camping/campgrounds/232038,"Douglas Fir Campground sits 2 miles east of Glacier on the North Fork Nooksack River, making it the closest developed National Forest campground to Mount Baker's famous alpine recreation zone. Thirty sites accommodate RVs up to 32 feet on gravel pads with vault toilets and potable water. Glacier's small grocery store is only 2 miles back down the highway. Drive up Mount Baker Scenic Byway (SR-542) for 18 miles to reach the breathtaking Heather Meadows wildflower basin.",~2 hr 15 min from Seattle,2-3hrs,135,"SR-542, Glacier, WA 98244 (MP 35)",30,32,2,Gravel,0,false,1,1,"Mount Baker Scenic Byway drive to Heather Meadows
Heather Meadows alpine wildflower hike (18 mi up)
North Fork Nooksack River fishing
Table Mountain Trail (day trip)
Artist Ridge Trail (easy alpine ridge walk)
Picnic Nooksack River flats",Gateway camp for Mt. Baker's Heather Meadows wildflowers just 2 miles from Glacier services.,"Douglas Fir Campground sits at the confluence of the North Fork Nooksack River and Glacier Creek, at the foot of Mount Baker's dramatic north face — one of the steepest glacier faces in the Cascades, where the Coleman-Deming Glacier descends from the summit in a massive ice wall. The Mount Baker Scenic Byway above camp is one of the most spectacular mountain drives in the Pacific Northwest, climbing through old-growth forest to Heather Meadows at 4,200 feet where the Artist Point area provides one of the most photographed mountain panoramas in Washington. The North Fork Nooksack River is critical Chinook salmon habitat, and spawning salmon are visible in the river gravel adjacent to the campground in late fall — a powerful reminder that this entire ecosystem from mountain glacier to marine estuary functions as a single connected system.",true,true,false,false,false,false,false,Vaulted toilets,false,true,true,"Vault toilets and drinking water are available, but no showers on site. Fire pits are listed as available; check current fire restrictions with the operator.","Glacier, WA",40,2,2,45,20,Old-growth Douglas firs up to 6 ft in diameter provide stunning canopy cover. Sites near the North Fork Nooksack River (1–10) are the most scenic. The Nooksack Falls viewpoint (2 mi east) is a must-visit. A good base for Mt Baker day hikes before the higher-elevation camps. The shaded sites stay cooler on hot days. Fills on peak summer weekends.,"https://www.google.com/maps?q=48.9022903,-121.9120585",/assets/images/svg/douglas-fir-campground.svg,,,,,48.9022903,-121.9120585,Google Maps named campground destination; corroborated by Recreation.gov facility record and agency directions,2026-09-06,reviewed campground navigation point,116,131,"Seattle, Washington","https://www.google.com/maps/dir/?api=1&origin=Seattle%2C%20Washington&destination=48.9022903,-121.9120585&travelmode=driving",2026-09-06,Current fastest driving estimate; public estimate rounded up to the next 15 minutes.
Silver Fir Campground,silver-fir-campground,2026-02-21,douglas-fir-campground;silver-lake-park;shannon-creek-campground;panorama-point-campground,,,,false,true,,,,https://westcoastrvcamping.com/assets/images/topo/silver-fir-campground.jpg,,"~20-site forested campground deeper into the Mount Baker Scenic Byway with Nooksack River access, a group picnic shelter, and close proximity to Heather Meadows trails.",National Forest,Reserving 6 months in advance,https://www.recreation.gov/camping/campgrounds/232099,"Silver Fir Campground sits about 12 miles up the Mount Baker Scenic Byway from Glacier in dense old-growth forest, with approximately 20 sites accommodating RVs up to 30 feet. Vault toilets, potable water, and a group picnic shelter are on site. This campground puts families closer to the Heather Meadows trailheads at the end of SR-542 — just 6 more miles up the road to alpine wildflower meadows, Table Mountain, and Artist Ridge. Grocery services are about 20 minutes back down the mountain in Glacier.",~2 hr 30 min from Seattle,2-3hrs,150,"SR-542, Glacier, WA 98244 (MP 46)",20,30,2,Gravel,0,false,1,1,"Heather Meadows alpine hike (6 mi up the road)
Artist Ridge Trail (easy 1-mi accessible loop)
Table Mountain Trail (moderate 3.5 mi)
North Fork Nooksack River exploration
Mount Shuksan photography (world-famous views)
Summer wildflower identification walks",Forest base camp 6 miles from Mt. Baker's Heather Meadows and iconic Mount Shuksan views.,"Silver Fir Campground sits in the ancient forest of the Mount Baker-Snoqualmie National Forest at the last stop before Heather Meadows — the gateway to Mount Baker's world-record snowfall country, where 95 feet of snow fell in the 1998–99 winter. The surrounding forest of massive silver fir, western hemlock, and yellow cedar represents one of the most productive temperate forest ecosystems on Earth, where individual trees can live over 1,000 years and accumulate biomass exceeding any tropical forest. Mount Baker's volcanic heat creates ice-free summit fumaroles visible on clear days from camp, and the mountain's persistent activity means this is one of the most volcanically monitored peaks in the Cascades — next most likely after St. Helens to erupt.",true,false,false,false,false,false,false,Vaulted toilets,false,true,true,"Vault toilets and drinking water are available, but no showers on site. Fire pits are listed as available; check current fire restrictions with the operator.","Glacier, WA",40,20,20,50,25,Highest-elevation campground on the Mt Baker Highway — the coolest and often the wettest. Sites 1–8 are the flattest and best for RVs. A great base for Artist Point and Table Mountain hikes when the road is open (typically late July through October). The alpine meadow scenery just above camp is extraordinary. Always bring rain gear regardless of the forecast — Mt Baker's weather is unpredictable.,"https://www.google.com/maps?q=48.9032989,-121.6962272",/assets/images/svg/silver-fir-campground.svg,,,,,48.9032989,-121.6962272,Google Maps named campground destination; corroborated by Recreation.gov facility record and agency directions,2026-09-06,reviewed campground navigation point,127,146,"Seattle, Washington","https://www.google.com/maps/dir/?api=1&origin=Seattle%2C%20Washington&destination=48.9032989,-121.6962272&travelmode=driving",2026-09-06,Current fastest driving estimate; public estimate rounded up to the next 15 minutes.
Seal Rock Campground,seal-rock-campground,2026-09-09,cove-rv-park-country-store;dosewallips-state-park;falls-view-campground;quilcene-campground,,,,false,false,,,,https://westcoastrvcamping.com/assets/images/topo/seal-rock-campground.jpg,,Hood Canal National Forest campground with 41 tent/RV sites and a current 21-foot published RV limit; the Forest Service presently labels the facility closed.,National Forest,Campground closed; check Forest Service status before travel,https://www.fs.usda.gov/activity/olympic/recreation/camping-cabins/?actid=31&recid=47687,"Seal Rock is a saltwater Olympic National Forest campground on Hood Canal with 41 tent/RV sites, including three paved accessible units. The Forest Service's current recreation inventory labels the facility closed, so do not rely on it for an overnight stop until the operator posts a reopening. Current Forest Service trip material publishes a 21-foot RV and trailer maximum, correcting the older 40-foot figure previously shown here. When open, the campground provides drinking water, flush toilets, waterfront access, shellfish opportunities subject to WDFW rules, and two short interpretive trails.",~2 hr 15 min from Seattle,2-3hrs,135,"305365 US Highway 101, Brinnon, WA 98320",41,21,1,Mixed,0,false,1,1,"Public oyster harvesting on Hood Canal tidelands
Hood Canal beach and tide pool exploration
Kayaking and boating from beach
Fishing for salmon and lingcod
Two accessible interpretive trails (0.5 mi each)
Wildlife watching (otters, seals, eagles)","Rare saltwater NF camping with public oyster harvesting, flush toilets, and Hood Canal beach access.","Seal Rock Campground sits directly on Hood Canal in the Olympic National Forest, where the canal's glacially carved waters separate the Olympic Mountains from the Kitsap Peninsula and support one of the most productive marine ecosystems in the Pacific Northwest. The intertidal zone at Seal Rock exposes a classic Pacific Northwest rocky shoreline community at low tide — sea stars, purple sea urchins, giant green anemones, and hermit crabs occupy the rock pools within steps of the campground. The surrounding Olympic National Forest transitions directly to Olympic National Park just up the slope, and the old-growth forest corridor supports populations of marbled murrelet — the threatened seabird that nests exclusively in old-growth trees and flies to the coast to feed each day.",true,true,false,true,true,true,false,Flush toilets,false,true,true,"Flush toilets and drinking water are available, but no showers on site. Fire pits are listed as available; check current fire restrictions with the operator.","Brinnon, WA",15,1,1,40,25,"The Forest Service currently lists Seal Rock closed. When it reopens, use 21 feet as the published RV and trailer maximum and confirm the assigned site. Check WDFW shellfish status separately before harvesting.","https://www.google.com/maps?q=47.7103836,-122.8903450",/assets/images/svg/seal-rock-campground.svg,yes,Use the exact named campground entrance at 305365 US 101. The Forest Service currently lists the facility closed and publishes a 21-foot RV/trailer maximum.,https://www.fs.usda.gov/activity/olympic/recreation/camping-cabins/?actid=31&recid=47687,2026-09-09,47.7103836,-122.8903450,Google Maps exact named campground point matched to the Forest Service facility page,2026-09-09,named campground point,115,124,"Seattle, Washington","https://www.google.com/maps/dir/?api=1&origin=Seattle%2C%20Washington&destination=47.7103836,-122.8903450&travelmode=driving",2026-09-09,"Uses the no-ferry I-5, Tacoma Narrows, and US 101 route. The public estimate rounds above the observed route and avoids ferry timing uncertainty."
Big Creek Campground,big-creek-campground,2026-09-06,potlatch-state-park;staircase-campground;twanoh-state-park;belfair-state-park,,,,false,true,,,,https://westcoastrvcamping.com/assets/images/topo/big-creek-campground.jpg,,"First-come Olympic National Forest campground near Hoodsport with 64 units, a one-mile creek loop trail, and access toward Lake Cushman and Staircase.",National Forest,"First-come, first-served",https://www.fs.usda.gov/recarea/olympic/recreation/camping-cabins/recarea/?actid=29&recid=79317,"Big Creek Campground has 64 first-come camp units in second-growth forest near Hoodsport. The Forest Service says the campground accepts tents, trailers, and RVs but its current web listing does not publish one campground-wide maximum length. Potable water and accessible vault toilets are available, and the one-mile Big Creek Campground Loop begins on site. Confirm your rig's fit and check the Forest Service page for current status before driving up Forest Road 24.",~1 hr 45 min from Seattle,1-2hrs,105,"Hoodsport, WA 98548 (FR 24, off SR-119)",64,35,1,Gravel,0,false,1,1,"Big Creek Waterfall Loop hike (1.5 mi easy)
Lake Cushman swimming and boating (nearby)
Olympic NP Staircase campground and trails (5 mi)
Fishing in Big Creek and Lake Cushman
Old-growth forest exploration
Wildlife watching (black bear, deer, osprey)",Family campground near Lake Cushman with a waterfall loop trail and Olympic NP day-trip access.,"Big Creek Campground sits in the Hoodsport Ranger District of Olympic National Forest where Big Creek tumbles through old-growth forest before entering Lake Cushman — a reservoir that flooded the lower Skokomish River valley and backs up against the Olympic National Park wilderness boundary. Lake Cushman provides access to the Staircase area of Olympic National Park just 5 miles up the reservoir, where the North Fork Skokomish River carves through some of the most impressive old-growth forest in the Olympic Interior. The surrounding foothills protect critical spotted owl nesting habitat and support populations of black bear, mountain lion, and Roosevelt elk that migrate seasonally between the Olympic high country and the Hood Canal lowlands.",true,true,true,false,false,true,false,Vaulted toilets,false,true,true,"Vault toilets and drinking water are available, but no showers on site. Fire pits are listed as available; check current fire restrictions with the operator.","Hoodsport, WA",16,10,10,45,10,"Small campground on the Hamma Hamma River — a quieter alternative to the larger Hood Canal campgrounds. Riverside sites (1–10) are most scenic. Good base for the Hamma Hamma Recreation Area trails and the Olympic hot springs (no car access — hike or horse only). Typically first-come, first-served outside of peak summer weekends. Wildlife sightings (bear, deer, river otter) are common.","https://www.google.com/maps?q=47.4893,-123.1975",/assets/images/svg/big-creek-campground.svg,yes,The current operator page confirms RV access but does not publish one campground-wide maximum length.,https://www.fs.usda.gov/recarea/olympic/recreation/camping-cabins/recarea/?actid=29&recid=79317,2026-09-06,,,,,,,,,,,
Coho Campground,coho-campground,2026-02-21,graves-creek-campground;schafer-state-park;staircase-campground;big-creek-campground,,,,false,true,,,,https://westcoastrvcamping.com/assets/images/topo/coho-campground.jpg,,"Remote 44-site Wynoochee Lake campground deep in the Olympic NF with flush toilets, a dump station, paved roads, and excellent kokanee fishing. Fuel up before arrival — 40 miles from services.",National Forest,Reserving 6 months in advance,https://www.recreation.gov/camping/campgrounds/233384,"Coho Campground sits on the west shore of Wynoochee Lake deep in the Olympic National Forest, 40+ miles from Montesano via the Wynoochee Valley Road. With paved roads, flush toilets, potable water, a dump station, and 44 sites for RVs up to 36 feet, it has exceptional infrastructure for such a remote location. An accessible Working Forest Nature Trail provides interpretive education about Pacific Northwest timber management. Absolutely no commercial services at the lake — fuel and groceries must be obtained before the long drive in.",~2 hr 30 min from Seattle,2-3hrs,150,"FR 2294, Montesano, WA 98563 (Wynoochee Lake)",44,36,1,Paved,0,true,1,0,"Wynoochee Lake kayaking and paddleboarding
Fishing for kokanee, rainbow, and cutthroat trout
Working Forest Nature Trail (0.5 mi accessible loop)
Lakeside swimming in summer
Wildlife watching (bald eagles, osprey, deer)
Stargazing (exceptional dark skies)","Remote NF gem with flush toilets, paved sites, and excellent fishing on a pristine Olympic Peninsula lake.","Coho Campground sits on the shore of Lake Quinault in the Olympic National Forest, at the edge of the Quinault Rain Forest — one of the most productive temperate rainforests in North America, receiving 12 feet of rainfall annually. The Quinault Valley contains the world's largest known specimens of western red cedar, Sitka spruce, and Douglas fir — record-setting trees that have grown undisturbed in this protected valley for over 1,000 years. Lake Quinault's tributaries support five species of Pacific salmon, and fall spawning runs along the Quinault and North Fork rivers draw bald eagles and black bears to the riverbanks in one of the most accessible salmon-viewing settings on the Olympic Peninsula.",true,true,true,true,false,false,false,Flush toilets,false,true,true,"Flush toilets and drinking water are available, but no showers on site. Fire pits are listed as available; check current fire restrictions with the operator.","Montesano, WA",25,40,40,35,45,"Lake Cushman sites (1–20) are the most popular — the reservoir views with Mt Ellinor backdrop are exceptional. Loop B has electric hookup sites for extended stays. The swim area and boat launch are easily accessible from any site. Fills on summer weekends, especially for the 4th of July and Labor Day — book at the 6-month window opening. The view of Mt Washington from the south shore is excellent.","https://www.google.com/maps?q=47.3904582,-123.6065721",/assets/images/svg/coho-campground.svg,,,,,47.3904582,-123.6065721,Google Maps named campground destination; corroborated by Recreation.gov facility record and agency directions,2026-09-06,reviewed campground navigation point,130,146,"Seattle, Washington","https://www.google.com/maps/dir/?api=1&origin=Seattle%2C%20Washington&destination=47.3904582,-123.6065721&travelmode=driving",2026-09-06,Current fastest driving estimate; public estimate rounded up to the next 15 minutes.
Eightmile Campground,eightmile-campground,2026-02-21,pine-village-koa-holiday;johnny-creek-campground;thousand-trails-leavenworth;nason-creek-campground,,,,false,true,,,,https://westcoastrvcamping.com/assets/images/topo/eightmile-campground.jpg,,"Large 45-site Icicle Creek campground near Leavenworth with RVs to 50 ft, creek-side sites, and trailhead access to the Alpine Lakes Wilderness.",National Forest,Reserving 6 months in advance,https://www.recreation.gov/camping/campgrounds/121440,"Eightmile Campground is the first major campground up the Icicle Creek corridor from Leavenworth, with 45 sites spread among the ponderosa pines accommodating RVs up to 50 feet on gravel pads. Vault toilets and handpump water are on site. The campground serves as a trailhead for the Icicle Creek Trail leading into the Alpine Lakes Wilderness, and creek-side sites provide fun wading opportunities for kids. Leavenworth's famous Bavarian-themed downtown is only 8 miles east for shopping and dining.",~2 hr 15 min from Seattle,2-3hrs,135,"Icicle Creek Rd, Leavenworth, WA 98826 (FR 7600 Mile 8)",45,50,1,Gravel,0,false,1,1,"Icicle Creek Trail into Alpine Lakes Wilderness
Creek wading and swimming holes
Fishing for cutthroat and steelhead
Rock climbing at nearby Icicle Canyon crags
Leavenworth Bavarian village day trip (8 mi)
Wildlife watching (deer, marmots, eagles)","Leavenworth's best NF camping — creek wading, Alpine Lakes trail access, and Bavarian charm 8 miles away.","Eightmile Campground sits in the Icicle Creek corridor at the base of the Stuart Range's granite towers — some of the most dramatic rock climbing terrain in Washington — with direct trail access into the Alpine Lakes Wilderness above camp. The Icicle River flowing past camp is critical wild steelhead habitat, and the crystal-clear water running over granite gravel is among the most undiluted Cascade creek environments accessible by road in the eastern Cascades. The Enchantments, beginning just 6 miles up the drainage, represent one of the most spectacular permitted wilderness destinations in the Pacific Northwest — a series of glacially polished granite lakes at 7,000 feet inhabited by a resident herd of mountain goats.",true,true,true,false,false,false,false,Vaulted toilets,false,true,true,"Vault toilets and drinking water are available, but no showers on site. Fire pits are listed as available; check current fire restrictions with the operator.","Leavenworth, WA",18,8,8,20,8,"Icicle Creek sites (1–20) in the lower loop are the nicest — shaded, cool, and with the sound of the creek. This is the most popular campground on Icicle Road; it fills earliest for summer weekends. Walk or bike to Leavenworth's Bavarian downtown (3 miles) for meals and supplies. An excellent base for the Enchantments wilderness area — the trailhead is 5 miles further up Icicle Road.","https://www.google.com/maps?q=47.550833,-120.766111",/assets/images/svg/eightmile-campground.svg,,,,,47.550833,-120.766111,https://www.recreation.gov/api/camps/campgrounds/121440,2026-09-06,official facility point; confirm entrance routing,,,,,,
Johnny Creek Campground,johnny-creek-campground,2026-09-06,pine-village-koa-holiday;eightmile-campground;thousand-trails-leavenworth;lincoln-rock-state-park,,,,false,true,,,,https://westcoastrvcamping.com/assets/images/topo/johnny-creek-campground.jpg,,"Two-loop Icicle Creek campground with 65 sites for tents, trailers, and RVs up to 65 feet, about 12 miles from Leavenworth.",National Forest,Reserving 6 months in advance,https://www.recreation.gov/camping/campgrounds/10250569,"Johnny Creek has 65 first-come, first-served campsites split between upper and lower loops near the confluence of Johnny Creek and Icicle Creek. Recreation.gov says the sites accept tents, trailers, and RVs up to 65 feet, with a table, fire ring, and grate at each site. Drinking water and vault toilets are available, and Leavenworth is about 12 miles away.",~2 hr 45 min from Seattle,2-3hrs,165,"Icicle Creek Rd, Leavenworth, WA 98826 (FR 7600 Mile 15)",65,65,2,Mixed,0,false,1,0,"Chatter Creek Trail to alpine lakes (day hike)
Trout Creek Trail (moderate to wilderness)
Icicle Creek swimming and fishing
Alpine Lakes Wilderness backpacking access
Rock hunting along creek
Wildlife watching (black bear, mountain goat sightings)",Deep Icicle Canyon camping with 50-ft sites and trailhead access to the Alpine Lakes Wilderness.,"Johnny Creek Campground is tucked into the Icicle Creek canyon of the Okanogan-Wenatchee National Forest, where the creek flows through a landscape transitioning from wet subalpine forest at the Cascade Crest to drier ponderosa pine on the eastern foothills. The Icicle drainage provides trail access to the Stuart Range's eastern face — massive granite formations that rival the Sierra Nevada for scale — and to the upper Icicle alpine country above the wilderness boundary. The canyon's mix of riparian cottonwood, open ponderosa slopes, and old-growth fir creates exceptional bird diversity, with Pacific Coast and Rocky Mountain species meeting at the ecological junction of the Cascades' east slope.",true,true,true,false,false,false,false,Vaulted toilets,false,true,true,"Vault toilets and drinking water are available, but no showers on site. Fire pits are listed as available; check current fire restrictions with the operator.","Leavenworth, WA",20,15,15,20,15,More remote and quieter than Eightmile despite being on the same Icicle Road. Riverside sites (1–25) along the Icicle are best. The upper loop has wider sites for larger rigs. A preferred staging camp for Enchantments and Stuart Lake permit holders — the trailhead is just 2 miles further. Less competition for sites than Eightmile on most weekends; a good backup when the lower campgrounds are full.,"https://www.google.com/maps?q=47.5990390,-120.8173114",/assets/images/svg/johnny-creek-campground.svg,yes,,https://www.recreation.gov/camping/campgrounds/10250569,2026-09-06,47.5990390,-120.8173114,Google Maps named campground destination; corroborated by Recreation.gov facility record and agency directions,2026-09-06,reviewed campground navigation point,128,151,"Seattle, Washington","https://www.google.com/maps/dir/?api=1&origin=Seattle%2C%20Washington&destination=47.5990390,-120.8173114&travelmode=driving",2026-09-06,Current fastest driving estimate; public estimate rounded up to the next 15 minutes.
Nason Creek Campground,nason-creek-campground,2026-02-21,lake-wenatchee-state-park;thousand-trails-leavenworth;pine-village-koa-holiday;eightmile-campground,,,,false,true,,,,https://westcoastrvcamping.com/assets/images/topo/nason-creek-campground.jpg,,"41-site NF campground near Lake Wenatchee State Park with flush toilets (rare for NF), 35 ft max RVs, and easy lake access for swimming and boating.",National Forest,Reserving 6 months in advance,https://www.recreation.gov/camping/campgrounds/121390,"Nason Creek Campground is located at the southeast corner of Lake Wenatchee, adjacent to the state park, with 41 RV-accessible sites for rigs up to 35 feet. Flush toilets — a genuine rarity in the National Forest system — and potable water (handpump, do not attach hoses) make this a comfortable family option. Sixty percent of sites are reservable; the rest are first-come first-served. Lake Wenatchee State Park is 1 mile away for swimming, boating, and showers. Leavenworth's Bavarian village is 19 miles south.",~2 hr from Seattle,2-3hrs,120,"WA-207, Leavenworth, WA 98826 (Lake Wenatchee SE corner)",41,35,2,Mixed,0,false,1,1,"Lake Wenatchee swimming and beach (1 mi at state park)
Nason Creek fishing (cutthroat, steelhead)
Kayaking and canoeing on Lake Wenatchee
Hiking trails in Wenatchee National Forest
Leavenworth Bavarian village day trip (19 mi)
Cross-country skiing in winter",NF camping with flush toilets steps from Lake Wenatchee swimming and the Bavarian charm of Leavenworth.,"Nason Creek Campground sits in the Stevens Pass corridor where Highway 2 crosses the Cascades, adjacent to the Lake Wenatchee State Park and the confluence of Nason Creek and the lake — a junction that concentrates wildlife in the mixed conifer and riparian habitat. The Nason Creek drainage connects directly to the Glacier Peak Wilderness, and the creek supports one of the upper Wenatchee River's most significant wild steelhead spawning reaches — winter runs that have persisted despite decades of pressure from the Highway 2 corridor. Stevens Pass above the campground marks the boundary between Washington's maritime west-slope forest and the drier interior forest to the east, and the ecological transition is dramatically visible in the drive between Leavenworth and Skykomish.",true,true,true,true,true,false,false,Flush toilets,false,true,true,"Flush toilets and drinking water are available, but no showers on site. Fire pits are listed as available; check current fire restrictions with the operator.","Leavenworth, WA",1,19,19,35,19,Sites near Nason Creek (1–25) are the highlight — pleasant creek sounds and good shade from mature conifers. Lake Wenatchee State Park beach is just 1 mile away on foot — excellent for a swim without needing to drive. Good base for both the Wenatchee National Forest trails and the Wenatchee River corridor. Fills on holiday weekends alongside the adjacent state park.,"https://www.google.com/maps?q=47.7995633,-120.7145119",/assets/images/svg/nason-creek-campground.svg,,,,,47.7995633,-120.7145119,Google Maps named campground destination; corroborated by Recreation.gov facility record and agency directions,2026-09-06,reviewed campground navigation point,106,120,"Seattle, Washington","https://www.google.com/maps/dir/?api=1&origin=Seattle%2C%20Washington&destination=47.7995633,-120.7145119&travelmode=driving",2026-09-06,Current fastest driving estimate via US 2; conditions and pass delays vary.
Bonaparte Lake Campground,bonaparte-lake-campground,2026-02-21,swan-lake-campground;curlew-lake-state-park;osoyoos-lake-veterans-memorial-state-park;pearrygin-lake-state-park,,,,false,true,,,,https://westcoastrvcamping.com/assets/images/topo/bonaparte-lake-campground.jpg,,"Scenic Colville NF lake campground near Tonasket with 24 RV sites (40 ft max), a wheelchair-accessible fishing dock, sandy beach, and no-wake nonmotorized lake.",National Forest,Reserving 6 months in advance,https://www.recreation.gov/camping/campgrounds/252036,"Bonaparte Lake Campground sits in mixed ponderosa pine and Douglas fir forest in the Colville National Forest, 30 miles north of Tonasket. Twenty-four RV sites accommodate rigs up to 40-45 feet with a mix of vault and flush toilets, potable water, and a boat launch. A wheelchair-accessible fishing dock and sandy swimming beach make this excellent for families. Internal combustion motors are prohibited on Bonaparte Lake, keeping it calm and serene for kayakers, canoeists, and paddleboarders. Fishing for rainbow trout and kokanee is excellent.",~4 hr 30 min from Seattle,4+ hrs,270,"Bonaparte Lake Rd, Tonasket, WA 98855",24,45,1,Mixed,0,false,2,1,"Kayaking and canoeing on nonmotorized lake
Fishing for rainbow and kokanee from accessible dock
Sandy beach swimming and picnicking
Hiking Bonaparte Mountain Trail (moderate)
Wildlife watching (bald eagles, loons, deer)
Stargazing under dark Okanogan skies","Pristine no-wake mountain lake with a wheelchair-accessible dock, sandy beach, and rainbow trout fishing.","Bonaparte Lake sits in the Okanogan National Forest among the forested highlands of the Okanogan Highlands — a biologically distinct area where Rocky Mountain and Pacific Northwest species overlap, creating exceptional bird diversity including several species at the western edge of their range. The surrounding ponderosa pine and mixed conifer forest supports one of Washington's most significant populations of white-headed woodpecker and flammulated owl — cavity-nesting species that depend on old ponderosa pine — along with breeding osprey and bald eagle on the lake. The Okanogan Highlands form the core range of Washington's growing wolf population, with multiple packs now established in the surrounding national forest and adjacent Colville Indian Reservation lands — making this one of the better regions in Washington to find wolf tracks.",true,true,true,true,true,false,false,Flush toilets,false,true,true,"Flush toilets and drinking water are available, but no showers on site. Fire pits are listed as available; check current fire restrictions with the operator.","Tonasket, WA",30,30,30,90,45,Remote and beautiful — worth the drive into the Okanogan Highlands. Sites near the lake (1–12) are the most popular on this non-motorized lake. The quiet water makes for excellent morning kayaking. Good fishing from the dock for rainbow trout and kokanee. Very limited cell service — a genuine digital detox destination. Mt Bonaparte Lookout Trail from the campground is a rewarding 4-mile hike.,"https://www.google.com/maps?q=48.792464,-119.057419",/assets/images/svg/bonaparte-lake-campground.svg,,,,,48.792464,-119.057419,https://www.recreation.gov/api/camps/campgrounds/252036,2026-09-06,official facility point; confirm entrance routing,,,,,,
Swan Lake Campground,swan-lake-campground,2026-09-06,bonaparte-lake-campground;curlew-lake-state-park;osoyoos-lake-veterans-memorial-state-park;pearrygin-lake-state-park,,,,false,true,,,,https://westcoastrvcamping.com/assets/images/topo/swan-lake-campground.jpg,,"26-site Colville NF alpine lake with pull-through sites for large RVs, nonmotorized fishing lake, a 3-mile shoreline loop trail, and exceptional loon and eagle watching.",National Forest,"First-come, first-served; check Recreation.gov for current payment details",https://www.recreation.gov/camping/campgrounds/10378408,"Swan Lake Campground rings the shore of a pristine nonmotorized alpine lake in the Colville National Forest, 14 miles from Republic. Twenty-six sites include both back-in lakeside spots and pull-through sites accommodating large RVs. Vault toilets and potable water are on site. Internal combustion engines are prohibited, making the lake a mirror-calm haven for kayakers and canoeists. The Swan Lake Trail (#14) is a beautiful easy 3-mile loop around the entire lake. Loons, bald eagles, osprey, deer, and moose are commonly seen.",~5 hr 30 min from Seattle,4+ hrs,330,"Swan Lake Rd, Republic, WA 99166",26,45,1,Gravel,0,false,2,1,"Swan Lake Trail loop (3 mi easy, full lake circuit)
Kayaking and canoeing on calm no-wake lake
Fishing for brook, rainbow, and cutthroat trout
Loon, eagle, and osprey watching
Swimming and picnicking on shoreline
Dark sky stargazing in remote Colville NF",Mirror-calm nonmotorized lake with a 3-mile loop trail and exceptional wildlife viewing in remote Colville NF.,"Swan Lake sits in a glacially carved basin in the Colville National Forest surrounded by the larch and pine forests of the Okanogan Highlands, where the combination of the lake's productive fishery and surrounding wetlands creates remarkable loon nesting habitat. Common loons — Washington's most evocative lake bird — nest regularly on Swan Lake's quiet shores, and the no-wake boating regulation protects both loon nesting and the extraordinary dark-sky conditions that make this one of the premier stargazing lakes in northeast Washington. The surrounding Colville National Forest is home to recovering populations of moose, which have dramatically expanded their range in northeast Washington over the past two decades, and the wetlands around the lake are excellent moose viewing habitat at dawn and dusk.",true,true,true,true,false,false,false,Vaulted toilets,false,true,true,"Vault toilets and drinking water are available, but no showers on site. Fire pits are listed as available; check current fire restrictions with the operator.","Republic, WA",35,14,14,90,30,"Use the reviewed campground entrance south of Republic and confirm the current pad dimensions for your rig before towing in. The lakeside loop is best suited to a quiet stay, paddling, fishing, and the shoreline trail. Bring groceries and fuel from Republic; on-site services are limited, and seasonal water availability should be confirmed with the operator.","https://www.google.com/maps?q=48.5150070,-118.8352762",/assets/images/svg/swan-lake-campground.svg,yes,,https://www.recreation.gov/camping/campgrounds/10378408,2026-09-06,48.5150070,-118.8352762,Google Maps named campground destination; corroborated by Recreation.gov facility record and agency directions,2026-09-06,reviewed campground navigation point,299,316,"Seattle, Washington","https://www.google.com/maps/dir/?api=1&origin=Seattle%2C%20Washington&destination=48.5150070,-118.8352762&travelmode=driving",2026-09-06,Current fastest driving estimate; public estimate rounded up to the next 15 minutes.
East Sullivan Campground,east-sullivan-campground,2026-02-21,noisy-creek-campground;curlew-lake-state-park;riverside-state-park,,,,false,true,,,,https://westcoastrvcamping.com/assets/images/topo/east-sullivan-campground.jpg,,"Largest Sullivan Lake campground with 38 RV sites (55 ft max), near Metaline Falls — known for kokanee fishing, kayaking, and a unique fly-in airstrip for bush pilots.",National Forest,Reserving 6 months in advance,https://www.recreation.gov/camping/campgrounds/231987,"East Sullivan Campground sits at the north end of Sullivan Lake in the remote northeast corner of Washington, 5 miles east of Metaline Falls. Thirty-eight RV sites accommodate rigs up to 55 feet — one of the largest NF campground RV limits in the state. Vault toilets and potable water are on site, plus a day-use area, swimming beach, and paddleboard rentals. The 4.2-mile Lakeshore National Scenic Trail starts here. A unique bonus: an adjacent grass airstrip accommodates small planes for fly-in camping.",~5 hr 30 min from Seattle,4+ hrs,330,"Sullivan Lake Rd, Metaline Falls, WA 99153",38,55,1,Mixed,0,false,2,1,"Lakeshore National Scenic Trail (4.2 mi easy)
Kayaking and paddleboarding (rentals on site)
Fishing for kokanee, cutthroat, and burbot
Swimming at day-use beach
Wildlife watching (moose, bald eagles, loons)
Fly-in camping via adjacent grass airstrip","Remote mountain lake with a 55-ft RV max, 4-mile scenic trail, and a unique fly-in airstrip.","East Sullivan Campground sits on the quieter eastern shore of Sullivan Lake in the Colville National Forest's Selkirk Mountains, a region more reminiscent ecologically of northern Idaho and British Columbia than the rest of Washington State. The Salmo-Priest Wilderness, accessible from trails near the lake, is the southernmost habitat for the woodland caribou herd that crosses the US-Canada border — the only caribou population remaining in the lower 48 states. Sullivan Lake's deep, cold water supports bull trout — a cold-water indicator species requiring pristine habitat — and the surrounding forest is home to recovering populations of fisher, a rare mustelid now rebounding after successful reintroduction in the Selkirks.",true,true,true,true,true,false,false,Vaulted toilets,false,true,true,"Vault toilets and drinking water are available, but no showers on site. Fire pits are listed as available; check current fire restrictions with the operator.","Metaline Falls, WA",25,5,5,70,35,Sullivan Lake is one of the most underrated lakes in northeastern WA. Sites 1–20 near the lake are the most desirable and fill first. The Lakeshore National Scenic Trail begins right at the campground. Good fishing from the dock. The Colville National Forest here is beautiful and rarely overcrowded. Highly recommended for those who want a destination feel without the competition of more famous WA campgrounds.,"https://www.google.com/maps?q=48.861389,-117.282778",/assets/images/svg/east-sullivan-campground.svg,,,,,48.861389,-117.282778,https://www.recreation.gov/api/camps/campgrounds/231987,2026-09-06,official facility point; confirm entrance routing,,,,,,
Noisy Creek Campground,noisy-creek-campground,2026-02-21,east-sullivan-campground;curlew-lake-state-park;riverside-state-park,,,,false,true,,,,https://westcoastrvcamping.com/assets/images/topo/noisy-creek-campground.jpg,,"28-site Sullivan Lake campground at the south end of the lake with 45 ft RV access, Lakeshore National Scenic Trail connection, and top-notch kokanee fishing.",National Forest,Reserving 6 months in advance,https://www.recreation.gov/camping/campgrounds/231988,"Noisy Creek Campground anchors the south end of Sullivan Lake in Colville National Forest with 28 RV sites accommodating rigs up to 45 feet on gravel and dirt pads. Vault toilets and potable water serve all campers. The Lakeshore National Scenic Trail connects both ends of the lake (4.2 miles one way), and Noisy Creek Trail adds forested canyon exploration. Sullivan Lake is renowned for its kokanee salmon and burbot fishing, as well as kayaking, paddleboarding, and sailing. One of Washington's most remote and scenic alpine lakes.",~6 hr from Seattle,4+ hrs,360,"Sullivan Lake Rd S, Metaline Falls, WA 99153",28,45,2,Mixed,0,false,2,1,"Lakeshore National Scenic Trail (4.2 mi one way)
Noisy Creek Trail (forest canyon hike)
Fishing for kokanee salmon and burbot
Kayaking and paddleboarding on mountain lake
Swimming and beach picnicking
Wildlife watching (moose, eagles, black bear)","Remote Sullivan Lake south-end camp with 45-ft RV sites, a National Scenic Trail, and exceptional fishing.","Noisy Creek Campground anchors the south end of Sullivan Lake in the Colville National Forest, where the Selkirk Mountains rise steeply from the lakeshore in a landscape that grades from ponderosa pine forest on the lower slopes to subalpine fir and larch near the ridgeline. The Salmo-Priest Wilderness, accessible from trails near Sullivan Lake, protects the most rugged terrain in the Selkirks and is the core habitat for the only remaining caribou herd in the lower 48 states — animals rarely seen but whose presence transforms this forest into something larger and wilder. The Sullivan Lake Ranger District manages some of the best remaining old-growth western larch stands in Washington — towering deciduous conifers that turn brilliant gold each October before shedding their needles in a display unique among Pacific Northwest conifers.",true,true,true,true,true,false,false,Vaulted toilets,false,true,true,"Vault toilets and drinking water are available, but no showers on site. Fire pits are listed as available; check current fire restrictions with the operator.","Metaline Falls, WA",25,20,20,70,30,"Smaller and quieter than East Sullivan on the same beautiful lake. Sites near Noisy Creek (1–10) have a pleasant cascade soundtrack. A good overflow option when East Sullivan is full, or a deliberate choice for more privacy. The Lakeshore Trail connects both campgrounds — walk it for a beautiful lake circuit. Very little foot traffic midweek; often available without a reservation outside peak summer.","https://www.google.com/maps?q=48.7895506,-117.2831351",/assets/images/svg/noisy-creek-campground.svg,,,,,48.7895506,-117.2831351,Google Maps named campground destination; corroborated by Recreation.gov facility record and agency directions,2026-09-06,reviewed campground navigation point,374,357,"Seattle, Washington","https://www.google.com/maps/dir/?api=1&origin=Seattle%2C%20Washington&destination=48.7895506,-117.2831351&travelmode=driving",2026-09-06,Current fastest driving estimate; road closures and conditions can materially change this trip.
Iron Creek Campground,iron-creek-campground,2026-02-21,packwood-rv-park-campground;ike-kinswa-state-park;cougar-rock-campground;la-wis-wis-campground,,,,false,true,,,,https://westcoastrvcamping.com/assets/images/topo/iron-creek-campground.jpg,,Largest Gifford Pinchot NF campground with 99 paved RV sites near Mt. St. Helens and Randle. Best NF infrastructure in SW Washington — all sites level and paved.,National Forest,Reserving 6 months in advance,https://www.recreation.gov/camping/campgrounds/232853,"Iron Creek is the premier RV campground in the Gifford Pinchot National Forest, with 99 fully paved back-in sites across four loops in old-growth Douglas fir and cedar forest along the Cispus River. RVs up to 40 feet fit easily on the level, paved pads with handpump water and vault toilets. Just 12 miles from Randle, it serves as a base camp for Mount St. Helens exploration. Windy Ridge Viewpoint and Johnston Ridge Observatory are scenic day-trip destinations. Woods Creek Watchable Wildlife site is nearby.",~2 hr 30 min from Seattle,2-3hrs,150,"FR 25, Randle, WA 98377 (near Cispus River)",99,40,1,Paved,0,false,1,1,"Mt. St. Helens Windy Ridge Viewpoint (day trip)
Johnston Ridge Observatory scenic drive (1.5 hrs)
Cispus River fishing and wading
Woods Creek Watchable Wildlife interpretive walk
Hiking Cispus River trails
Lava tube and volcanic landscape exploration",99 paved sites make this the best NF base camp for Mt. St. Helens exploration in SW Washington.,"Iron Creek Campground sits in the Gifford Pinchot National Forest 9 miles from Mount St. Helens, in a landscape shaped by the 1980 eruption and now representing one of the world's most closely monitored post-volcanic forest recovery ecosystems. The Cispus River flowing past camp is a tributary of the Cowlitz, draining the south flank of Mount Rainier and the north slopes of Mount St. Helens — a volcanic watershed where lahars have repeatedly reshaped valleys over millennia. The surrounding Gifford Pinchot National Forest connects the St. Helens blast zone to the old-growth Dark Divide Roadless Area, one of the largest unprotected roadless areas in Washington and critical habitat for elk, black bear, and mountain lion.",true,true,true,false,false,false,false,Vaulted toilets,false,true,true,"Vault toilets and drinking water are available, but no showers on site. Fire pits are listed as available; check current fire restrictions with the operator.","Randle, WA",30,12,12,60,55,Large campground with a good variety of sites. Cispus River sites (1–35) are most scenic. Loop B has pull-through sites suitable for rigs up to 40 ft. A popular base for Mt St Helens exploration via the northeast approach. The campground fills on summer weekends — book early. Morning fog off the Cispus is beautiful; early risers are rewarded.,"https://www.google.com/maps?q=46.4297222,-121.9869444",/assets/images/svg/iron-creek-campground.svg,,,,,46.4297222,-121.9869444,Google Maps named campground destination; corroborated by Recreation.gov facility record and agency directions,2026-09-06,reviewed campground navigation point,116,145,"Seattle, Washington","https://www.google.com/maps/dir/?api=1&origin=Seattle%2C%20Washington&destination=46.4297222,-121.9869444&travelmode=driving",2026-09-06,Current fastest driving estimate; public estimate rounded up to the next 15 minutes.
Takhlakh Lake Campground,takhlakh-lake-campground,2026-02-21,walupt-lake-campground;lower-falls-campground;peterson-prairie-campground;packwood-rv-park-campground,,,,false,true,,,,https://westcoastrvcamping.com/assets/images/topo/takhlakh-lake-campground.jpg,,"54-site alpine lake campground near Randle with three-volcano views (Adams, Rainier, St. Helens), kayaking, and trout fishing. No on-site water — bring your own.",National Forest,Reserving 6 months in advance,https://www.recreation.gov/camping/campgrounds/232861,"Takhlakh Lake Campground is one of the most scenically rewarding campgrounds in Washington, with multiple sites offering unobstructed views of Mount Adams, Mount Rainier, and Mount St. Helens reflected in the clear lake. Fifty-four back-in sites accommodate RVs up to 40 feet, with vault toilets and fire rings. Important: there is no potable water on site — fill tanks before the 30-mile drive from Randle. Only electric motors are permitted on the lake. The surrounding Gifford Pinchot backcountry offers excellent day hikes.",~3 hr 15 min from Seattle,3-4hrs,195,"FR 2329, Randle, WA 98377 (near Mount Adams)",54,40,2,Gravel,0,false,2,0,"Three-volcano view photography (Adams, Rainier, St. Helens)
Kayaking and canoeing on alpine lake
Fishing for rainbow and brown trout
Mount Adams Wilderness day hiking access
Alpine meadow wildflower walks
Stargazing under remote dark skies",Three-volcano reflections on a pristine alpine lake — one of the most scenic NF campgrounds in Washington.,"Takhlakh Lake sits at 4,400 feet on the western flank of Mount Adams in the Gifford Pinchot National Forest, offering one of the most celebrated mountain reflections in the Pacific Northwest — the volcano's snow-clad summit mirrored in the still lake at dawn. The surrounding Mount Adams Wilderness protects 47,000 acres of volcanic terrain from the summit ice cap down through subalpine meadows rich with lupine, paintbrush, and the huckleberry that has drawn indigenous peoples to these slopes for thousands of years. The Cispus River valley below Adams and the Indian Heaven plateau to the west are critical summer range for elk herds that winter in the Columbia River valley — one of the most intact ungulate seasonal migration corridors remaining in southern Washington.",true,true,false,true,false,false,false,Vaulted toilets,false,false,true,Only vault toilets are available on site — no showers or drinking water. Fire pits are listed as available; check current fire restrictions with the operator.,"Randle, WA",65,30,30,80,80,"One of the most photogenic campgrounds in Washington — Mt Adams reflected in Takhlakh Lake at sunrise is world-class. Sites 1–25 near the lake are the premium spots and require booking 6 months in advance. The reflection is sharpest in early morning before wind disturbs the surface. Bring layers — at 4,500 ft elevation, nights are cold even in August. The huckleberry fields surrounding the lake are excellent for late-summer foraging.","https://www.google.com/maps?q=46.280833,-121.598611",/assets/images/svg/takhlakh-lake-campground.svg,,,,,46.280833,-121.598611,https://www.recreation.gov/api/camps/campgrounds/232861,2026-09-06,official facility point; confirm entrance routing,,,,,,
Walupt Lake Campground,walupt-lake-campground,2026-02-21,takhlakh-lake-campground;packwood-rv-park-campground;la-wis-wis-campground;ohanapecosh-campground,,,,false,true,,,,https://westcoastrvcamping.com/assets/images/topo/walupt-lake-campground.jpg,,"42-site alpine lake campground near Randle with Mount Adams views, excellent trout fishing, and access to the Pacific Crest Trail. No on-site water — bring your own.",National Forest,Reserving 6 months in advance,https://www.recreation.gov/camping/campgrounds/232860,"Walupt Lake Campground is tucked into a high-elevation basin in the Gifford Pinchot National Forest with 42 RV-dedicated sites for rigs up to 40 feet on gravel pads, plus additional tent sites. Vault toilets and fire rings are provided, but there is no potable water — fill tanks in Randle before the 40-mile drive in. The jewel-blue lake is excellent for fishing rainbow and brown trout, and the PCT is accessible from trailheads nearby for day hikes into the Goat Rocks Wilderness. Mount Adams dominates the skyline from camp.",~3 hr 30 min from Seattle,3-4hrs,210,"FR 21, Randle, WA 98377 (near Goat Rocks Wilderness)",42,40,1,Gravel,0,false,2,0,"Pacific Crest Trail (PCT) day hike access
Goat Rocks Wilderness backcountry hiking
Fishing for rainbow and brown trout
Kayaking and canoeing on alpine lake
Mount Adams photography and views
Wildflower identification in alpine meadows",PCT access and rainbow trout fishing at a high-alpine lake with Mount Adams views near Randle.,"Walupt Lake sits in a cirque basin at 3,900 feet on the eastern edge of the Goat Rocks Wilderness, where the Pacific Crest Trail traverses some of the most dramatic alpine terrain in Washington — serrated ridges of ancient volcanic rock rising above glacial tarns and snow-fed wildflower meadows. The Goat Rocks Wilderness is named for the mountain goat population that occupies the high ridge country, and the PCT traverse of the Goat Rocks is one of the classic high-route passages on the entire trail — a ridge walk with views of Rainier, Adams, and St. Helens simultaneously. The Cispus and Klickitat River headwaters both originate in the Goat Rocks, and the wilderness serves as the critical linkage corridor between the Rainier ecosystem to the north and the Columbia River lowlands to the south for elk, black bear, and mountain lion.",true,true,false,true,false,false,false,Vaulted toilets,false,false,true,Only vault toilets are available on site — no showers or drinking water. Fire pits are listed as available; check current fire restrictions with the operator.,"Randle, WA",45,40,40,65,65,Sites near the lake outlet (1–20) are the most scenic and fill first. The Goat Rocks Wilderness trailhead begins at the campground — excellent staging for backpacking trips. The lake is cold and clear; bring a kayak or canoe for spectacular mountain-framed paddling. Equestrian campers are well-accommodated. Limited cell service — this is true backcountry-adjacent camping.,"https://www.google.com/maps?q=46.423056,-121.473611",/assets/images/svg/walupt-lake-campground.svg,,,,,46.423056,-121.473611,https://www.recreation.gov/api/camps/campgrounds/232860,2026-09-06,official facility point; confirm entrance routing,,,,,,
Millersylvania State Park,millersylvania-state-park,2026-09-07,american-heritage-campground;lewis-and-clark-state-park;rainbow-falls-state-park;penrose-point-state-park,,,,false,true,,,,https://westcoastrvcamping.com/assets/images/topo/millersylvania-state-park.jpg,,"Year-round Deep Lake campground south of Olympia with 93 standard and 45 utility sites, showers, a trailer dump, forest trails, and a 60-foot limit.",State Park,Campsites reservable year-round; unreserved sites may be available first-come,https://parks.wa.gov/find-parks/state-parks/millersylvania-state-park,"Millersylvania State Park surrounds Deep Lake in forest south of Olympia. The official campground brochure and current campground map identify 93 standard campsites and 45 utility sites, for 138 vehicle campsites. Washington State Parks lists showers, drinking water, a trailer dump, and an equipment limit of 60 feet. Campsites can be reserved year-round. A trail near campsite 31 is closed indefinitely; use the current park map and alerts when choosing routes through the campground.",~1 hr 15 min from Seattle,1-2hrs,75,"12245 Tilley Road S, Olympia, WA 98512",138,60,2,Gravel,2,true,1,2,"Swimming
Fishing
Hiking
Boating (electric motors only)
Bird watching
Playground
Historic CCC structures","Swimming lake with lifeguards, fishing, old-growth forest hiking, and electric-only boating — all just south of Olympia.","Millersylvania State Park includes forest trails, wetlands, and Deep Lake. Visitors use the lake for swimming, paddling, and fishing; check current park alerts and seasonal water conditions before a visit.",true,true,true,false,false,true,true,Flush toilets,true,true,true,"Flush toilets, showers, and drinking water are all on site. Fire pits are listed as available; check current fire restrictions with the operator.",Olympia (12 mi),8,6,6,12,6,Deep Lake waterfront sites in Loop A (1–40) are the most popular — book these first. Loops B and C have full hookup sites convenient for extended stays. The lake is excellent for non-motorized boating and swimming. Easy access to Olympia and the Capitol Campus for day trips. The old-growth forest trails in the park interior are beautiful and underused — a peaceful morning walk from any campsite.,"https://www.google.com/maps?q=46.9150377,-122.9134965",/assets/images/svg/millersylvania-state-park.svg,yes,The 138-site total includes 93 standard and 45 utility campsites. A trail near campsite 31 is closed indefinitely.,https://parks.wa.gov/find-parks/state-parks/millersylvania-state-park,2026-09-07,46.9150377,-122.9134965,Google Maps exact named park destination matched to the current Washington State Parks address and published locate point,2026-09-07,park entrance/address point,71,69,"Seattle, Washington","https://www.google.com/maps/dir/?api=1&origin=Seattle%2C%20Washington&destination=46.9150377,-122.9134965&travelmode=driving",2026-09-07,Fastest normal I-5 route at review time; public estimate rounds up for traffic variation.
Ike Kinswa State Park,ike-kinswa-state-park,2026-09-07,lewis-and-clark-state-park;iron-creek-campground;cougar-rock-campground;seaquest-state-park,,,,false,true,,,,https://westcoastrvcamping.com/assets/images/topo/ike-kinswa-state-park.jpg,,"Mayfield Lake campground with 101 numbered vehicle sites across full-hookup, partial-hookup, and non-hookup loops, plus showers, a trailer dump, and a 60-foot limit.",State Park,Loop B reservable year-round; Loop A closed September 30–May 16 and Loop D closed September 30–April 30. Loop A hookups do not operate in winter,https://parks.wa.gov/find-parks/state-parks/ike-kinswa-state-park,"Ike Kinswa State Park sits on Mayfield Lake near Silver Creek. The current campground map numbers 101 vehicle campsites: Loop A has full-hookup sites, Loop B has water-and-electric sites, and Loop D has non-hookup sites. Nine cabins are separate from that total. Washington State Parks lists showers, drinking water, a year-round trailer dump, and limited availability for equipment up to 60 feet. Loop B remains open year-round; Loop A and Loop D have seasonal closures, and Loop A hookups do not operate in winter.",~2 hr from Seattle,2-3hrs,120,"873 State Route 122, Silver Creek, WA 98585",101,60,1,Gravel,3,true,1,1,"Mayfield Lake fishing
Boating and paddling
Swimming
Forest walks
Wildlife viewing
Playground","Premier warm-water fishing on Riffe Lake with full-hookup pull-throughs, a boat launch, swimming beach, and excellent bass and walleye fishing.","Ike Kinswa State Park occupies forested shoreline on Mayfield Lake, a reservoir on the Cowlitz River. Boating, swimming, and fishing conditions vary with water level and season; consult current park alerts and fishing regulations before a visit.",true,true,true,true,false,true,false,Flush toilets,true,true,true,"Flush toilets, showers, and drinking water are all on site. Fire pits are listed as available; check current fire restrictions with the operator.",Morton (12 mi),22,12,12,20,35,"Riffe Lake waterfront sites (1–35) are the main draw — the lake is excellent for boating, waterskiing, and fishing. Hookup sites in Loop B are comfortable for longer stays. Mt Rainier is visible on clear days from the upper sites — a striking backdrop. Less well-known than coastal parks, making availability better on most summer weekends. A great family campground with lots of water activity options.","https://www.google.com/maps?q=46.5550323,-122.5301113",/assets/images/svg/ike-kinswa-state-park.svg,yes,"The campground is on Mayfield Lake. The 101-site total counts numbered vehicle campsites in Loops A, B, and D; nine cabins are separate.",https://parks.wa.gov/find-parks/state-parks/ike-kinswa-state-park,2026-09-07,46.5550323,-122.5301113,Google Maps exact named park destination matched to the current Washington State Parks address and published locate point,2026-09-07,park entrance/address point,115,111,"Seattle, Washington","https://www.google.com/maps/dir/?api=1&origin=Seattle%2C%20Washington&destination=46.5550323,-122.5301113&travelmode=driving",2026-09-07,"Fastest normal I-5, US 12, and WA 122 route at review time; public estimate rounds up for traffic variation."
Yakima Sportsman State Park,yakima-sportsman-state-park,2026-09-07,sunnyside-rv-park;ginkgo-petrified-forest-state-park;bumping-lake-campground;brooks-memorial-state-park,,,,false,true,,,,https://westcoastrvcamping.com/assets/images/topo/yakima-sportsman-state-park.jpg,,"Seasonal Yakima campground with 37 standard and 37 full-hookup sites, showers, a trailer dump, and selected sites for RVs up to 60 feet.",State Park,"Reservable during the operating season; the park is scheduled to close October 1, 2026 and reopen April 16, 2027",https://parks.wa.gov/find-parks/state-parks/yakima-sportsman-state-park,"Yakima Sportsman State Park is a 266-acre campground and wetland park near central Yakima. The official brochure lists 37 standard and 37 full-hookup campsites, for 74 vehicle sites, with selected sites accommodating RVs up to 60 feet. Washington State Parks lists showers, drinking water, a trailer dump, a playground, and more than 130 bird species. A long-term ecosystem-restoration project along Levy Trail is scheduled through late 2027 and can create equipment noise near campsites 17–36.",~2 hr 30 min from Seattle,2-3hrs,150,"904 University Parkway, Yakima, WA 98901",74,60,1,Gravel,3,true,1,2,"Wetland bird watching
Juan A. Alvarez Living Classroom trail and pier
Playground and lawn games
Seasonal fishing under current regulations
Picnic shelters
Yakima-area day trips","Full-hookup camping near Yakima with wetland birding, accessible trails, a playground, and seasonal fishing.","The park protects irrigated lawns, ponds, wetlands, and Yakima River habitat within the city. The Levy Trail restoration project affects part of this landscape through late 2027.",true,true,false,false,false,false,true,Flush toilets,true,true,true,"Flush toilets, showers, and drinking water are all on site. Fire pits are listed as available; check current fire restrictions with the operator.",Yakima (3 mi),55,3,3,5,3,The 74-site total includes 37 standard and 37 full-hookup sites. Full-hookup sites 1–16 are pull-throughs and sites 17–36 are back-ins; construction noise currently affects the latter area.,"https://www.google.com/maps?q=46.5919,-120.4629",/assets/images/svg/yakima-sportsman-state-park.svg,yes,Use the current University Parkway entrance. Expect construction traffic and noise near Levy Trail and campsites 17–36 during the ecosystem-restoration project scheduled through late 2027.,https://parks.wa.gov/find-parks/state-parks/yakima-sportsman-state-park,2026-09-07,46.5919,-120.4629,Washington State Parks published locate point matched to the official address and campground map,2026-09-07,park entrance/address point,145,133,"Seattle, Washington","https://www.google.com/maps/dir/?api=1&origin=Seattle%2C%20Washington&destination=46.5919,-120.4629&travelmode=driving",2026-09-07,"Fastest normal I-90 and I-82 route at review time; public estimate rounds up for pass, traffic, and towing variation."
Bridgeport State Park,bridgeport-state-park,2026-09-07,alta-lake-state-park;lake-chelan-state-park;twenty-five-mile-creek-state-park;steamboat-rock-state-park,,,,false,true,,,,https://westcoastrvcamping.com/assets/images/topo/bridgeport-state-park.jpg,,"Year-round Rufus Woods Lake park with 14 standard and 20 partial-hookup sites, showers, a trailer dump, and a 45-foot limit.",State Park,Reservable May 15–September 15; first-come September 16–April 30. Dry camping may move to the watercraft-launch area when snow removal is unavailable,https://parks.wa.gov/find-parks/state-parks/bridgeport-state-park,"Bridgeport State Park sits on Rufus Woods Lake behind Chief Joseph Dam. The official brochure lists 14 standard campsites and 20 partial-hookup sites, for 34 vehicle campsites, all accommodating equipment up to 45 feet. Washington State Parks lists showers, drinking water, a trailer dump, a swimming area, a playground, and a paved connection toward the dam. Golf is not listed as a current park amenity and has been removed from this listing.",~3 hr 45 min from Seattle,3-4hrs,225,"235A Half Sun Way, Bridgeport, WA 98813",34,45,1,Gravel,2,true,1,2,"Rufus Woods Lake swimming
Boating and paddling
Fishing under current regulations
Paved bike ride toward Chief Joseph Dam
Playground
Summer interpretive programs when offered","Year-round lake camping with partial hookups, swimming, paddling, a playground, and nearby Chief Joseph Dam interpretation.",Bridgeport State Park occupies shaded shoreline on Rufus Woods Lake immediately behind Chief Joseph Dam. Dam programs and facilities are managed separately and should be checked for current hours.,true,true,true,true,true,true,true,Flush toilets,true,true,true,"Flush toilets, showers, and drinking water are all on site. Fire pits are listed as available; check current fire restrictions with the operator.",Bridgeport (2 mi),40,2,2,70,35,The campground has 34 vehicle sites: 14 standard and 20 partial-hookup. Winter operation is first-come and may shift to dry camping near the launch when snow removal is limited.,"https://www.google.com/maps?q=48.01223,-119.61707",/assets/images/svg/bridgeport-state-park.svg,yes,Winter water may be turned off; the winter supply is near the trailer dump. Follow Half Sun Way to the official park entrance.,https://parks.wa.gov/find-parks/state-parks/bridgeport-state-park,2026-09-07,48.01223,-119.61707,Washington State Parks published locate point matched to the official address and campground map,2026-09-07,park entrance/address point,213,219,"Seattle, Washington","https://www.google.com/maps/dir/?api=1&origin=Seattle%2C%20Washington&destination=48.01223,-119.61707&travelmode=driving",2026-09-07,Fastest normal I-90 route at review time; public estimate rounds up for traffic and towing variation.
Twin Harbors State Park,twin-harbors-state-park,2026-04-19,grayland-beach-state-park;schafer-state-park;andersens-oceanside-rv-park;cape-disappointment-state-park,,,,false,true,,,,https://westcoastrvcamping.com/assets/images/topo/twin-harbors-state-park.jpg,,"Coastal state park near Westport with 42 full-hookup sites (35 ft max) steps from the Pacific Ocean. Year-round razor clam digging, whale watching, and deep-sea fishing charters nearby.",State Park,Reservable up to 9 months in advance,https://parks.wa.gov/find-parks/state-parks/twin-harbors-state-park,"Twin Harbors is one of Washington's great coastal campgrounds, positioned in a low dune forest just two miles south of the fishing town of Westport on the Pacific Ocean. The 42 full-hookup sites accommodate RVs up to 35 feet — the compact size reflects the coastal terrain — and the campground fills quickly during summer and razor clam season. A short trail leads through the dunes directly to the beach, where Pacific Ocean sunsets are spectacular. Westport is Washington's deep-sea fishing capital, with charter boats departing daily for salmon, halibut, and albacore tuna. Seasonal razor clam digs (WDFW-regulated) draw serious diggers, and gray whale migrations offshore in spring and fall attract wildlife watchers. The Westport Aquarium and Lighthouse are a short drive away.",~2 hr 30 min from Seattle,2-3hrs,150,"1785 WA-105, Westport, WA 98595",42,35,2,Gravel,3,true,1,1,"Razor clam digging
Deep-sea fishing (charter boats nearby)
Whale watching
Beach walking
Kite flying
Surfing
Bird watching
Westport Aquarium","Pacific Ocean beach access, seasonal razor clam digs, deep-sea fishing charters from Westport, and gray whale sightings during spring and fall migrations.","Twin Harbors State Park fronts a wide Pacific Ocean beach positioned between the Grays Harbor and Willapa Bay estuaries — two of the most ecologically significant coastal estuaries remaining on the Pacific Coast of the lower 48 states. The adjacent Elk River estuary provides critical rearing habitat for juvenile Chinook salmon from the Chehalis River system, one of Washington's most productive remaining wild salmon rivers, while the beach itself is one of the state's premier razor clam digging beaches. The campground sits on the Pacific Flyway's coastal route, and gray whale spouts are visible from the beach during spring northbound migration in March and April when whales pass close to the Washington coast.",false,true,false,false,true,false,false,Flush toilets,true,true,true,"Flush toilets, showers, and drinking water are all on site. Fire pits are listed as available; check current fire restrictions with the operator.",Westport (2 mi),8,2,2,15,25,"Sites nearest the beach access trail (1–50) fill first — the flat, wide Pacific beach is a 5-minute walk. Loop B hookup sites are comfortable for extended stays. Westport charter fishing and whale watching boats are 6 miles away — a must-do day trip. During razor clam digs (check WDFW dates), the beach at low tide is unforgettable for kids. Bring kite-flying gear — coastal winds are consistent.","https://www.google.com/maps?q=46.887,-124.1004",/assets/images/svg/twin-harbors-state-park.svg,,,,,,,,,,,,,,,
Grayland Beach State Park,grayland-beach-state-park,2026-04-19,twin-harbors-state-park;andersens-oceanside-rv-park;cape-disappointment-state-park;schafer-state-park,,,,false,true,,,,https://westcoastrvcamping.com/assets/images/topo/grayland-beach-state-park.jpg,,"Year-round coastal state park near Grayland with 100 sites (58 full hookup + 42 water & electric, 60 ft max) fronting the Pacific Ocean. Excellent razor clamming and cranberry bog scenery.",State Park,Reservable up to 9 months in advance,https://parks.wa.gov/find-parks/state-parks/grayland-beach-state-park,"Grayland Beach is one of Washington's premier coastal state park campgrounds and one of the few open year-round with full hookup availability. The 100-site campground is split between 58 full-hookup sites (up to 60 feet) and 42 water-and-electric sites, all set in shore pine forest just steps from the Pacific Ocean beach. Grayland's beach is long, flat, and uncrowded — perfect for long walks, kite flying, and watching dramatic Pacific storms roll in during winter. The surrounding Grayland area is known for its cranberry bogs, which turn vivid red in October and are visible from the road. Razor clam digs occur seasonally (check WDFW for schedules), and Westport's deep-sea fishing charters are just 8 miles north. The year-round availability makes Grayland a favorite for off-season coastal retreats.",~2 hr 45 min from Seattle,2-3hrs,165,"905 WA-105, Grayland, WA 98547",100,60,1,Gravel,3,true,1,1,"Razor clam digging
Beach walking
Kite flying
Wildlife viewing
Deep-sea fishing (Westport, 8 mi)
Whale watching
Cranberry bog scenery
Surfing","Year-round Pacific Ocean beach access, seasonal razor clam digs, cranberry bog scenery, and proximity to Westport's deep-sea fishing fleet.","Grayland Beach State Park occupies a stretch of Washington's outer Pacific coast between the cranberry bogs of Grayland and the mouth of Willapa Bay — one of the largest intact Pacific Coast estuaries in the contiguous United States. Willapa Bay visible from the southern end of the beach is designated a Wetland of International Importance under the Ramsar Convention, supporting world-class oyster production and critical habitat for black brant and thousands of shorebirds during Pacific Flyway migration. Gray whale migration passes close to this coast each spring, making it one of the more reliable shore-based whale-watching locations on the Washington coast, particularly during March and April when northbound whales feed within sight of the beach.",false,true,false,false,true,false,false,Flush toilets,true,true,true,"Flush toilets, showers, and drinking water are all on site. Fire pits are listed as available; check current fire restrictions with the operator.",Westport (8 mi),8,8,8,20,32,Sites near the beach access (1–30) are best. Full hookup sites available. Slightly less crowded than Twin Harbors while offering the same excellent beach access. Popular with razor clam diggers during seasonal digs — check WDFW for open dates. The beach at low tide stretches for miles in both directions. Good option when Twin Harbors is fully booked.,"https://www.google.com/maps?q=46.7872,-124.0882",/assets/images/svg/grayland-beach-state-park.svg,,,,,,,,,,,,,,,
Cape Disappointment State Park,cape-disappointment-state-park,2026-04-19,andersens-oceanside-rv-park;grayland-beach-state-park;twin-harbors-state-park;rainbow-falls-state-park,,,,false,true,,,,https://westcoastrvcamping.com/assets/images/topo/cape-disappointment-state-park.jpg,,"Historic coastal state park at the mouth of the Columbia River with 68 RV sites (50 full hookup + 18 partial, 45 ft max). Home to two lighthouses, Lewis & Clark history, and dramatic ocean views.",State Park,Reservable up to 9 months in advance,https://parks.wa.gov/find-parks/state-parks/cape-disappointment-state-park,"Cape Disappointment is one of Washington's most historically significant and scenically dramatic state parks, occupying 1,882 acres where the Columbia River meets the Pacific Ocean. The campground offers 50 full-hookup sites and 18 partial-hookup sites accommodating RVs up to 45 feet, set amid coastal forest with easy access to multiple beaches. The park protects two historic lighthouses: Cape Disappointment Light (1856, the oldest operating lighthouse in Washington) and North Head Light (1898), both open for tours. The Lewis & Clark Interpretive Center tells the story of the Corps of Discovery's 1805 arrival at the Pacific — their journey's end. Benson Beach and Waikiki Beach provide ocean access, and Deadman's Cove is popular for fishing. The Long Beach Peninsula's 28-mile stretch of beach begins just north of the park.",~3 hr from Seattle,3-4hrs,180,"244 Robert Gray Dr, Ilwaco, WA 98624",68,45,2,Mixed,3,true,1,1,"Lighthouse tours (Cape Disappointment & North Head)
Lewis & Clark Interpretive Center
Beach walking
Fishing
Hiking (8 miles of trails)
Surfing
Whale watching
Bird watching","Two historic lighthouses, Lewis & Clark history, ocean beaches, eight miles of hiking trails, and fishing at the dramatic Columbia River mouth.","Cape Disappointment State Park occupies the dramatic headland where the Columbia River meets the Pacific Ocean, one of the most geographically and historically significant points on the Pacific Coast, where the river bar creates one of the world's most dangerous maritime passages. The park sits within the Columbia River Estuary, the largest estuary on the Pacific Coast, which provides critical rearing habitat for juvenile salmon from over 40 Columbia River tributary streams — habitat that once made the Columbia the most productive salmon river on Earth. The cape's position at the Pacific Flyway's Pacific Coast route makes it an exceptional shorebird and seabird observation point, and gray whale spouts are commonly visible from the North Head Lighthouse bluffs during spring migration.",true,true,false,false,true,false,false,Flush toilets,true,true,true,"Flush toilets, showers, and drinking water are all on site. Fire pits are listed as available; check current fire restrictions with the operator.",Ilwaco (2 mi),5,2,8,90,8,Ocean loop sites (1–50) nearest the Pacific beach are premium — book these 6 months out. Forest loops (50–150) are shadier and quieter with less wind. Hookup sites are available throughout. Two lighthouses are walking distance from any site. The Lewis & Clark Interpretive Centre (1 mile) is one of the best in the Pacific Northwest. One of WA's most popular and scenic parks — book immediately when the window opens.,"https://www.google.com/maps?q=46.2956,-124.0574",/assets/images/svg/cape-disappointment-state-park.svg,,,,,,,,,,,,,,,
Flowing Lake County Park,flowing-lake-county-park,2026-09-12,turlo-campground;gold-basin-campground;verlot-campground;bedal-campground,,,,false,false,,,,https://westcoastrvcamping.com/assets/images/topo/flowing-lake-county-park.jpg,,"Forested lake campground with 39 utility RV sites, a swim beach, playground, showers, and year-round access with reduced winter services.",County Campground,Reserve at least 3 days before arrival; weekend reservations require Friday and Saturday,https://reservations.snocoparks.org/reservation/camping/?parent_idno=112,"Flowing Lake Park surrounds a 132.5-acre lake. Its current campground map labels 39 numbered utility sites, seven drive-up nonutility sites, and four hike-in sites, while the facility page states 48 campsites overall. Because those totals conflict, this RV listing uses only the 39 clearly mapped utility sites rather than treating every campsite as RV-capable. Utility amperage varies by site. The county specifically prohibits fifth-wheels longer than 35 feet because of internal road limits, but does not publish one universal limit for every RV type. There is no dump station; the county directs guests to Evergreen State Fairgrounds. Winterization closes nonutility sites and shuts off campground water, while the restroom remains open.",~1 hr 15 min from Seattle,1-2hrs,75,"17900 48th St SE, Snohomish, WA 98290",39,,2,Gravel,2,false,1,0,"Swimming
Fishing
Kayaking or paddling
Playground
Picnicking
Walking park trails","A forested county lake campground with a swim beach, fishing, paddling, and playground close to Snohomish.",Flowing Lake Park surrounds a forested lowland lake east of Snohomish at the edge of the Cascade foothills.,false,true,true,true,false,false,true,Flush toilets,true,true,true,"Flush toilets, showers, and drinking water are all on site. Fire pits are listed as available; check current fire restrictions with the operator.",Snohomish (10 mi),18,8,8,18,8,Check the reservation map for the utility type and pad dimensions. Fifth-wheels longer than 35 feet are prohibited; the county publishes no universal limit for other RV types.,"https://www.google.com/maps?q=47.9520655,-121.9896676",/assets/images/svg/flowing-lake-county-park.svg,yes,Use the named Flowing Lake Park campground entrance at the county-published address.,https://www.snohomishcountywa.gov/Facilities/Facility/Details/Flowing-Lake-Park-Campground-at-Leckies--31,2026-09-12,47.9520655,-121.9896676,Google Maps exact named destination matched to the Snohomish County facility address,2026-09-12,named campground entrance,42,59,"Seattle, Washington","https://www.google.com/maps/dir/?api=1&origin=Seattle%2C%20Washington&destination=47.9520655,-121.9896676&travelmode=driving",2026-09-12,All-road route from Seattle; public display rounds upward for towing and variable Puget Sound traffic.
Kayak Point Regional Park,kayak-point-regional-park,2026-09-12,wenberg-county-park;camano-island-state-park;fort-casey-historical-state-park;fort-worden-historical-state-park,,,,false,false,,,,https://westcoastrvcamping.com/assets/images/topo/kayak-point-regional-park.jpg,,"Thirty-site water-and-electric campground above Puget Sound with a 300-foot fishing pier, beach access, showers, and site-specific pad sizes.",County Campground,Reserve at least 3 days before arrival; weekend reservations require Friday and Saturday,https://reservations.snocoparks.org/reservation/camping/?parent_idno=112,"Kayak Point Regional Park has 30 partial-utility RV sites with water and 50/30/20-amp electric service, plus 10 yurts. The shoreline extends about 3,300 feet and includes a 300-foot fishing pier. The county does not publish one campground-wide RV length limit; verify the selected pad before towing. There is no dump station. During the current improvement project, the campground and northern park area remain open, while the south day-use area and playground are closed through fall 2026. Check the county project update before traveling.",~1 hr 30 min from Seattle,1-2hrs,90,"15610 Marine Dr, Stanwood, WA 98292",30,,2,Gravel,2,false,1,0,"Walk the Puget Sound shoreline
Fish from the 300-foot pier
Kayak or paddle
Use the boat launch
Explore the beach
Stay in a yurt","Puget Sound shoreline camping with a 300-foot fishing pier, beach access, paddling, and boating.","The park occupies forested Puget Sound shoreline on Port Susan, west of Stanwood.",false,true,false,true,true,true,false,Flush toilets,true,true,true,"Flush toilets, showers, and drinking water are all on site. Fire pits are listed as available; check current fire restrictions with the operator.",Stanwood (6 mi),15,6,6,22,6,All 30 RV sites have water and 50/30/20-amp electric service. Check the current construction notice and the reservation listing for exact pad size.,"https://www.google.com/maps?q=48.1349125,-122.3656619",/assets/images/svg/kayak-point-regional-park.svg,yes,Use the named campground entrance on Marine Drive. The campground remains open during the current south day-use construction project.,https://snohomishcountywa.gov/facilities/facility/details/kayakpointregionalcountypark-51,2026-09-12,48.1349125,-122.3656619,Google Maps exact named destination matched to the Snohomish County facility address,2026-09-12,named campground entrance,47,75,"Seattle, Washington","https://www.google.com/maps/dir/?api=1&origin=Seattle%2C%20Washington&destination=48.1349125,-122.3656619&travelmode=driving",2026-09-12,All-road route from Seattle; public display rounds upward for towing and variable I-5 traffic.
Wenberg County Park,wenberg-county-park,2026-09-12,kayak-point-regional-park;camano-island-state-park;fort-casey-historical-state-park;fort-ebey-state-park,,,,false,false,,,,https://westcoastrvcamping.com/assets/images/topo/wenberg-county-park.jpg,,"Seventy-site Lake Goodwin campground with full-, partial-, and nonutility loops, a swim beach, boat launch, showers, and dump station.",County Campground,Reserve at least 3 days before arrival; winter camping is drop-in with reduced utilities,https://reservations.snocoparks.org/reservation/camping/?parent_idno=112,"Wenberg County Park has a 70-site campground on the east shore of Lake Goodwin. Loop 1 mixes full- and partial-utility sites and remains available year-round with reduced winter utilities. Loop 2 mixes partial-utility and nonutility sites and closes seasonally; Loop 3 is mostly nonutility and best suited to tents. The park also has 1,140 feet of shoreline, an enclosed swim area, a two-lane concrete boat launch, restrooms, showers, and a dump station. The county does not publish one campground-wide RV length limit, so use the reservation listing for pad fit.",~1 hr 30 min from Seattle,1-2hrs,90,"15430 WA-531, Stanwood, WA 98292",70,,2,Gravel,3,true,1,0,"Swim at the enclosed beach
Launch a boat
Fish Lake Goodwin
Kayak or paddle
Use the playground
Picnic by the lake","Lake Goodwin camping with utility choices, swimming, boating, fishing, showers, and a playground.",Wenberg County Park occupies the east shore of Lake Goodwin west of Stanwood.,false,true,true,true,false,true,true,Flush toilets,true,true,true,"Flush toilets, showers, and drinking water are all on site. Fire pits are listed as available; check current fire restrictions with the operator.",Stanwood (4 mi),12,4,4,22,4,Loops have different utility levels and seasonal dates. Loop 3 is mostly nonutility and best suited to tents; confirm the selected pad before towing.,"https://www.google.com/maps?q=48.1363464,-122.2854130",/assets/images/svg/wenberg-county-park.svg,yes,Use the named Wenberg County Park campground entrance at the county-published address.,https://www.snohomishcountywa.gov/facilities/facility/details/Wenberg-County-Park-62,2026-09-12,48.1363464,-122.2854130,Google Maps exact named destination matched to the Snohomish County facility address,2026-09-12,named campground entrance,45,74,"Seattle, Washington","https://www.google.com/maps/dir/?api=1&origin=Seattle%2C%20Washington&destination=48.1363464,-122.2854130&travelmode=driving",2026-09-12,Shorter all-road route from Seattle; public display rounds upward for towing and variable I-5 traffic.
Silver Lake Park,silver-lake-park,2026-09-06,douglas-fir-campground;silver-fir-campground;shannon-creek-campground;panorama-point-campground,,,,false,true,,,,https://westcoastrvcamping.com/assets/images/topo/silver-lake-park.jpg,,"Whatcom County lake campground near Maple Falls with two water-and-electric RV areas, seasonal showers, paddling, fishing, and forest trails.",County Campground,Reservations for the next calendar year open the first business day of December,https://www.whatcomcounty.us/3517/Silver-Lake-Park,"Silver Lake Park is a 410-acre Whatcom County park in the Cascade foothills, about 40 minutes east of Bellingham. Maple Creek and Red Mountain are the park's two RV campgrounds, both with water and electric hookups; a separate Cedar campground is intended for tents, cars, and vans, and a reservable group camp also accepts RVs. The lake has a boat launch and seasonal canoe, kayak, rowboat, pedal boat, and paddleboard rentals. Campground connector, forest canopy, and equestrian trails add options away from the water.",~1 hr 45 min from Seattle,1-2hrs,105,"9006 Silver Lake Rd, Maple Falls, WA 98266",,,2,Gravel,2,true,1,0,"Fishing for rainbow and coastal cutthroat trout
Boating with a 10-horsepower motor limit
Seasonal canoe, kayak, and paddleboard rentals
Swimming and lakeside picnics
Campground Connector and Canopy Loop trails
Black Mountain equestrian trail
Playground","Lake fishing, small-boat paddling, forest trails, and a playground in the Cascade foothills east of Bellingham.","Silver Lake Park covers 410 acres in Whatcom County's Cascade foothills near Maple Falls. Its 5.75-mile trail system connects the lake, three campground areas, quiet forest canopy, meadows, and the base of Red Mountain. Silver Lake is a local fishing and boating destination for rainbow and coastal cutthroat trout, with a 10-horsepower motor limit that keeps the water oriented toward smaller craft.",true,true,true,true,false,true,true,Flush toilets,true,true,true,Vault toilets are available in each campground. Maple Creek and Red Mountain add seasonal flush toilets and showers; drinking water and a seasonal dump station are available.,Maple Falls (2 mi),30,2,2,25,25,"Choose Maple Creek for the easiest access to the boat launch, beach, picnic area, and playground. Red Mountain sits about three-quarters of a mile from the lake and suits campers who prefer woods, meadow edges, hiking, or equestrian access. Cedar Campground does not allow vehicles over 25 feet and is not recommended for RVs. Whatcom County reports no cell service or Wi-Fi, so save maps and reservation details before arrival.","https://www.google.com/maps?q=48.9241,-122.0699",/assets/images/svg/silver-lake-park.svg,yes,Maple Creek and Red Mountain accept RVs; Cedar is not recommended for RVs and prohibits vehicles over 25 feet.,https://www.whatcomcounty.us/3518/Camping-at-Silver-Lake-Park/messages,2026-09-06,,,,,,,,,,,
Pine Village KOA Holiday,pine-village-koa-holiday,2026-02-21,eightmile-campground;johnny-creek-campground;thousand-trails-leavenworth;nason-creek-campground,,,,false,true,,,,https://westcoastrvcamping.com/assets/images/topo/pine-village-koa-holiday.jpg,,"Full-service KOA on the Wenatchee River near Leavenworth with 105 sites (60 full hookup + 45 water & electric, 60 ft max). Walk to Leavenworth's Bavarian village from your campsite.",Private Campground,Reserving 3 months in advance,https://koa.com/campgrounds/leavenworth/,"Pine Village KOA Holiday occupies a prime stretch of the Wenatchee River just 3 miles from Leavenworth's famous Bavarian-themed village. The 105-site campground offers 60 full-hookup sites and 45 water-and-electric sites accommodating RVs up to 60 feet, all in a ponderosa pine forest above the river. KOA's signature amenities include a heated pool, playground, camp store, propane fill, and seasonal activities programming. Tubing the Wenatchee River is a beloved summer activity — tube rentals are available near the park. Leavenworth offers excellent restaurants, festivals (Oktoberfest, Christmas Lighting), and is the gateway to dozens of Icicle Creek and Enchantments hiking trails. Wenatchee's Costco is 25 miles away, and the Wenatchee Valley's fruit orchards and wineries make excellent day trips.",~2 hr 30 min from Seattle,2-3hrs,150,"11401 US-2, Leavenworth, WA 98826",105,60,1,Gravel,3,true,1,2,"Tubing (Wenatchee River)
Hiking (Icicle Creek, Enchantments)
Leavenworth Bavarian village
Swimming pool
Fishing
Biking
Wine country touring
Festivals (Oktoberfest, Christmas Lighting)","Riverside KOA steps from Leavenworth's Bavarian village with river tubing, heated pool, Enchantments hiking access, and year-round festivals.","Pine Village KOA sits near Leavenworth in the Icicle Creek drainage, at the convergence of the Cascade Mountain front and the broad Wenatchee River valley — a landscape where 8,000-foot granite peaks rise directly above an apple-orchard valley floor in one of Washington's most dramatic topographic transitions. The Icicle Creek corridor above Leavenworth provides trail access to the Alpine Lakes Wilderness and the Enchantments, while the Tumwater Canyon downstream on US-2 offers Class IV whitewater alongside bighorn sheep visible on the canyon walls. The Okanogan-Wenatchee National Forest surrounding the Leavenworth basin encompasses a diverse east-Cascades ecosystem where species from the maritime west slope and the arid Columbia Plateau meet in the Wenatchee River watershed.",true,true,true,false,false,false,false,Flush toilets,true,true,true,"Flush toilets, showers, and drinking water are all on site. Fire pits are listed as available; check current fire restrictions with the operator.",Leavenworth (3 mi),18,3,3,25,3,Pull-through hookup sites are most convenient for larger rigs. Sites near the stream in the back of the property are the quietest and most scenic. The pool and playground make this an excellent family choice. Summer shuttle service to Leavenworth's Bavarian village runs on weekends — very convenient. Book well in advance for July and August; this fills completely. Premium amenities justify the higher nightly rate.,"https://www.google.com/maps?q=47.5901,-120.7015",/assets/images/svg/pine-village-koa-holiday.svg,,,,,,,,,,,,,,,
Thousand Trails Leavenworth,thousand-trails-leavenworth,2026-02-21,pine-village-koa-holiday;eightmile-campground;johnny-creek-campground;nason-creek-campground,,,,false,true,,,,https://westcoastrvcamping.com/assets/images/topo/thousand-trails-leavenworth.jpg,,Large membership RV resort on the Wenatchee River with 225 seasonal sites near Leavenworth. Membership or associate pass required — extensive amenities on 300 acres of ponderosa pine forest.,Private Campground,Reserving 3 months in advance,https://thousandtrails.com/washington/leavenworth-rv-campground/,"Thousand Trails Leavenworth is a sprawling membership-based resort on the Wenatchee River offering 225 seasonal sites across 300 forested acres of ponderosa pine. Note: access requires a Thousand Trails membership or a NACO/partner associate pass — casual walk-up camping is not available. For members, the amenities are exceptional: multiple pools, tennis courts, a rec hall, activities staff, fishing on the Wenatchee River, and easy access to Leavenworth and Icicle Creek trails. Sites accommodate various RV sizes; the forested setting means some sites have limited length due to trees. Open seasonally (approximately April through October). Non-members should consider Pine Village KOA (3 miles away) as a comparable alternative with full public reservations.",~2 hr 30 min from Seattle,2-3hrs,150,"20752 Chiwawa Loop Rd, Leavenworth, WA 98826",225,40,2,Gravel,2,true,1,2,"Swimming (multiple pools)
Fishing (Wenatchee River)
Hiking (Icicle Creek, Enchantments)
Tennis
Leavenworth Bavarian village
Activities programming
Biking
River access","Membership resort on the Wenatchee River with multiple pools, activities programming, and access to Leavenworth's Bavarian village and Icicle Creek trails. Membership required.","Thousand Trails Leavenworth sits in the Icicle Creek valley surrounded by the Okanogan-Wenatchee National Forest, with proximity to the Alpine Lakes Wilderness and one of Washington's premier steelhead and cutthroat trout fisheries in the Icicle River below camp. The Stuart Range's granite towers visible from the valley are the centerpiece of the largest expanse of exposed granite in the Cascades — a batholith surfaced through millions of years of erosion and now hosting some of the finest alpine climbing in North America. The Leavenworth area's east-slope ponderosa pine forest and shrub-steppe transition zones support a distinctive bird community including white-headed woodpecker, flammulated owl, and Lewis's woodpecker at the western edge of their Rocky Mountain range.",true,true,true,false,false,false,false,Flush toilets,true,true,true,"Flush toilets, showers, and drinking water are all on site. Fire pits are listed as available; check current fire restrictions with the operator.",Leavenworth (5 mi),15,5,5,25,5,Sites near Icicle Creek (1–40) are the most scenic and most in demand. Paved sites throughout make manoeuvring easy for large RVs. Walking distance to Leavenworth's Bavarian-themed downtown — a unique and genuinely fun experience. Membership required; day passes sometimes available for one-time guests. The creek-side sites with mountain views are among the best private RV sites in the Cascades.,"https://www.google.com/maps?q=47.6612,-120.7045",/assets/images/svg/thousand-trails-leavenworth.svg,,,,,,,,,,,,,,,
Tall Chief RV Park & Campground,tall-chief-rv-park-campground,2026-04-13,tinkham-campground;denny-creek-campground;saltwater-state-park;flowing-lake-county-park,,,,false,true,,,,https://westcoastrvcamping.com/assets/images/topo/tall-chief-rv-park-campground.jpg,,"Popular private RV park on the Snoqualmie River in Fall City with 180 sites (water & electric, 45 ft max). Only 30 minutes from Seattle — the closest RV-friendly private campground to the city.",Private Campground,Reserving 3 months in advance,https://thousandtrails.com/washington/tall-chief-rv-camping-resort,"Tall Chief RV Park occupies a flat stretch of the Snoqualmie River in Fall City, making it one of the most conveniently located private campgrounds for Seattle-area residents — just 25 miles from downtown. The 180 water-and-electric sites accommodate RVs up to 45 feet on level gravel pads, with mature cottonwoods and alder providing shade along the river. The Snoqualmie River is popular for tubing and rafting, and famous Snoqualmie Falls (268 feet, tallest in Washington) is just 6 miles away. Issaquah's retail corridor — including a Costco — is 10 miles west. The park is a popular overflow option when Cascade-area campgrounds are full, and its easy I-90 access makes it a convenient first or last night stop for mountain camping trips.",~30 min from Seattle,under 1hr,30,"35 E Branch Rd SE, Fall City, WA 98024",180,45,1,Gravel,2,true,1,2,"Snoqualmie Falls (6 mi)
River tubing
Fishing
Hiking (Snoqualmie Valley Trail)
Cycling
North Bend shopping & dining
Casino (Snoqualmie Casino, 4 mi)","The closest private RV campground to Seattle — riverside setting near Snoqualmie Falls, 30 minutes from the city with Issaquah Costco 10 miles away.","Tall Chief RV Park sits in the Snoqualmie Valley near Carnation, where the Snoqualmie River flows through one of the most productive agricultural valleys in Washington in a broad lowland flanked by the Cascade Mountain front to the east and the Issaquah Alps to the west. The Snoqualmie River through this valley stretch is critical coho and Chinook salmon habitat, and bald eagles concentrate here during chum salmon runs each December — sometimes reaching 50+ birds along a single river reach. Tiger Mountain State Forest, the Cascade foothills trail systems, and the Rattlesnake Mountain Scenic Area give this valley one of the most accessible natural recreation environments within 30 miles of downtown Seattle.",true,true,false,false,false,false,false,Flush toilets,true,true,true,"Flush toilets, showers, and drinking water are all on site. Fire pits are listed as available; check current fire restrictions with the operator.",Fall City (1 mi),12,1,10,10,1,"Snoqualmie River sites (1–20) are the most scenic. Full hookup sites throughout. Peaceful evening atmosphere once day campers leave. Good for exploring Snoqualmie Falls (7 miles) and the Snoqualmie Valley rail trail. Often has last-minute availability on weekdays. A pleasant, well-maintained private park that punches above its weight.","https://www.google.com/maps?q=47.5605,-121.9007",/assets/images/svg/tall-chief-rv-park-campground.svg,,,,,,,,,,,,,,,
Packwood RV Park & Campground,packwood-rv-park-campground,2026-02-21,la-wis-wis-campground;ohanapecosh-campground;cougar-rock-campground;iron-creek-campground,,,,false,true,,,,https://westcoastrvcamping.com/assets/images/topo/packwood-rv-park-campground.jpg,,"Full-hookup private RV park in the mountain town of Packwood with 87 sites (40 ft max). Perfect base camp for Mount Rainier's south entrance, White Pass skiing, and Gifford Pinchot National Forest.",Private Campground,Reserving 3 months in advance,https://www.packwoodrv.com/,"Packwood RV Park sits in the heart of Packwood, a small mountain community on US-12 at the junction of several major outdoor recreation corridors. The 87 full-hookup sites (30-amp) accommodate RVs up to 40 feet, with the town's restaurants, general store, and bakery all walkable. Mount Rainier's Ohanapecosh entrance is just 12 miles north, providing access to the stunning Grove of the Patriarchs old-growth trail and Paradise without the crowded northwest-side traffic. White Pass Ski Area is 20 miles east on US-12. The Cowlitz River runs behind town for fishing and wildlife viewing. Iron Creek Campground (Gifford Pinchot NF) and Walupt Lake are accessible day trips. This is arguably the best private RV base camp for Mount Rainier south-side exploration.",~2 hr 15 min from Seattle,2-3hrs,135,"13085 US-12, Packwood, WA 98361",87,40,1,Gravel,3,true,1,2,"Mount Rainier National Park (Ohanapecosh, 12 mi)
White Pass skiing (20 mi)
Fishing (Cowlitz River)
Hiking (Gifford Pinchot NF)
Wildlife viewing
Walupt Lake","Best private base camp for Mt. Rainier's south side — 12 miles to Ohanapecosh and the Grove of the Patriarchs, with White Pass skiing 20 miles east.","Packwood sits in the upper Cowlitz River valley at the intersection of three major wilderness areas — Mount Rainier National Park to the north, the Goat Rocks Wilderness to the northeast, and the William O. Douglas Wilderness to the east — one of the most wilderness-proximate RV towns in Washington. The Cowlitz River through Packwood carries glacial sediment year-round from Mount Rainier's active glacial system, and the river supports wild steelhead and salmon runs managed jointly by state and tribal fisheries authorities in this volcanic watershed. White Pass Ski Area just east of town offers summer hiking access to Pacific Crest Trail ridges, while the Goat Rocks Wilderness PCT traverse to the northeast is widely considered one of the most scenic high-route passages on the entire 2,650-mile trail.",true,true,false,false,false,false,false,Flush toilets,true,true,true,"Flush toilets, showers, and drinking water are all on site. Fire pits are listed as available; check current fire restrictions with the operator.",Packwood (0 mi – in town),6,0,0,75,28,Tree-lined sites (1–30) are the most private. Pull-through sites available for big rigs. Walking distance to Packwood's handful of excellent restaurants (especially for elk burgers). The best RV base for Mt Rainier's Ohanapecosh entrance and Goat Rocks Wilderness trailheads. Often has availability when the national park campgrounds are fully booked — a practical alternative.,"https://www.google.com/maps?q=46.6085,-121.6702",/assets/images/svg/packwood-rv-park-campground.svg,,,,,,,,,,,,,,,
American Heritage Campground,american-heritage-campground,2026-02-21,millersylvania-state-park;penrose-point-state-park;jarrell-cove-state-park;twanoh-state-park,,,,false,true,,,,https://westcoastrvcamping.com/assets/images/topo/american-heritage-campground.jpg,,"Full-hookup private campground near Olympia with pool, mini-golf, and forested sites. Easy I-5 access with Costco 10 minutes away — ideal for families heading to or from the Oregon Coast.",Private Campground,Reserving 3 months in advance,https://americanheritagecampground.com/,"American Heritage Campground is a full-amenity private campground on the south side of Olympia, offering the convenience of I-5 proximity with the feel of a genuine forested retreat. Sites are shaded by mature second-growth fir and cedar, with full hookups accommodating large rigs. The on-site swimming pool, mini golf, playground, and camp store make it a popular family destination. Olympia's state capitol, Percival Landing waterfront, and the hands-on children's museum are less than 10 miles away. Millersylvania State Park is just 8 miles south for hiking and lake activities. The campground is strategically located for Oregon Coast-bound travelers, sitting right at the I-5/US-101 interchange. Olympia's Costco is about 10 miles north.",~1 hr 20 min from Seattle,1-2hrs,80,"9610 Kimmie St SW, Olympia, WA 98512",100,60,1,Gravel,3,true,1,2,"Heated outdoor swimming pool (summer)
Mini golf
Vintage playground
Animal viewing farm (chickens, ducks, sheep)
Paved bicycle riding track
Horseshoe pits
Dog park
Grassy playfield
Olympia State Capitol (8 mi)
Millersylvania State Park (8 mi)
Percival Landing waterfront
Olympia Farmers Market","Family-friendly forested campground near Olympia with pool and mini golf — easy I-5 access for coast-bound travelers, Costco 10 miles away.","American Heritage Campground sits near Olympia within easy reach of the Nisqually National Wildlife Refuge — one of the most productive river delta ecosystems in the Pacific Northwest, where the Nisqually River draining Mount Rainier's glaciers meets Puget Sound in an internationally significant marsh. The Nisqually Delta hosts wintering flocks of dunlin numbering in the tens of thousands, along with concentrations of northern pintail, green-winged teal, and great blue herons — and the refuge boardwalk is one of the most accessible world-class birding sites in Washington. Millersylvania State Park and Capitol Forest are nearby, providing access to old-growth forest and 80+ miles of multi-use trails in the South Puget Sound's most significant remaining natural landscape.",false,false,true,false,false,false,true,Flush toilets,true,true,true,"Full-service amenities include flush toilets, tiled showers, laundry room, and on-site drinking water. Fire pits are listed as available; check current fire restrictions with the operator. On-site camp store stocked with firewood, propane, RV supplies, ice, and snacks. Unique on-site extras: paved bicycle riding track, animal viewing farm (chickens, ducks, and sheep), horseshoe pits, grassy playfield, dog park, and vintage playground. Heated outdoor swimming pool open in summer. Open year-round.",Olympia (8 mi),8,5,5,10,5,Full hookup pull-through sites are the main draw for self-contained RV travellers. The heated pool and clubhouse make this feel more like a resort than a campground. Well-maintained and convenient for I-5 corridor travellers heading to or from Olympia. A comfortable overnight or base camp rather than a destination. The Tumwater Historical Park and Millersylvania State Park are both within 10 miles.,"https://www.google.com/maps?q=47.0015,-122.9316",/assets/images/svg/american-heritage-campground.svg,,,,,,,,,,,,,,,
Andersen's Oceanside RV Park,andersens-oceanside-rv-park,2026-09-06,cape-disappointment-state-park;grayland-beach-state-park;twin-harbors-state-park;rainbow-falls-state-park,,,,false,true,,,,https://westcoastrvcamping.com/assets/images/topo/andersens-oceanside-rv-park.jpg,,"Oceanfront private RV park on the Long Beach Peninsula with 60 full-hookup sites, 50/30/20-amp service, and direct beach access.",Private Campground,Reserving 3 months in advance,https://www.andersensrv.com/,"Andersen's Oceanside RV Park has 60 full-hookup RV sites on a seven-acre property on the Long Beach Peninsula. The operator lists 50/30/20-amp power, water, sewer, and a picnic table at every RV site, plus a sandy path to the beach. Downtown Long Beach is 3.5 miles away, Ocean Park is 6 miles away, and Cape Disappointment and Ilwaco are about 9 miles away. Reservations are required and same-day arrivals must book before noon.",~3 hr from Seattle,3-4hrs,180,"1400 138th St, Long Beach, WA 98631",60,45,1,Gravel,3,true,1,1,"Beach walking (28-mile ocean beach)
Razor clam digging
Kite flying (World Kite Museum nearby)
Fishing (charter boats, Ilwaco)
Whale watching
Long Beach boardwalk
Cape Disappointment State Park (8 mi)","Oceanfront sites on the 28-mile Long Beach Peninsula with razor clamming, kite flying, storm watching, and Cape Disappointment State Park just 8 miles south.","The park sits on the Pacific side of the Long Beach Peninsula with direct access to the peninsula's broad sandy shoreline. The operator places downtown Long Beach 3.5 miles away, Ocean Park 6 miles away, and Ilwaco and Cape Disappointment about 9 miles away, making the campground a practical base for beach walks and peninsula day trips.",false,true,false,false,true,false,false,Flush toilets,true,true,false,"Flush toilets, showers, and drinking water are all on site. No fire pits are provided.",Long Beach (1 mi),8,1,1,55,1,"The operator groups its 60 sites into premium, forest, and prime areas. Ask about the premium end sites for the widest pads and closest beach access; the forest sites are seasonal and may have limited satellite reception. Reservations are required, and same-day arrivals must book before noon.","https://www.google.com/maps?q=46.352,-124.0593",/assets/images/svg/andersens-oceanside-rv-park.svg,yes,,https://andersensrv.com/,2026-09-06,,,,,,,,,,,
Beachside RV Park,beachside-rv-park,2026-09-06,birch-bay-state-park;larrabee-state-park;silver-lake-park;douglas-fir-campground,,,,false,true,,,,https://westcoastrvcamping.com/assets/images/topo/beachside-rv-park.jpg,,"Year-round private RV park across from Birch Bay with full hookups and walkable access to the bay, restaurants, and local activities.",Private Campground,Contact the campground for current availability,https://birchbaywa.org/birch-bay-rv-parks/,"Beachside RV Park is a year-round private campground across Birch Bay Drive from the protected waters of Birch Bay. The local destination organization lists 72 sites and describes the park as ten minutes from Canada and twenty minutes from Bellingham. Full-hookup RV sites, a walkable waterfront setting, and nearby restaurants make it a practical northern Washington stop; confirm current site dimensions and availability directly with the operator.",~1 hr 30 min from Seattle,1-2hrs,90,"7630 Birch Bay Dr, Birch Bay, WA 98230",72,,1,Gravel,3,true,1,2,"Saltwater swimming (warm sheltered bay)
Beachcombing
Clamming & crabbing
Kayaking
Bird watching
Birch Bay State Park (2 mi)
Vancouver BC day trip (30 mi)","Walk to Birch Bay's warm, sheltered saltwater swimming beach — one of the Northwest's best — near the Canadian border with Bellingham Costco 15 miles south.","Birch Bay's broad, shallow saltwater shoreline warms at low tide and supports easy beach walks, paddling, bird watching, and seasonal shellfish exploration. Birch Bay State Park is a short drive south, adding more public shoreline, forest, and picnic space, while the Canadian border and Bellingham are straightforward day trips from camp.",false,true,true,true,true,false,false,Flush toilets,true,true,true,"Flush toilets, showers, and drinking water are all on site. Fire pits are listed as available; check current fire restrictions with the operator.",Birch Bay (0 mi),2,5,5,15,5,"The park sits across the road from Birch Bay and within walking distance of local restaurants and activities. Sites are close together in a traditional private RV-park layout, so ask the operator about the best fit for your slide-outs and total equipment length. Save the campground phone number before arrival because the operator website currently has a certificate problem.","https://www.google.com/maps?q=48.9095,-122.7584",/assets/images/svg/beachside-rv-park.svg,yes,"The park accepts RVs, but a current operator-published maximum length was not available during review.",https://birchbaywa.org/birch-bay-rv-parks/,2026-09-06,,,,,,,,,,,
Sunnyside RV Park,sunnyside-rv-park,2026-02-21,yakima-sportsman-state-park;ginkgo-petrified-forest-state-park;brooks-memorial-state-park;potholes-state-park,,,,false,true,,,,https://westcoastrvcamping.com/assets/images/topo/sunnyside-rv-park.jpg,,"Full-hookup private RV park in the Yakima Valley wine country with 35 sites (65 ft max, 50 amp). Yakima Valley's longest-pull-through private park, minutes from dozens of wineries.",Private Campground,Reserving 3 months in advance,https://www.sunnysidervpark.com/,"Sunnyside RV Park is one of the most RV-spacious private campgrounds in eastern Washington, with 35 full-hookup, 50-amp sites accommodating rigs up to an impressive 65 feet — ideal for large fifth wheels and Class A motorhomes with tow cars. The park sits in the heart of the Yakima Valley at Sunnyside, surrounded by the wine grape vineyards, hop fields, and apple orchards that make this valley Washington's agricultural engine. Over 200 wineries operate within 30 miles, and the Sunnyside area hosts the annual Sunnyside Hot Air Balloon Stampede each August. Yakima is 25 miles west for Costco and major retail. Kennewick/Richland/Pasco (Tri-Cities) is 45 miles east. The saltwater pool is a popular summer amenity. This is the premier private park for wine country touring in the Yakima Valley.",~2 hr 45 min from Seattle,2-3hrs,165,"1619 Yakima Valley Hwy, Sunnyside, WA 98944",35,65,1,Gravel,3,true,1,2,"Wine country touring (200+ wineries)
Hop field tours
Fruit stand shopping
Saltwater pool
Hot Air Balloon Stampede (August)
Yakima Valley cycling
Off-road vehicle areas nearby","Prime Yakima Valley wine country base with 65 ft pull-throughs, saltwater pool, and access to 200+ wineries, hop fields, and the annual Hot Air Balloon Stampede.","Sunnyside sits in the lower Yakima Valley in the heart of Washington's largest wine-producing region, where the Columbia Plateau's basalt landscape creates a sun-baked, semi-arid environment receiving just 8 inches of rain annually in the rain shadow of the Cascades. The Yakima River corridor supports populations of mink, river otter, and great blue heron in the cottonwood gallery forest threading through otherwise agricultural terrain, and the river remains a managed wild steelhead fishery despite decades of agricultural water use. The Yakima Canyon scenic highway 20 miles north provides access to some of the finest raptor-watching terrain in the Columbia Basin, with nesting golden eagles and prairie falcons on the canyon walls above one of Washington's most productive blue-ribbon trout streams.",false,false,false,false,false,false,false,Flush toilets,true,true,true,"Flush toilets, showers, and drinking water are all on site. Fire pits are listed as available; check current fire restrictions with the operator.",Sunnyside (0 mi),25,0,0,25,0,"Full hookup pull-through sites available for big rigs. Clean, well-maintained, and practical — a comfortable base for Yakima Valley wine country touring and apple orchard visits. Close to grocery stores and Yakima's restaurants. More of a practical overnight stop than a destination, but very comfortable and good value. The Yakima Valley wine trail extends in both directions from here.","https://www.google.com/maps?q=46.3234,-119.8995",/assets/images/svg/sunnyside-rv-park.svg,,,,,,,,,,,,,,,
Denny Creek Campground,denny-creek-campground,2026-02-21,tinkham-campground;kachess-campground;salmon-la-sac-campground;lake-easton-state-park,,,,false,true,,,,https://westcoastrvcamping.com/assets/images/topo/denny-creek-campground.jpg,https://cdn.prod.website-files.com/698901ff108bba02ee79b263/69993333c44f19cfb622bd2a_denny-creek-campground.jpg,"Shaded National Forest campground along South Fork Snoqualmie River with easy access to Franklin Falls and Denny Creek Trail, 46 minutes from Seattle.",National Forest,Reserving 6 months in advance,https://www.recreation.gov/camping/campgrounds/232035,"Denny Creek Campground sits under a shaded forest canopy along the South Fork Snoqualmie River, offering immediate access to creekside water play and several trails including Franklin Falls and Denny Creek Trail that lead into the Alpine Lakes Wilderness. The 24 sites accommodate RVs up to 36 feet on paved pads with electric hookups. Easy highway access off I-90 Exit 47 makes this one of the closest National Forest campgrounds to Seattle.",~46 min from Seattle,under 1hr,46,"FR 58, Snoqualmie Pass, WA 98068 (I-90 Exit 47)",24,36,1,Paved,1,false,1,2,"Franklin Falls Trail (easy, 2-mile round trip to waterfall)
Denny Creek Trail water slides and swimming holes
South Fork Snoqualmie River wading
Picnicking along the creek
Alpine Lakes Wilderness day hikes
Wildlife watching (deer, black bear, birds)","Creekside camping near Franklin Falls and Denny Creek water slides, just off I-90.","Denny Creek sits in the heart of the Mt. Baker-Snoqualmie National Forest within the I-90 corridor, at the gateway to the Alpine Lakes Wilderness — one of Washington's most heavily visited wilderness areas, featuring over 700 lakes and tarns scattered across a glaciated landscape. The South Fork Snoqualmie River above the campground carves through ancient rock sculpted by multiple glaciations, and the Denny Creek water slides — a series of smooth granite chutes worn by the river — are among the most popular natural water features in the Cascades. Snoqualmie Pass, visible on the ridge above camp, is one of only five year-round crossings of the Washington Cascades and marks the dividing line between the wet, forested west slopes and the drier rain-shadow forest of the east side.",true,false,true,false,false,false,false,Flush toilets,false,true,true,"Flush toilets and drinking water are available, but no showers on site. Fire pits are listed as available; check current fire restrictions with the operator.","North Bend, WA",25,17,17,40,20,Sites near Denny Creek (1–12) are the nicest and closest to the famous Keekwulee Falls trail — one of the most popular family hikes in the Cascades. This campground fills every summer weekend; book as soon as reservations open. A great family campground for a first Cascades camping experience. Snowshoe Falls and Lake Melakwa are both reachable on day hikes from camp.,"https://www.google.com/maps?q=47.412132,-121.442183",/assets/images/svg/denny-creek-campground.svg,,,,,47.412132,-121.442183,https://www.recreation.gov/api/camps/campgrounds/232035,2026-09-06,official facility point; confirm entrance routing,,,,,,
Salmon La Sac Campground,salmon-la-sac-campground,2026-09-06,kachess-campground;lake-easton-state-park;denny-creek-campground;eightmile-campground,,,,false,true,,,,https://westcoastrvcamping.com/assets/images/topo/salmon-la-sac-campground.jpg,,Okanogan-Wenatchee National Forest campground between the Cle Elum and Cooper Rivers with 67 sites; one published pull-through accepts equipment up to 127 feet.,National Forest,Check Recreation.gov for currently available dates,https://www.recreation.gov/camping/campgrounds/232094,"Salmon La Sac Campground has 67 sites for tents and RVs between the Cle Elum and Cooper Rivers; Recreation.gov currently lists 40 as reservable. The campground provides drinking water, trash collection, vault toilets, picnic tables, and campfire rings. Site 20 is a 127-foot pull-through, but many sites are much shorter, so match the booking to your full equipment length.",~2 hr from Seattle,2-3hrs,120,"Salmon La Sac Rd, Cle Elum, WA 98922",67,127,1,Gravel,0,false,1,1,"Cle Elum River swimming and wading
Fishing for trout on the Cooper River
Waptus Lake trail (day hike or backpack)
Alpine Lakes Wilderness access
Wildlife watching (elk, deer, osprey)
Scenic drives along Salmon La Sac Road","Riverfront camping at a major Alpine Lakes Wilderness trailhead, great for fishing and swimming.","Salmon La Sac sits at the upper end of the Cle Elum River valley in the Okanogan-Wenatchee National Forest, at the threshold of the Alpine Lakes Wilderness where the forest gives way to rock and ice above 5,000 feet. The Cooper River and Cle Elum River confluence near camp is a historic salmon spawning reach where coho and Chinook once ran in abundance — and hatchery supplementation programs are actively working to restore wild fish runs to this upper watershed. The Waptus Lake trail from Salmon La Sac leads into the heart of the Alpine Lakes Wilderness, a 393,000-acre protected landscape that contains more glacially-carved lakes than any comparable area in the Cascades, including the legendary Enchantments above Leavenworth.",true,true,true,false,false,false,false,Vaulted toilets,false,true,true,"Vault toilets and drinking water are available, but no showers on site. Fire pits are listed as available; check current fire restrictions with the operator.","Cle Elum, WA",18,21,21,80,21,"End-of-road campground at the Cle Elum River headwaters. Sites near the river (1–25) are the most popular. Loop B has pull-through sites. Excellent base for Ingalls Lake, Enchantments day hikes, and the Alpine Lakes Wilderness from the eastern approach. Typically less crowded than the I-90 corridor campgrounds on non-holiday weekends. Good trout fishing in the Cle Elum River directly from camp.","https://www.google.com/maps?q=47.403564,-121.098554",/assets/images/svg/salmon-la-sac-campground.svg,yes,,https://www.recreation.gov/camping/campgrounds/232094,2026-09-06,47.403564,-121.098554,https://www.recreation.gov/api/camps/campgrounds/232094,2026-09-06,official facility point; confirm entrance routing,,,,,,
Bumping Lake Campground,bumping-lake-campground,2026-02-21,ohanapecosh-campground;white-river-campground;la-wis-wis-campground;cougar-rock-campground,,,,false,true,,,,https://westcoastrvcamping.com/assets/images/topo/bumping-lake-campground.jpg,,Two-section National Forest campground on Bumping Lake in the Naches Ranger District with 61 sites and access to excellent trout fishing.,National Forest,Reserving 6 months in advance,https://www.recreation.gov/camping/campgrounds/232356,"Bumping Lake Campground sits at 3,400 feet elevation along the shores of Bumping Lake in the Okanogan-Wenatchee National Forest. The campground has two sections: the upper section (30 ft max) offers lakefront sites among the pines, while the lower section (50 ft max) has more spacious pull-throughs. Both sections share access to excellent trout fishing on the reservoir, a boat launch, and trails into the William O. Douglas Wilderness. Vault toilets and potable water are available.",~2 hr 30 min from Seattle,2-3hrs,150,"Bumping Lake Rd, Naches, WA 98937",61,50,2,Gravel,0,false,1,0,"Trout fishing on Bumping Lake reservoir
Boating and kayaking (boat launch on site)
William O. Douglas Wilderness hiking
Swimming in the lake
Wildlife watching (deer, black bear, eagles)
Scenic photography of Cascade peaks",High-elevation lake camping with great trout fishing and Wilderness trail access in the Naches district.,"Bumping Lake sits in a high valley of the Wenatchee National Forest, surrounded by old-growth forest at the edge of the William O. Douglas Wilderness — a 167,000-acre roadless area named for the Supreme Court Justice who was a passionate Pacific Northwest hiker. The Douglas Wilderness protects an intact Cascade mountain ecosystem from the Cascade Crest down to the Naches River drainage, encompassing volcanic meadows, alpine lakes, and old-growth forest largely unaltered since Douglas first explored it in the 1940s. Bumping Lake's position below the Cascade Crest places it in the transition zone between the wetter maritime climate of the west slope and the drier continental climate of eastern Washington, creating a mosaic of forest types and exceptional biodiversity.",true,true,true,true,false,true,false,Vaulted toilets,false,true,true,"Vault toilets and drinking water are available, but no showers on site. Fire pits are listed as available; check current fire restrictions with the operator.","Naches, WA",50,30,35,55,40,Sites near Bumping Lake (1–20) fill first for the water access and mountain views. The lake is good for motorized boating and fishing — rare on NF campgrounds. Can be windy in the afternoon; sheltered sites mid-loop are better for tent camping. A more remote feel than I-90 campgrounds. Good base for William O. Douglas Wilderness day hikes and the American Ridge trail system.,"https://www.google.com/maps?q=46.855278,-121.304444",/assets/images/svg/bumping-lake-campground.svg,,,,,46.855278,-121.304444,https://www.recreation.gov/api/camps/campgrounds/232356,2026-09-06,official facility point; confirm entrance routing,,,,,,
La Wis Wis Campground,la-wis-wis-campground,2026-02-21,ohanapecosh-campground;packwood-rv-park-campground;cougar-rock-campground;white-river-campground,,,,false,true,,,,https://westcoastrvcamping.com/assets/images/topo/la-wis-wis-campground.jpg,,One of Gifford Pinchot's largest campgrounds with 122 sites off Highway 12 near Packwood at the confluence of the Cowlitz and Ohanapecosh Rivers.,National Forest,Reserving 6 months in advance,https://www.recreation.gov/camping/campgrounds/233877,"La Wis Wis is the largest campground in Gifford Pinchot National Forest, with 122 sites spread across a beautiful river terrace where the Cowlitz and Ohanapecosh Rivers meet. RV sites accommodate rigs up to 40 feet. The campground's Highway 12 location makes it ideal for exploring both Mount Rainier National Park (25 miles north) and the Packwood/White Pass area. Flush toilets, drinking water, and a camp host are on site. The adjacent rivers offer fishing and wading, and the grove of old-growth Douglas fir provides exceptional shade.",~2 hr 30 min from Seattle,2-3hrs,150,"US-12, Packwood, WA 98361",76,40,2,Paved,0,false,1,2,"Cowlitz and Ohanapecosh River fishing and wading
Day trips to Mount Rainier National Park (25 mi)
White Pass ski area and hiking trails nearby
Ohanapecosh hot springs (in Rainier NP)
Scenic drives along Highway 12
Old-growth Douglas fir grove walks","Large riverside campground near Packwood, perfectly positioned for day trips to Mount Rainier.","La Wis Wis sits at the confluence of the Cowlitz and Ohanapecosh Rivers in the Gifford Pinchot National Forest, within the vast volcanic landscape shaped by Mount Rainier and the 1980 eruption of Mount St. Helens visible 25 miles to the southwest. The Ohanapecosh River above the campground flows from hot springs within Mount Rainier National Park and through the Grove of the Patriarchs — one of the oldest old-growth forests in the Cascades — before reaching camp in a rush of crystal-clear glacial melt. White Pass and the Goat Rocks Wilderness just to the east protect the most rugged remaining volcanic landscape between Rainier and Adams, with the Pacific Crest Trail traversing alpine ridges offering panoramic views of all three southern Washington volcanoes.",true,true,true,false,false,false,false,Flush toilets,false,true,true,"Flush toilets and drinking water are available, but no showers on site. Fire pits are listed as available; check current fire restrictions with the operator.","Packwood, WA",25,4,4,75,55,One of the best National Forest campgrounds in WA. Loop A river sites (1–30) are the highlight — the Ohanapecosh River here is crystal clear with excellent swimming holes. Old-growth forest cover on all loops. Very close to Mt Rainier's Stevens Canyon entrance. Book 6 months out for summer weekends. Ask the host for the best swimming hole locations — they're not on any map.,"https://www.google.com/maps?q=46.673889,-121.587778",/assets/images/svg/la-wis-wis-campground.svg,,,,,46.673889,-121.587778,https://www.recreation.gov/api/camps/campgrounds/233877,2026-09-06,official facility point; confirm entrance routing,,,,,,
Lower Falls Campground,lower-falls-campground,2026-02-21,takhlakh-lake-campground;peterson-prairie-campground;iron-creek-campground;walupt-lake-campground,,,,false,true,,,,https://westcoastrvcamping.com/assets/images/topo/lower-falls-campground.jpg,,Premier Lewis River campground in Gifford Pinchot with 43 sites and direct access to three stunning waterfalls on a short trail.,National Forest,Reserving 6 months in advance,https://www.recreation.gov/camping/campgrounds/250032,"Lower Falls Campground on the Lewis River is one of Gifford Pinchot National Forest's most scenic campgrounds, sitting steps from Lower Lewis River Falls. Pull-through sites accommodate rigs up to 60 feet on paved pads. A short 3-mile trail connects three major waterfalls — Lower Falls, Middle Falls, and Upper Falls — making this a spectacular base for waterfall exploration. Flush toilets and drinking water are available. The Lewis River offers steelhead and trout fishing, and the area is close to Mount St. Helens for day trips.",~3 hr from Seattle,3-4hrs,180,"FR 90, Cougar, WA 98616",43,60,1,Paved,0,false,1,0,"Lewis River waterfall trail (Lower, Middle, Upper Falls)
Lewis River fishing for steelhead and trout
Day trips to Mount St. Helens (40 mi)
Kayaking and swimming in the Lewis River
Wildlife watching in old-growth forest
Big trees and old-growth forest exploration",Paved campsites along the Lewis River with walk-in access to three spectacular waterfalls.,"Lower Falls Campground sits at the base of a spectacular series of Lewis River waterfalls in the Gifford Pinchot National Forest — Lower, Middle, and Upper Falls cascade through ancient basalt canyon walls within a 3-mile trail connecting all three drops. The Lewis River watershed drains the southern flanks of Mount St. Helens and the northern approaches to Mount Adams, and the river corridor supports wild steelhead and coho salmon runs that still draw tribal and sport fishermen to the canyon's deep pools. The surrounding Gifford Pinchot National Forest encompasses over one million acres of Cascade landscape between Mount Rainier and the Columbia River, including remarkable post-eruption recovery forest and intact old-growth stands in the Dark Divide roadless area.",true,true,true,true,false,false,false,Flush toilets,false,true,true,"Flush toilets and drinking water are available, but no showers on site. Fire pits are listed as available; check current fire restrictions with the operator.","Cougar, WA",35,20,20,65,50,"The namesake Lower Lewis River Falls is a short walk from camp — one of WA's most accessible beautiful waterfalls. Sites near the river (1–20) are the most popular. Loop B has fuller hookup sites for longer stays. Base camp for all three Lewis River Falls hikes (Lower, Middle, Upper) — doable in a single day. Book early for summer as this fills fast with waterfall seekers.","https://www.google.com/maps?q=46.156640,-121.878452",/assets/images/svg/lower-falls-campground.svg,,,,,46.156640,-121.878452,https://www.recreation.gov/api/camps/campgrounds/250032,2026-09-06,official facility point; confirm entrance routing,,,,,,
Peterson Prairie Campground,peterson-prairie-campground,2026-02-21,lower-falls-campground;takhlakh-lake-campground;columbia-hills-historical-state-park;walupt-lake-campground,,,,false,true,,,,https://westcoastrvcamping.com/assets/images/topo/peterson-prairie-campground.jpg,,"Gifford Pinchot National Forest campground near Trout Lake with 30 sites in a scenic meadow-edge setting, popular for berry picking and Bigfoot Country exploration.",National Forest,Reserving 6 months in advance,https://www.recreation.gov/camping/campgrounds/232895,"Peterson Prairie Campground sits at 2,900 feet near Trout Lake in the southern Gifford Pinchot National Forest, in an area famously called ""Bigfoot Country"" by locals. The 30 sites accommodate RVs up to 32 feet in a forested meadow-edge setting. Huckleberry picking in late summer is legendary here, and the area offers hiking to nearby lava tubes and the Indian Heaven Wilderness. Vault toilets and potable water are on site.",~4 hr 15 min from Seattle,4+ hrs,255,"FR 24, Trout Lake, WA 98650",30,32,2,Gravel,0,false,1,0,"Huckleberry picking (late August–September)
Ice Cave lava tube exploration
Indian Heaven Wilderness hiking
Mount Adams and Mount Hood views
Wildlife watching (elk, deer, black bear)
Trail of the Guardians scenic drive",Meadow-edge campground near Trout Lake with legendary huckleberry picking and lava tube caves.,"Peterson Prairie sits in a high meadow of the Gifford Pinchot National Forest with commanding views of Mount Adams — Washington's second-highest peak at 12,281 feet — and access to the Indian Heaven Wilderness, a high-altitude plateau studded with over 150 huckleberry-ringed lakes. The Indian Heaven area is one of the most significant traditional gathering sites for tribal nations of the Columbia Plateau, who gathered annually to harvest huckleberries that still grow in extraordinary abundance across the volcanic meadows. Ice Cave, just 3 miles from camp, is a lava tube where year-round ice persists in the upper chambers — a remnant of a volcanic eruption that created an underground cave system insulated from summer heat by the thick basalt walls.",true,false,false,false,false,false,false,Vaulted toilets,false,true,true,"Vault toilets and drinking water are available, but no showers on site. Fire pits are listed as available; check current fire restrictions with the operator.","Trout Lake, WA",50,8,8,65,55,The Guler Ice Cave (1 mile from camp) is the main draw — lava tube ice cave accessible June through September when ice forms naturally. Loop B has pull-through sites for equestrian campers. The meadow setting is beautiful and the huckleberry fields in late summer are exceptional. Book early when the Ice Caves are open. Bring warm layers — the high elevation meadow is cooler than the Columbia River corridor below.,"https://www.google.com/maps?q=45.9689760,-121.6567461",/assets/images/svg/peterson-prairie-campground.svg,,,,,45.9689760,-121.6567461,Google Maps named campground destination; corroborated by Recreation.gov facility record and agency directions,2026-09-06,reviewed campground navigation point,170,251,"Seattle, Washington","https://www.google.com/maps/dir/?api=1&origin=Seattle%2C%20Washington&destination=45.9689760,-121.6567461&travelmode=driving",2026-09-06,Current route uses national-forest roads; check seasonal road conditions before towing.
Panorama Point Campground,panorama-point-campground,2026-02-21,shannon-creek-campground;horseshoe-cove-campground;silver-fir-campground;douglas-fir-campground,,,,false,true,,,,https://westcoastrvcamping.com/assets/images/topo/panorama-point-campground.jpg,,"Scenic Baker Lake campground in Mount Baker-Snoqualmie National Forest with lake views and 9 sites, ideal for fishing and kayaking on Baker Lake.",National Forest,Reserving 6 months in advance,https://www.recreation.gov/camping/campgrounds/232081,"Panorama Point Campground sits on the eastern shore of Baker Lake in Mount Baker-Snoqualmie National Forest, offering stunning views across the water to Mount Baker and the Twin Sisters. The 9 sites accommodate RVs up to 45 feet. Baker Lake offers excellent kokanee salmon, rainbow trout, and smallmouth bass fishing, as well as kayaking and boating. The campground is one of the most scenic on the Baker Lake corridor with a boat launch nearby.",~2 hr from Seattle,2-3hrs,120,"Baker Lake Rd, Concrete, WA 98237",9,45,2,Gravel,0,false,1,0,"Baker Lake fishing (kokanee, rainbow trout, bass)
Kayaking and paddleboarding on Baker Lake
Mount Baker Wilderness hiking
Boating (boat launch at campground)
Wildlife watching (bald eagles, osprey, bear)
Scenic views of Mount Baker and Twin Sisters",Intimate lakefront camping on Baker Lake with Mount Baker views and excellent fishing.,"Panorama Point Campground sits on Baker Lake's western shoreline directly beneath the North Cascades wilderness, where Mount Baker's glaciated summit dominates the northern skyline and the Twin Sisters Range rises to the east in a dramatic tableau of permanent ice and rugged peaks. The Baker Lake watershed above the campground includes Cascade River tributaries that flow through some of the most productive Pacific salmon habitat in the North Cascades — and the restoration of salmon passage above Upper Baker Dam is one of Washington's most significant in-progress fisheries recovery projects. Mount Baker's intense volcanic heat produces the highest snowfall ever recorded at a US weather station — 95 feet in one winter — and the resulting glacial meltwater draining into Baker Lake is what gives the lake its distinctive aquamarine tint visible from the campground.",true,true,false,true,false,true,false,Vaulted toilets,false,true,true,"Vault toilets and drinking water are available, but no showers on site. Fire pits are listed as available; check current fire restrictions with the operator.","Concrete, WA",15,25,25,75,55,"Baker Lake's best-kept secret — small, remote, and rarely full when Horseshoe Cove is booked out. Sites near the lakeshore (1–8) are exceptional, with the same turquoise-blue water as the larger campgrounds. First-come, first-served typically; arrive Friday morning for a weekend site. The trail north from the campground along the lake offers some of the finest views of Mt Baker reflected in the water.","https://www.google.com/maps?q=48.724189,-121.672679",/assets/images/svg/panorama-point-campground.svg,,,,,48.724189,-121.672679,https://www.recreation.gov/api/camps/campgrounds/232081,2026-09-06,official facility point; confirm entrance routing,,,,,,
Beckler River Campground,beckler-river-campground,2026-02-21,bedal-campground;denny-creek-campground;tinkham-campground;salmon-la-sac-campground,,,,false,true,,,,https://westcoastrvcamping.com/assets/images/topo/beckler-river-campground.jpg,,Mount Baker-Snoqualmie National Forest campground along the Beckler River near Skykomish with 27 sites and easy Stevens Pass highway access.,National Forest,Reserving 6 months in advance,https://www.recreation.gov/camping/campgrounds/232018,"Beckler River Campground sits along the banks of the Beckler River in the Stevens Pass corridor, just 1 mile north of Skykomish on US-2. The 27 sites on gravel pads accommodate RVs up to 27 feet. The Beckler River offers fishing for cutthroat and rainbow trout, and the campground is a short drive from numerous trails in the Henry M. Jackson Wilderness. The US-2 corridor location makes it convenient for those traveling between Seattle and eastern Washington.",~1 hr 30 min from Seattle,1-2hrs,90,"FR 65, Skykomish, WA 98288",27,27,2,Gravel,0,false,1,1,"Beckler River fishing for cutthroat and rainbow trout
Henry M. Jackson Wilderness hiking
Tonga Ridge trail and views
Index Town Wall rock climbing nearby
Scenic US-2 drives to Stevens Pass
Wildlife watching (river otters, deer, eagles)",Riverside campground along US-2 near Skykomish with easy highway access and trout fishing.,"Beckler River Campground sits along the Beckler River in the Stevens Pass corridor of the Mt. Baker-Snoqualmie National Forest, at the gateway to the Henry M. Jackson Wilderness — one of the most accessible large wilderness areas from the Seattle metro region. The Skykomish River valley supports some of the most important remaining wild steelhead and salmon habitat in the Puget Sound region, and winter steelhead fishing in the Skykomish and its tributaries draws anglers from across western Washington to these clear, cold mountain rivers. The US-2 corridor is recognized as a critical wildlife movement zone connecting the North Cascades wilderness to the eastern Cascades, with documented crossings by cougar, black bear, and wolverine using the highway underpasses and wildlife bridges above the freeway.",true,true,false,false,false,false,false,Vaulted toilets,false,true,true,"Vault toilets and drinking water are available, but no showers on site. Fire pits are listed as available; check current fire restrictions with the operator.","Skykomish, WA",15,2,35,55,40,"Forested, shaded sites along the Beckler River — the river sites (1–10) are the nicest with pleasant white-noise water sounds. Very close to Hwy 2 but surprisingly quiet due to the forest buffer. A great base for Stevens Pass Greenway hiking and the Index Town Wall rock climbing area (12 miles west). Fills on summer weekends; arrive by Thursday afternoon. Good cell coverage from the Skykomish valley compared to deeper forest camps.","https://www.google.com/maps?q=47.7341113,-121.3321783",/assets/images/svg/beckler-river-campground.svg,,,,,47.7341113,-121.3321783,Google Maps named campground destination; corroborated by Recreation.gov facility record and agency directions,2026-09-06,reviewed campground navigation point,68.6,82,"Seattle, Washington","https://www.google.com/maps/dir/?api=1&origin=Seattle%2C%20Washington&destination=47.7341113,-121.3321783&travelmode=driving",2026-09-06,Current fastest driving estimate; public estimate rounded up to the next 15 minutes.
Salt Creek Recreation Area,salt-creek-recreation-area,2026-09-11,crescent-beach-rv-park;heart-o-the-hills-campground;lyre-river-campground;dungeness-recreation-area,,,,false,true,,,,https://westcoastrvcamping.com/assets/images/topo/salt-creek-recreation-area.jpg,,RV campground on the Strait of Juan de Fuca near Port Angeles with world-class tidepools at Tongue Point and views of Vancouver Island.,County Campground,Reservations for the year open January 1st,https://www.camplife.com/415/reservation/step1,"Salt Creek Recreation Area is a 196-acre county park perched above the Strait of Juan de Fuca, 15 miles west of Port Angeles. The 39 water-and-electric RV sites sit in an open meadow with sweeping views of the Strait and Vancouver Island.

The park's star attraction is Tongue Point Marine Life Sanctuary, one of Washington's premier tidepooling destinations. At low tide, sea stars, anemones, crabs, and mussels fill the rocky intertidal zone. History is on display too with intact WWII concrete gun emplacements guarding the bluff. The Striped Peak Loop trail (6.4 mi, 1,545 ft gain) rewards hikers with panoramic Olympic Peninsula coastal views.",~2 hr 45 min from Seattle,2-3hrs,165,"3506 Camp Hayden Rd, Port Angeles, WA 98363",92,40,2,Mixed,2,true,1,1,"Tidepooling at Tongue Point Marine Life Sanctuary
Striped Peak Loop trail (6.4 mi, 1,545 ft gain)
Bluff Trail coastal walk with viewpoints
WWII bunker and gun emplacement exploration
Beachcombing and whale watching from the bluff",Tidepooling at Tongue Point and exploring WWII bunkers along the Strait of Juan de Fuca.,"Olympic National Park wilderness begins just south of the campground. The Tongue Point Marine Life Sanctuary offers some of Washington's best tidepooling. Views across the Strait of Juan de Fuca reach Vancouver Island, Canada.",true,true,false,true,true,false,false,Flush toilets,true,true,true,"Vault toilets, coin-operated showers, drinking water, and fire pits. Dump station on site. Water and electric hookups available on 39 sites.","Port Angeles, WA",,15,15,32,15,Utility sites 1-39 have paved pads with water and electric hookups and open views of the Strait of Juan de Fuca; these accommodate larger rigs up to ~40 ft. The non-hookup sites (40-92) are more forested and private but are limited to shorter rigs around 25 ft. Sites with bluff-facing positions offer the best water and Vancouver Island views.,"https://www.google.com/maps?q=48.1616381,-123.6987462",/assets/images/svg/salt-creek-recreation-area.svg,yes,Sites 1–39 have electricity and seasonal water; sites 40–92 have no hookups. Both reservable and first-come sites are available; check the individual pad before booking.,https://www.clallamcountywa.gov/Facilities/Facility/Details/Salt-Creek-Recreation-Area-26,2026-09-11,48.1616381,-123.6987462,Google Maps exact named destination matched to the published street address,2026-09-06,named campground point,154,165,"Seattle, Washington","https://www.google.com/maps/dir/?api=1&origin=Seattle%2C%20Washington&destination=48.1616381,-123.6987462&travelmode=driving",2026-09-06,Fastest no-ferry option at review time; ferry routes may be shorter but add fare and wait-time uncertainty.
Bogachiel State Park,bogachiel-state-park,2026-09-11,forks-101-rv-park;hard-rain-cafe-campground;mora-campground;bear-creek-campground,,,,false,true,,,,https://westcoastrvcamping.com/assets/images/topo/bogachiel-state-park.jpg,,RV campground on the Bogachiel River near Forks in the heart of Olympic Peninsula rainforest. Six water/electric hookup sites and a dump station; Hoh Rainforest is 20 miles east.,State Park,Reservable up to 9 months in advance,https://parks.wa.gov/find-parks/state-parks/bogachiel-state-park,"Bogachiel State Park sits on the banks of its namesake river — one of the wild salmon waterways draining out of Olympic National Park — in the old-growth rainforest corridor south of Forks. The 123-acre park is blanketed in Sitka spruce and western red cedar, the kind of forest where the canopy closes overhead and the light turns green. It's a quiet, under-visited campground that mostly serves people who know the Olympic Peninsula well.

Six west-loop sites have water and electric hookups (up to 40 feet). The remaining west-loop sites are hookup-free standard sites that accommodate RVs and are positioned along the river — the east loop (sites 30–42) is tent-only. Highway 101 runs along the eastern edge of the campground, and log trucks hauling timber out of the Hoh Valley use it around the clock. Request a west-facing river site if noise is a concern; the river provides good sound cover on that side.

Forks is 6 miles north with a full grocery store, fuel, and basic supplies. Hoh Rainforest — one of only a few temperate rainforests in the United States — is about 20 miles east on Upper Hoh Road. The Hall of Mosses trail is 45 minutes of walking and one of the most distinctive landscapes in the Pacific Northwest. Sol Duc Hot Springs Resort is 30 miles northeast; Ruby Beach and the Pacific coastline are 30 miles south on US-101.",~3 hr 45 min from Seattle,3-4hrs,225,"185983 US-101, Forks, WA 98331",29,40,2,Gravel,2,true,1,1,"Bogachiel River fishing for salmon and steelhead
Hoh Rainforest day trip — Hall of Mosses trail (45 min walk)
Sol Duc Hot Springs Resort (30 miles northeast)
Ruby Beach and Pacific Coast tide pools (30 miles south)
Forks town exploration — Twilight tourism, local diners","Fishing the Bogachiel River, day-tripping to the Hoh Rainforest, and easy access to Olympic National Park's most iconic destinations. The nearby town of Forks is the Olympic Peninsula's main hub for resupply and Twilight tourism.","Olympic National Park begins just miles from the campground — the Bogachiel River Trail heads directly into the park's wilderness from a trailhead 3 miles north. Hoh Rainforest is 20 miles east via Upper Hoh Road, and Sol Duc Valley is 30 miles northeast on US-101. Ruby Beach on the Pacific Coast is 30 miles south.",true,true,false,true,false,false,false,Flush toilets,true,true,true,"Flush toilets, coin-operated showers, drinking water, and fire pits listed as available. Dump station on site. The six hookup sites (water and electric) are in the west loop.","Forks, WA",55,6,6,55,45,"Sites 1–6 are the hookup sites (water and electric, up to 40 ft) in the west loop — book these first if you need power. For non-hookup RV sites in the west loop (sites 7–29), request the river-facing side: the Bogachiel River is audible and the old-growth canopy is at its thickest here. Avoid the US-101-adjacent sites on the east side of the loop — log trucks run that highway through the night. The east loop (sites 30–42) is tent-only.","https://www.google.com/maps?q=47.8963623,-124.3605957",/assets/images/svg/bogachiel-state-park.svg,yes,The park offers standard and partial-hookup sites for RVs and combinations up to 40 feet.,https://parks.wa.gov/find-parks/state-parks/bogachiel-state-park,2026-09-11,47.8963623,-124.3605957,Current Washington State Parks published locate point,2026-09-11,official park locate point,206,223,"Seattle, Washington","https://www.google.com/maps/dir/?api=1&origin=Seattle%2C%20Washington&destination=47.8944426,-124.3644364&travelmode=driving",2026-09-06,Fastest no-ferry option at review time; ferry routes may be shorter but add fare and wait-time uncertainty.
Elwha Dam RV Park,elwha-dam-rv-park,2026-09-11,crescent-beach-rv-park;salt-creek-recreation-area;heart-o-the-hills-campground;log-cabin-resort-rv-campground,,,,false,true,,,,https://westcoastrvcamping.com/assets/images/topo/elwha-dam-rv-park.jpg,,"Wooded year-round RV park west of Port Angeles with full-hookup and water-and-electric sites, 70-by-30-foot premium pull-throughs, showers, laundry, and online booking.",Private Campground,Book current daily or weekly site types online; summer weekends generally require two nights,https://elwharvpark.com/reservations,"Elwha RV Park & Campground is a wooded private park west of Port Angeles near the former Elwha Dam site. The operator lists full-hookup and water-and-electric site types, plus 70-by-30-foot premium pull-throughs that can accept a 45-foot fifth wheel with its tow vehicle or a 40-foot motorhome with a 20-foot utility trailer. Restrooms, showers, laundry, Wi-Fi, a clubhouse, fire rings, and walking trails are available. The operator does not publish a current RV-site count, so this record no longer repeats the older conflicting totals.",~2 hr 45 min from Seattle,2-3hrs,165,"47 Lower Dam Rd, Port Angeles, WA 98363",,45,2,Gravel,3,true,1,2,"Hurricane Ridge day trip (45–60 min drive) for alpine meadows and mountain views
Hike to Marymere Falls at Lake Crescent (20 min drive)
Elwha River fishing for trout and returning salmon
Electric bike rentals on-site for the Olympic Discovery Trail
Black Ball Ferry to Victoria, BC (10 miles, book in advance)
Sol Duc Hot Springs soak (60 min drive)","Base camp for Olympic National Park with Hurricane Ridge, Lake Crescent, Elwha River fishing, and the ferry to Victoria all within easy reach.","Olympic National Park begins just 6 miles away. Hurricane Ridge offers panoramic alpine views. Lake Crescent and Marymere Falls are 20 minutes west. Sol Duc Hot Springs and the Hoh Rainforest are under 90 minutes. The Olympic Discovery Trail for cycling passes nearby, and the Elwha River — now recovering dramatically after dam removal — flows through the park.",true,true,false,true,false,false,false,Flush toilets,true,true,false,"Full hookups with 30/50 amp service, flush toilets, hot showers, on-site laundry, fiber optic Wi-Fi, gift shop with snacks, and a clubhouse.","Port Angeles, WA",30,6,6,25,6,"Premium pull-throughs measure 70 by 30 feet. Confirm the site type for your utility needs; Wi-Fi is strongest around the office, bathhouse, and clubhouse.","https://www.google.com/maps?q=48.0978590,-123.5528090",/assets/images/svg/elwha-dam-rv-park.svg,,Follow the operator directions from SR 112 to Lower Dam Road; the entrance point is published by the operator.,https://elwharvpark.com/contact-us/,2026-09-11,48.0978590,-123.5528090,Operator-published GPS coordinates,2026-09-11,operator-published entrance point,144,154,"Seattle, Washington","https://www.google.com/maps/dir/?api=1&origin=Seattle%2C%20Washington&destination=48.098336,-123.5534121&travelmode=driving",2026-09-06,Fastest no-ferry option at review time; ferry routes may be shorter but add fare and wait-time uncertainty.
Forks 101 RV Park,forks-101-rv-park,2026-09-11,bogachiel-state-park;three-rivers-resort-rv-camping;mora-campground;quileute-oceanside-resort-rv-camping,,,,false,true,,,,https://westcoastrvcamping.com/assets/images/topo/forks-101-rv-park.jpg,,"Thirty-three-site full-hookup RV park in Forks with 20/30/50-amp service, showers, laundry, fire pits, picnic tables, and online reservations.",Private Campground,Reserve current daily or weekly availability online; winter and summer rates vary,https://www.forksrvpark.com/reservations,"Forks RV Park is a private campground inside the Forks city limits. The operator confirms 33 full-hookup sites with 20-, 30-, and 50-amp service, restrooms, hot showers, laundry, fire pits, picnic tables, and Wi-Fi at selected sites. Grocery shopping and restaurants are across US 101. Current winter pricing shows the park operates beyond the older May-through-October description. The operator calls the sites big-rig friendly but does not publish a numeric maximum, so this record no longer claims a 75-foot limit.",~4 hr from Seattle,4+ hrs,240,"901 S Forks Ave, Forks, WA 98331",33,,2,Gravel,3,true,1,2,"Hall of Mosses at Hoh Rainforest (30 min south) — one of the most surreal old-growth walks in North America
Rialto Beach and Second Beach near La Push (14 miles west)
Fishing the Bogachiel, Sol Duc, and Hoh rivers for salmon and steelhead
Quileute Tribe cultural experience at La Push
Forks Timber Museum in town
Twilight-themed tours of Forks locations (popular with families)","Gateway to Hoh Rainforest and Rialto Beach with world-class salmon rivers, old-growth hiking, and Olympic National Park's rugged outer coast minutes away.","Olympic National Park surrounds Forks on multiple sides. Hoh Rainforest is 30 minutes south — one of the only temperate rainforests in the contiguous US. Rialto Beach and the Quileute Reservation at La Push are 14 miles west. Bogachiel State Park is 10 miles south. The Bogachiel, Sol Duc, Hoh, and Calawah rivers offer legendary salmon and steelhead fishing nearby.",true,true,false,true,true,false,false,Flush toilets,true,true,true,"Full hookups with 50/30/20 amp service, flush toilets, hot showers, coin laundry, fire pits, picnic tables, and WiFi at select sites.","Forks, WA",10,1,1,80,60,The park describes landscaped sites for both large and small rigs but publishes no campground-wide maximum. Enter your exact dimensions when reserving.,"https://www.google.com/maps?q=47.9422571,-124.3847599",/assets/images/svg/forks-101-rv-park.svg,,"The entrance is at the operator-published 901 South Forks Avenue address, across US 101 from Forks Outfitters.",https://www.forksrvpark.com/,2026-09-11,47.9422571,-124.3847599,Google Maps exact named destination matched to the published street address,2026-09-06,named campground point,211,229,"Seattle, Washington","https://www.google.com/maps/dir/?api=1&origin=Seattle%2C%20Washington&destination=47.9422571,-124.3847599&travelmode=driving",2026-09-06,Fastest no-ferry option at review time; ferry routes may be shorter but add fare and wait-time uncertainty.
Crescent Beach & RV Park,crescent-beach-rv-park,2026-09-11,salt-creek-recreation-area;elwha-dam-rv-park;lyre-river-campground;dungeness-recreation-area,,,,false,true,,,,https://westcoastrvcamping.com/assets/images/topo/crescent-beach-rv-park.jpg,,"Seafront private campground west of Port Angeles with full- and partial-hookup RV sites, showers, laundry, private beach access, picnic tables, and fire pits.",Private Campground,"Reservations are required for RV sites; book online, by phone, or in person",https://www.crescentbeachrv.com,"Crescent Beach & RV Park sits on the Strait of Juan de Fuca west of Port Angeles. Current operator pages list full-hookup sites with water, electric, and sewer and partial-hookup sites with water and electric. There is no on-site dump station for partial-hookup guests. Picnic tables, fire pits, restrooms, hot showers, laundry, a small store, and access to the operator's half-mile private beach are available. The operator does not publish a current RV count or campground-wide maximum, so both older figures have been removed.",~3 hr from Seattle,3-4hrs,180,"2860 Crescent Beach Rd, Port Angeles, WA 98363",,,2,Gravel,3,false,1,1,"Private half-mile sandy beach exclusively for guests (wristbands provided)
Tide pool exploration along the Strait shoreline
Beach volleyball and horseshoe pits on site
Whale watching from the beach (orca and humpback seasonally)
Hurricane Ridge day trip (60 min east)
Sol Duc Hot Springs (55 min south)","Private half-mile sandy beach on the Strait of Juan de Fuca with tide pools, whale watching potential, and Olympic National Park day trips in every direction.","Olympic National Park is accessible in multiple directions — Hurricane Ridge about an hour east, Sol Duc Hot Springs under an hour south. Striped Peak rises immediately behind the campground. The Strait of Juan de Fuca offers seasonal whale sightings including orca, humpback, and minke. Salt Creek Recreation Area (county) is a few miles west with tide pools and a former WWII gun battery.",true,true,true,true,true,false,false,Flush toilets,true,true,true,"Full and partial hookup sites with 50/30 amp service, flush toilets, hot showers, laundry, fire pits and picnic tables listed as available, and a private half-mile sandy beach.","Port Angeles, WA",35,5,22,50,22,Choose a full-hookup site if you need sewer; partial sites have no sewer and the park has no dump station. Confirm the assigned pad against your exact RV length.,"https://www.google.com/maps?q=48.1593735,-123.7117762",/assets/images/svg/crescent-beach-rv-park.svg,,Use the named campground entrance at the operator-published Crescent Beach Road address.,https://www.crescentbeachrv.com/rvpark,2026-09-11,48.1593735,-123.7117762,Google Maps exact named destination matched to the published street address,2026-09-06,named campground point,154,166,"Seattle, Washington","https://www.google.com/maps/dir/?api=1&origin=Seattle%2C%20Washington&destination=48.1593735,-123.7117762&travelmode=driving",2026-09-06,Fastest no-ferry option at review time; ferry routes may be shorter but add fare and wait-time uncertainty.
Gilgal Oasis RV Park,gilgal-oasis-rv-park,2026-09-11,sequim-bay-state-park;dungeness-recreation-area;heart-o-the-hills-campground;elwha-dam-rv-park,,,,false,true,,,,https://westcoastrvcamping.com/assets/images/topo/gilgal-oasis-rv-park.jpg,,"Year-round Sequim RV park with 28 paved full-hookup sites, 20/30/50-amp service, showers, laundry, clubhouse, Wi-Fi, and downtown access.",Private Campground,Check current nightly or extended-stay availability with the park,https://www.gilgaloasisrvpark.com,"Gilgal Oasis RV Park has 28 paved back-in and pull-through sites in Sequim. Every site has 20-, 30-, and 50-amp electric, city water, and sewer. The park also provides showers, accessible restrooms, laundry, a clubhouse, Wi-Fi, picnic tables, and a fenced dog area. The operator describes downtown as walkable and places major stores within a short drive; the older copy incorrectly said Costco and other services were all within one mile. The operator does not publish a campground-wide maximum RV length.",~2 hr 15 min from Seattle,2-3hrs,135,"400 S Brown Rd, Sequim, WA 98382",28,,2,Gravel,3,,1,2,"Dungeness Spit hike and lighthouse tour — the longest natural sand spit in the US (5 miles north)
Sequim Bay State Park boating and kayaking (minutes away)
Olympic Discovery Trail cycling through town
Hurricane Ridge day trip for alpine views and wildlife (40 min west)
Sequim Lavender Farm tours and Lavender Festival (July)
Port Angeles Black Ball Ferry to Victoria, BC (25 min west)","Year-round full-hookup park in Sequim's sunny rain shadow, with Costco next door, Dungeness Spit five miles north, and Hurricane Ridge 40 minutes away.","Dungeness National Wildlife Refuge and Dungeness Spit (the longest natural sand spit in the US) are 5 miles north. Sequim Bay State Park is minutes away. The Olympic Discovery Trail passes through town for cycling. Hurricane Ridge is 40 minutes west. Port Angeles and the Black Ball Ferry to Victoria, BC are 25 minutes west.",true,true,false,true,true,false,false,Flush toilets,true,true,false,"Full hookups with 30/50 amp at all 28 sites, flush toilets, showers, laundry, cable TV, clubhouse, and WiFi-6 throughout the park.","Sequim, WA",5,1,1,3,1,All 28 sites have full hookups. Ask for a pull-through if needed and confirm total rig dimensions because the operator publishes no park-wide maximum length.,"https://www.google.com/maps?q=48.0772131,-123.0908477",/assets/images/svg/gilgal-oasis-rv-park.svg,,Use the operator address at 400 South Brown Road in Sequim. The park is near downtown and the Olympic Discovery Trail.,https://www.gilgaloasisrvpark.com/amenities/,2026-09-11,48.0772131,-123.0908477,Google Maps exact named destination matched to the published street address,2026-09-06,named campground point,121,124,"Seattle, Washington","https://www.google.com/maps/dir/?api=1&origin=Seattle%2C%20Washington&destination=48.0772131,-123.0908477&travelmode=driving",2026-09-06,Fastest no-ferry option at review time; ferry routes may be shorter but add fare and wait-time uncertainty.
North Whidbey RV Park,north-whidbey-rv-park,2026-05-11,,,,,false,true,,,,https://westcoastrvcamping.com/assets/images/topo/north-whidbey-rv-park.jpg,,"Full-hookup RV park directly across from Deception Pass State Park with 100 paved sites, free hot showers, fire pits at every site, and Cornet Bay boat launches steps away.",Private Campground,Reserving 3 months in advance,https://northwhidbeyrvpark.com/,"North Whidbey RV Park sits at the gateway to Deception Pass State Park — Washington's most-visited state park and one of its most photographed landscapes. The park's 100 full-hookup paved sites spread across a level, well-maintained property on Cornet Bay Road, directly across the highway from the Deception Pass entrance. Every site includes a fire pit and picnic table with 50/30 amp power, water, and sewer. Free hot showers, a clubhouse with full kitchen, coin laundry, and a fenced dog park round out the amenities. Deception Pass offers 38 miles of hiking trails, two swimming beaches, saltwater shorelines for crabbing and clam digging in Cornet Bay, and a marina with boat launch. From camp, you're 15 minutes from the Anacortes ferry to the San Juan Islands and 30 minutes from Fort Casey Historical State Park. The park is pet-friendly and family-oriented — just be prepared for occasional jet noise from NAS Whidbey Island training flights that can pass overhead at any hour.",~1 hr 20 min from Seattle,1-2hrs,80,"565 Cornet Bay Rd, Oak Harbor, WA 98277",100,60,2,Paved,3,true,1,2,"Explore 38 miles of trails at Deception Pass State Park (directly across the street)
Swim at Bowman Bay or North Beach — Deception Pass's two swimming beaches
Crab and clam dig in Cornet Bay (walkable from camp)
Watch boats navigate the turbulent Deception Pass strait from the iconic bridge
Kayak and paddleboard from Cornet Bay Marina at Deception Pass
Anacortes ferry to the San Juan Islands (15 min north)
Fort Casey Historical State Park underground tunnels and lighthouse (30 min south)
Tulip Festival day trip to La Conner and Skagit Valley (30 min east, peak April)","100 full-hookup paved sites steps from Washington's most-visited state park, with swimming beaches, Cornet Bay crabbing, and the Anacortes–San Juan ferry just 15 minutes north.","Deception Pass State Park is directly across the street — Washington's most-visited state park, with 38 miles of trails, Bowman Bay and North Beach swimming beaches, saltwater shorelines, and Cornet Bay Marina and boat launch. The Anacortes ferry terminal to the San Juan Islands is 15 minutes north on Hwy 20. Fort Casey Historical State Park on central Whidbey is 30 minutes south. The Skagit Valley tulip fields are 30 minutes east, peak season in April.",true,true,true,true,true,true,true,Flush toilets,true,true,true,"100 paved full-hookup sites (50/30 amp, water, sewer) with fire pits and picnic tables listed as available. Free hot showers, heated tiled bathhouses, coin laundry, clubhouse with full kitchen, playground, fenced dog park, group fire pit, and propane for purchase on site.","Oak Harbor, WA",1,7,7,14,7,Pull-through sites accommodate rigs up to 60 ft. Request a site away from the highway side of the park for quieter nights — though Navy jets from NAS Whidbey Island may fly overhead during training exercises at any hour. Sites nearest the playground work well for families with young kids. Book well ahead for summer weekends; proximity to Deception Pass fills this park fast. The park stays open year-round and winter stays are quieter with easier site availability.,"https://www.google.com/maps?q=48.3907856,-122.6455644",/assets/images/svg/north-whidbey-rv-park.svg,,,,,,,,,,,,,,,
Whidbey Island Fairgrounds Campground,whidbey-island-fairgrounds-campground,2026-05-11,,,,,false,true,,,,https://westcoastrvcamping.com/assets/images/topo/whidbey-island-fairgrounds-campground.jpg,,"The only public campground on South Whidbey Island — 20 RV sites with power and water hookups, a 15-minute walk to downtown Langley's galleries and waterfront, and South Whidbey State Park's old-growth forest eight miles north.",County Campground,Reserving 3 months in advance,https://www.roverpass.com/c/whidbey-island-county-fairgrounds-langley-wa/,"The Fairgrounds Campground at Port of South Whidbey is the only public RV campground on the island's southern half — a useful basecamp for exploring the art galleries, whale watching, and old-growth forests of South Whidbey. The 20 RV sites sit on the fairgrounds property in Langley, with power and water hookups (50/30/20 amp; no sewer). A public dump station is on-site for $5. Bathrooms with private showers are available. The campground is a 15-minute walk from downtown Langley, a compact arts community with restaurants, galleries, the South Whidbey Historical Museum, a whale museum, and the Seawall Park overlook above Saratoga Passage. South Whidbey State Park, preserving 53 acres of old-growth Douglas-fir and beachfront on Admiralty Inlet, is 8 miles north. The Clinton ferry terminal to Mukilteo is 6 miles south, making mainland day trips straightforward. Reservations available via RoverPass, or claim an empty site on arrival. Limited water hookups November–March. Maximum 14-night stay.",~1 hr 30 min from Seattle (via Mukilteo–Clinton ferry),1-2hrs,90,"819 Camano Ave, Langley, WA 98260",20,40,2,Gravel,2,true,1,2,"Stroll to downtown Langley's galleries, whale museum, restaurants, and waterfront overlook (15-min walk)
Langley Seawall Park whale-watching platform above Saratoga Passage
South Whidbey State Park old-growth forest trails and Admiralty Inlet beach (8 miles north)
Double Bluff Beach — expansive off-leash dog beach with Olympic Peninsula views (6 miles northwest)
Kayaking and paddleboarding on Saratoga Passage from nearby launches
Clinton–Mukilteo ferry for mainland day trips (6 miles south)
Fort Casey Historical State Park lighthouse and underground gun batteries (30 min north)
Freeland Park freshwater lake swimming and picnicking (10 miles north)","The only public campground on South Whidbey, 15 minutes on foot from Langley's art galleries and whale-watching waterfront, with South Whidbey State Park old-growth forest and Saratoga Passage close by.","South Whidbey State Park preserves 53 acres of old-growth Douglas-fir and offers beach access on Admiralty Inlet, 8 miles north on Hwy 525. Double Bluff Beach, an expansive off-leash dog beach with sweeping views of the Olympic Mountains, is 6 miles northwest. Langley's Seawall Park sits at the base of the bluff below downtown with a whale-watching platform over Saratoga Passage. Fort Casey Historical State Park with lighthouse and underground batteries is 30 minutes north.",true,false,false,true,true,false,false,Flush toilets,true,true,false,"20 RV sites with power and water hookups (50/30/20 amp, no sewer). On-site public dump station ($5 fee). Bathrooms with private showers. Reservations via RoverPass or walk-in. Open year-round with limited water hookups November–March.","Langley, WA",8,3,2,35,20,Reserve ahead via RoverPass for summer visits — the 20-site campground fills quickly on weekends when Langley festivals draw crowds. Premium 50-amp sites are worth the few extra dollars if running high-draw appliances. Walk-in sites are sometimes available for spontaneous arrivals. The campground can get noisy during the Whidbey Island Fair (typically August) — check the fairgrounds calendar if quiet nights are a priority. Winter stays offer solitude and easy availability.,"https://www.google.com/maps?q=48.0325592,-122.4025789",/assets/images/svg/whidbey-island-fairgrounds-campground.svg,,,,,,,,,,,,,,,
Dosewallips State Park,dosewallips-state-park,2026-09-06,cove-rv-park-country-store;seal-rock-campground;quilcene-campground;lake-leland-park-campground,,,,false,false,,,,https://westcoastrvcamping.com/assets/images/topo/dosewallips-state-park.jpg,,"Hood Canal state park with standard, water-and-electric, and full-hookup camping for RVs up to 40 feet, plus river and shoreline access.",State Park,Reservable up to 9 months in advance,https://parks.wa.gov/find-parks/state-parks/dosewallips-state-park,"Dosewallips State Park spans both sides of Highway 101 where the Dosewallips River reaches Hood Canal. The developed campground mixes standard sites with water-and-electric and full-hookup options, and the park accommodates RVs and vehicle-trailer combinations up to 40 feet. Campers have access to flush restrooms, showers, drinking water, a dump station, forest trails, river access, and a Hood Canal shoreline. Camping is offered year-round, though water service is limited to a smaller winter loop from mid-November through March.",~2 hr 25 min from Seattle,2-3hrs,145,"306996 Highway 101, Brinnon, WA 98320",,40,2,Mixed,3,true,1,2,"Walk the forest and river trails
Explore the Hood Canal shoreline
Fish the Dosewallips River and Hood Canal
Swim or paddle when conditions allow
Watch for elk, eagles, and marine wildlife","A flexible Hood Canal base for river walks, shoreline exploring, fishing, and paddling.","The park connects a lowland forest and the Dosewallips River with Hood Canal shoreline, making it easy to experience several Olympic Peninsula habitats in one stop. Olympic National Park trailheads lie farther up the Dosewallips valley, while nearby Seal Rock adds another public shoreline and a short interpretive trail.",true,true,true,true,true,false,false,Flush toilets,true,true,true,"Flush restrooms, showers, drinking water, and a dump station serve the developed campground. Water service is reduced in winter.","Brinnon, WA",,,,,,"Use the current campground map to match your rig and hookup needs: sites 2–5 and 11–40 are marked full hookup; sites 53–58, 71–73, and 77–92 are marked water and electric. From November 15 through March 31, the park says water is available only at sites 21–29. Individual pad length varies, so confirm your exact equipment length while booking.","https://www.google.com/maps?q=47.69636536,-122.9194565",/assets/images/svg/dosewallips-state-park.svg,yes,Official park guidance allows RVs and vehicle-trailer combinations up to 40 feet; individual site limits vary.,https://parks.wa.gov/find-parks/state-parks/dosewallips-state-park,2026-09-06,,,,,,,,,,,
Fort Flagler Historical State Park,fort-flagler-historical-state-park,2026-09-06,port-ludlow-rv-park;upper-oak-bay-campground;lower-oak-bay-campground;fort-worden-historical-state-park,,,,false,false,,,,https://westcoastrvcamping.com/assets/images/topo/fort-flagler-historical-state-park.jpg,,"Spacious RV camping on Marrowstone Island with standard, partial, and full-hookup sites, beaches, historic batteries, and rigs up to 50 feet.",State Park,Reservable up to 9 months in advance,https://parks.wa.gov/find-parks/state-parks/fort-flagler-historical-state-park,"Fort Flagler Historical State Park occupies the north end of Marrowstone Island, with broad views across Admiralty Inlet and Port Townsend Bay. Its two developed campgrounds offer different experiences: the Lower Campground has standard, partial-hookup, and full-hookup sites near the water, while the Upper Campground has more private standard sites in the forest. Official park materials list 59 standard and 55 full-hookup sites and accommodate RVs up to 50 feet. Campers can walk historic coastal-defense batteries, hike shoreline trails, paddle from the beach, and use flush restrooms, showers, drinking water, and a dump station.",~2 hr 15 min from Seattle,2-3hrs,135,"10541 Flagler Road, Nordland, WA 98358",114,50,1,Mixed,3,true,1,2,"Explore historic gun batteries and military buildings
Walk beaches and shoreline trails
Kayak or paddleboard on protected water
Fish and watch boats in Admiralty Inlet
Visit the park museum and interpretive displays","Historic fort exploration, beach walks, paddling, and roomy campground loops on Marrowstone Island.","Fort Flagler sits where Port Townsend Bay meets Admiralty Inlet, with shoreline on three sides and long views toward Whidbey Island and the Olympic Mountains. The park's trails link beaches, bluff overlooks, forest, and the remains of the Harbor Defenses of Puget Sound. Fort Worden and Fort Casey form the other two points of the historic Triangle of Fire and make natural follow-on stops.",true,true,true,true,true,true,true,Flush toilets,true,true,true,"Flush restrooms, showers, drinking water, and a dump station serve the developed campgrounds.","Port Townsend, WA",,,,,,"Choose the Lower Campground for water views and standard, partial-hookup, or full-hookup choices; choose the Upper Campground for a quieter forest setting with standard sites. The lower campground is reservable year-round beginning in 2026, while upper-loop availability changes seasonally. Confirm the length limit for the exact site even though the park accommodates RVs up to 50 feet.","https://www.google.com/maps?q=48.085842,-122.701643",/assets/images/svg/fort-flagler-historical-state-park.svg,yes,Official park materials list RV accommodation up to 50 feet; individual site limits vary.,https://parks.wa.gov/find-parks/state-parks/fort-flagler-historical-state-park,2026-09-06,,,,,,,,,,,
Quilcene Campground,quilcene-campground,2026-09-09,falls-view-campground;lake-leland-park-campground;seal-rock-campground;cove-rv-park-country-store,,,,false,false,,,,https://westcoastrvcamping.com/assets/images/topo/quilcene-campground.jpg,,"Nine-site wooded county campground in central Quilcene with a 30-foot vehicle limit, fresh water, playground, courts, and first-come camping.",County Campground,"First-come, first-served; no reservations or site holding",https://jeffersoncountywa.myrec.com/info/facilities/details.aspx?FacilityID=9916,"Quilcene Campground is a small wooded county campground beside the community center and US 101. Jefferson County publishes nine first-come campsites, each with a picnic table and fire ring, for vehicles up to 30 feet. Fresh water, toilets, trash service, a playground, basketball and tennis or pickleball courts are available. The campground operates April 1 through October 31; the park remains open for day use outside the camping season.",~2 hr from Seattle,2-3hrs,120,"294964 US Highway 101, Quilcene, WA 98376",9,30,2,Mixed,0,false,1,0,"Use the playground and courts
Walk into Quilcene
Fish the Big Quilcene River under current rules
Visit Quilcene Bay
Hike Mount Walker
Explore Olympic Peninsula trails","A simple in-town base with a playground, courts, Hood Canal access, and Olympic Peninsula day trips.","Quilcene sits where river valleys meet Hood Canal and the eastern Olympic Mountains. Mount Walker, Quilcene Bay, Lake Leland, and forest trailheads are practical day trips from this small central base.",true,true,false,true,false,false,true,Toilets,false,true,true,"Fresh water, toilets, trash service, picnic tables, fire rings, playground, and courts; no campsite hookups or showers.","Quilcene, WA",,,,,,"All nine sites are first-come, with no site holding. Site sizes vary and the county limits vehicles to 30 feet, so arrive with a backup plan during busy weekends. The 2026 fee is $25 and ParkMobile is the required payment method.","https://www.google.com/maps?q=47.8222570,-122.8799130",/assets/images/svg/quilcene-campground.svg,yes,Directly off US 101 beside the Quilcene Community Center; county materials publish a 30-foot vehicle maximum.,https://jeffersoncountywa.myrec.com/info/facilities/details.aspx?FacilityID=9916,2026-09-09,47.8222570,-122.8799130,Google Maps exact named campground point matched to the current Jefferson County address,2026-09-09,named campground point,105,115,"Seattle, Washington","https://www.google.com/maps/dir/?api=1&origin=Seattle%2C%20Washington&destination=47.8222570,-122.8799130&travelmode=driving",2026-09-09,"Uses the no-ferry I-5 and Tacoma Narrows route; the Bainbridge ferry can be shorter in motion but adds fare, queue, and sailing-time uncertainty."
Lake Leland Park Campground,lake-leland-park-campground,2026-09-09,quilcene-campground;upper-oak-bay-campground;lower-oak-bay-campground;fort-worden-historical-state-park,,,,false,false,,,,https://westcoastrvcamping.com/assets/images/topo/lake-leland-park-campground.jpg,,"Twenty-two-site county campground at Lake Leland with a 30-foot limit, boat ramp, fishing pier, toilets, and no potable water or hookups.",County Campground,"First-come, first-served; no reservations or site holding",https://jeffersoncountywa.myrec.com/info/facilities/details.aspx?FacilityID=9914,"Lake Leland Park Campground has 22 first-come campsites near a fishing lake six miles north of Quilcene. Sites include picnic tables and fire rings and accept vehicles up to 30 feet. The campground has toilets, trash service, a fishing pier, and a boat ramp, but the county explicitly says there is no potable water, so arrive with a full supply. Camping runs April 1 through October 31, while the waterfront day-use area remains active year-round.",~2 hr from Seattle,2-3hrs,120,"165 Leland Valley Road W, Quilcene, WA 98376",22,30,2,Mixed,0,false,1,0,"Fish from the pier
Launch a boat at the county ramp
Paddle Lake Leland
Swim when current water-quality guidance permits
Visit Quilcene
Explore Mount Walker","Lake access for fishing, paddling, boating, and seasonal swimming, with dry first-come camping nearby.",Lake Leland is a small lowland lake between Discovery Bay and Quilcene. Check Jefferson County Public Health lake advisories before swimming or paddling because seasonal algae conditions can affect recreation.,false,true,true,true,false,true,false,Toilets,false,false,true,"Toilets, trash service, picnic tables, fire rings, fishing pier, and boat ramp; no potable water, showers, campsite hookups, or dump station.","Quilcene, WA",,,,,,All 22 campsites are first-come and the county publishes a 30-foot vehicle maximum. Bring all drinking water. The 2026 fee is $30 and ParkMobile is the required payment method.,"https://www.google.com/maps?q=47.8981780,-122.8748200",/assets/images/svg/lake-leland-park-campground.svg,yes,About 300 yards west of US 101 on Leland Valley Road; no potable water is available and vehicles are limited to 30 feet.,https://jeffersoncountywa.myrec.com/info/facilities/details.aspx?FacilityID=9914,2026-09-09,47.8981780,-122.8748200,Google Maps named campground point matched to the current Jefferson County address and campground diagram,2026-09-09,named campground point,105,114,"Seattle, Washington","https://www.google.com/maps/dir/?api=1&origin=Seattle%2C%20Washington&destination=47.8981780,-122.8748200&travelmode=driving",2026-09-09,"Uses the no-ferry I-5 and Tacoma Narrows route; ferry options add fare, queue, and sailing-time uncertainty."
Upper Oak Bay Campground,upper-oak-bay-campground,2026-09-09,lower-oak-bay-campground;fort-flagler-historical-state-park;lake-leland-park-campground;point-hudson-marina-rv-park,,,,false,false,,,,https://westcoastrvcamping.com/assets/images/topo/upper-oak-bay-campground.jpg,,"Wooded county campground above Oak Bay with electric hookups at every public site, a 30-foot limit, beach access, water, and a playground.",County Campground,"First-come, first-served; no reservations or site holding",https://jeffersoncountywa.myrec.com/info/facilities/details.aspx?FacilityID=9911,"Upper Oak Bay Campground occupies the wooded upland above Oak Bay, a short drive east of Port Hadlock. Jefferson County's live facility page lists 24 campsites with electrical hookups, picnic tables, and fire rings, plus fresh water, toilets, trash service, beach access, and a playground. The county limits vehicles to 30 feet. Camping is first-come from April 1 through October 31, with no reservations or site holding.",~2 hr from Seattle,2-3hrs,120,"290 Cleveland Street, Port Hadlock, WA 98339",24,30,2,Mixed,1,false,1,0,"Walk to Oak Bay beach access
Use the playground
Watch birds and marine traffic
Fish under current regulations
Paddle protected water when conditions allow
Visit Port Townsend","Electric camping in the woods with beach access, a playground, and easy Port Townsend day trips.","Upper Oak Bay looks toward Indian Island and the protected waters between Port Hadlock and Port Ludlow. Lower Oak Bay is nearby at shoreline level, while Fort Flagler and Port Townsend make easy day trips.",true,true,false,true,true,false,true,Toilets,false,true,true,"Electrical service at all public sites, fresh water, toilets, trash service, picnic tables, fire rings, beach access, and playground; no showers or dump station.","Port Hadlock, WA",,,,,,"The live county page lists 24 electric campsites, while a 2025 brochure says 23 and the 2024 map labels 20 electric campsites plus other numbered positions. Treat 24 as the current operator total but check the posted map on arrival. All sites have a 30-foot vehicle maximum and are first-come. The 2026 fee is $35 and ParkMobile is required.","https://www.google.com/maps?q=48.0241543,-122.7334370",/assets/images/svg/upper-oak-bay-campground.svg,yes,Follow Cleveland Street to Upper Oak Bay Park Road. The county publishes a 30-foot vehicle maximum.,https://jeffersoncountywa.myrec.com/info/facilities/details.aspx?FacilityID=9911,2026-09-09,48.0241543,-122.7334370,Google Maps exact named campground point matched to the Jefferson County campground map and address,2026-09-09,named campground point,102,115,"Seattle, Washington","https://www.google.com/maps/dir/?api=1&origin=Seattle%2C%20Washington&destination=48.0241543,-122.7334370&travelmode=driving",2026-09-09,"Uses the no-ferry I-5 and Tacoma Narrows route; ferry options add fare, queue, and sailing-time uncertainty."
Lower Oak Bay Campground,lower-oak-bay-campground,2026-09-09,upper-oak-bay-campground;fort-flagler-historical-state-park;lake-leland-park-campground;point-hudson-marina-rv-park,,,,false,false,,,,https://westcoastrvcamping.com/assets/images/topo/lower-oak-bay-campground.jpg,,"Small first-come county campground on an Oak Bay sand spit with beach access, fresh water, toilets, and a 30-foot vehicle maximum.",County Campground,"First-come, first-served; no reservations or site holding",https://jeffersoncountywa.myrec.com/info/facilities/details.aspx?FacilityID=9911,"Lower Oak Bay Campground places dry campsites on a narrow shoreline setting beside a lagoon and Oak Bay. The current county facility page lists 12 campsites with picnic tables and fire rings, plus fresh water, toilets, trash service, beach access, and a nearby boat ramp. Vehicles are limited to 30 feet. Camping is first-come from April 1 through October 31, with no reservations or site holding.",~2 hr from Seattle,2-3hrs,120,"301 Portage Way, Port Hadlock, WA 98339",12,30,2,Mixed,0,false,1,0,"Explore the shoreline
Watch shorebirds and marine traffic
Fish under current regulations
Launch a small boat nearby
Paddle when tides and weather allow
Visit Port Townsend","Simple shoreline camping for beach access, birding, fishing, paddling, and nearby Port Townsend trips.","The lower campground sits on a sand spit at Oak Bay, close to tidal water and a lagoon. Its exposed shoreline setting is quite different from the wooded electric sites at Upper Oak Bay just uphill.",true,true,false,true,true,true,false,Toilets,false,true,true,"Fresh water, toilets, trash service, picnic tables, fire rings, beach access, and nearby boat ramp; no hookups, showers, or dump station.","Port Hadlock, WA",,,,,,"The live county page lists 12 campsites; a newer brochure lists eight, so check the posted campground diagram and current open-site markers on arrival. Sites are first-come with a 30-foot vehicle maximum. The 2026 fee is $30 and ParkMobile is required.","https://www.google.com/maps?q=48.0231306,-122.7295974",/assets/images/svg/lower-oak-bay-campground.svg,yes,Follow Portage Way to the shoreline campground. The county publishes a 30-foot vehicle maximum.,https://jeffersoncountywa.myrec.com/info/facilities/details.aspx?FacilityID=9911,2026-09-09,48.0231306,-122.7295974,Google Maps exact named campground point matched to the Jefferson County campground map and address,2026-09-09,named campground point,102,115,"Seattle, Washington","https://www.google.com/maps/dir/?api=1&origin=Seattle%2C%20Washington&destination=48.0231306,-122.7295974&travelmode=driving",2026-09-09,"Uses the no-ferry I-5 and Tacoma Narrows route; ferry options add fare, queue, and sailing-time uncertainty."
Point Hudson Marina & RV Park,point-hudson-marina-rv-park,2026-09-09,fort-worden-historical-state-park;jefferson-county-fairgrounds-campground;fort-flagler-historical-state-park;upper-oak-bay-campground,,,,false,false,,,,https://westcoastrvcamping.com/assets/images/topo/point-hudson-marina-rv-park.jpg,,"Port-operated waterfront RV park in walkable Port Townsend with 46 full-hookup sites, two dry sites, showers, laundry, and online reservations.",City Campground,Reserve online through CampLife; 2026 general reservations opened January 21,https://www.camplife.com/1403/reservation/step1,"Point Hudson Marina & RV Park sits on the Port Townsend waterfront beside the marina and a short walk from downtown. The Port of Port Townsend publishes 46 full-hookup sites and two sites without hookups. Guests have access-controlled restrooms, showers, and coin laundry; campfires and beach fires are prohibited. Online reservations are available through CampLife, and individual site dimensions should be confirmed during booking because the Port does not publish one park-wide RV maximum.",~2 hr 30 min from Seattle,2-3hrs,150,"380 Jefferson Street, Port Townsend, WA 98368",48,,1,Mixed,3,false,1,0,"Walk Port Townsend's waterfront
Visit Point Wilson Lighthouse
Explore Fort Worden
Watch ships enter Admiralty Inlet
Visit downtown shops and restaurants
Paddle or sail with a local outfitter","A walkable waterfront base for Port Townsend, Fort Worden, maritime activities, and Admiralty Inlet views.","Point Hudson is at the northeast edge of downtown Port Townsend where Port Townsend Bay meets Admiralty Inlet. The shoreline walk continues toward Chetzemoka Park, Fort Worden, and Point Wilson.",true,true,false,true,true,true,false,Flush toilets,true,true,false,"Most sites have full hookups; access-controlled restrooms, showers, coin laundry, and marina access are on site. Campfires and beach fires are prohibited.","Port Townsend, WA",,,,,,The Port publishes 46 full-hookup sites and two dry sites but no single RV length limit. Use the live booking inventory to confirm pad length for your exact rig. This is a compact marina setting; check the site map before choosing a waterfront or interior position.,"https://www.google.com/maps?q=48.1185560,-122.7511022",/assets/images/svg/point-hudson-marina-rv-park.svg,yes,Use the named Point Hudson RV park entrance and current Port address; compact marina roads and site dimensions vary.,https://portofpt.com/point-hudson-marina-rv-park/,2026-09-09,48.1185560,-122.7511022,Google Maps exact named RV park point matched to the current Port of Port Townsend address and site map,2026-09-09,named RV park point,112,135,"Seattle, Washington","https://www.google.com/maps/dir/?api=1&origin=Seattle%2C%20Washington&destination=48.1185560,-122.7511022&travelmode=driving",2026-09-09,"Uses the no-ferry I-5 and Tacoma Narrows route; the Bainbridge ferry can reduce driving mileage but adds fare, queue, and sailing-time uncertainty."
Jefferson County Fairgrounds Campground,jefferson-county-fairgrounds-campground,2026-09-09,fort-worden-historical-state-park;point-hudson-marina-rv-park;fort-flagler-historical-state-park;upper-oak-bay-campground,,,,false,false,,,,https://westcoastrvcamping.com/assets/images/topo/jefferson-county-fairgrounds-campground.jpg,,"Year-round Port Townsend campground with more than 50 full-, partial-, electric-, and dry-site choices, online reservations, showers, Wi-Fi, and a dump station.",County Campground,Reservation required before arrival; book current inventory online,https://parkwith.us/camps/the-campground-at-jefferson-county-fairgrounds,"The campground at Jefferson County Fairgrounds is a public, reservation-only base near Fort Worden and North Beach. Its nonprofit operator publishes more than 50 sites across full-hookup, power-and-water, electric-only, and dry options. Full-hookup sites accept rigs up to 50 feet; dry vehicle sites are limited to 20 feet. Restrooms, showers, community Wi-Fi, and a dump station are available. Some sites close in wet winter months and the entire public campground closes around the county fair, so check live inventory for the exact dates and site type.",~2 hr 30 min from Seattle,2-3hrs,150,"4450 Jackman Street, Port Townsend, WA 98368",,50,2,Mixed,3,true,0,1,"Walk or bike to Fort Worden
Visit North Beach
Explore Port Townsend
Use nearby forested trails
Attend fairgrounds events when open
Visit Point Wilson Lighthouse","An affordable Port Townsend base near Fort Worden, North Beach, trails, and community events.","The fairgrounds sit between Port Townsend neighborhoods, North Beach, and Fort Worden. This is a practical service-focused base rather than a wilderness campground, with shoreline and forest walks close by.",true,false,false,false,true,false,false,Flush toilets,true,true,false,"Full, partial, electric-only, and dry sites; restrooms, showers, community Wi-Fi, and dump station. Campfires and generators are prohibited.","Port Townsend, WA",,,,,,"Reserve before arrival; an empty site may already be assigned. Full-hookup sites fit rigs up to 50 feet, while no-hookup vehicle sites cap equipment at 20 feet. Winter and event closures reduce inventory, and generators and campfires are prohibited.","https://www.google.com/maps?q=48.1323287,-122.7851357",/assets/images/svg/jefferson-county-fairgrounds-campground.svg,yes,"Use the separately named campground point at 4450 Jackman Street, not the center of the fairgrounds parcel.",https://jeffcofairgrounds.org/campround/,2026-09-09,48.1323287,-122.7851357,Google Maps exact named campground point matched to the current operator address,2026-09-09,named campground point,112,134,"Seattle, Washington","https://www.google.com/maps/dir/?api=1&origin=Seattle%2C%20Washington&destination=48.1323287,-122.7851357&travelmode=driving",2026-09-09,"Uses the no-ferry I-5 and Tacoma Narrows route; the Bainbridge ferry can reduce driving mileage but adds fare, queue, and sailing-time uncertainty."
Cove RV Park & Country Store,cove-rv-park-country-store,2026-09-09,seal-rock-campground;dosewallips-state-park;falls-view-campground;quilcene-campground,,,,false,false,,,,https://westcoastrvcamping.com/assets/images/topo/cove-rv-park-country-store.jpg,,"Small Hood Canal RV park near Brinnon with full hookups, sites for rigs up to 40 feet, hot showers, laundry, Wi-Fi, a country store, and online reservations.",Private Campground,Reserve available dates online through Campspot,https://www.campspot.com/book/cove-rv,"Cove RV Park & Country Store is a small private campground on US 101 between Quilcene and Brinnon. The operator lists full-hookup standard sites with water, sewer, 30- or 50-amp power, and cable for RVs up to 40 feet. A smaller camper-van site has water and 30-amp power without sewer. Guests can use Wi-Fi, hot showers, laundry, a covered pavilion, games, loaner bicycles, a short creek trail, and the on-site store. Reservations are available through Campspot.",~2 hr 15 min from Seattle,2-3hrs,135,"303075 US Highway 101, Brinnon, WA 98320",25,40,2,Gravel,3,,,1,"Walk the private Marple Creek trail
Borrow a bicycle at the campground
Play basketball or lawn games
Explore Hood Canal beaches
Visit Rocky Brook Falls
Hike in Olympic National Forest","A service-rich Hood Canal base with simple on-site recreation, a store, nearby beaches, waterfalls, and forest trails.","The park sits along the Hood Canal side of US 101 near Seal Rock and Dosewallips State Park. Brinnon-area beaches, the Duckabush and Dosewallips river valleys, and Olympic National Forest trailheads are close day trips.",true,true,false,true,true,true,false,Flush toilets,true,true,true,"Full hookups at standard RV sites, Wi-Fi, hot showers, laundry, picnic tables, campfire rings, pavilion, games, loaner bicycles, and an on-site country store.","Brinnon, WA",,,,,,"Standard RV sites accept vehicles up to 40 feet and include full hookups. The smallest camper-van site has water and 30-amp power but no sewer, so confirm the site type during booking. The operator publishes 25 sites in the current regional inventory.","https://www.google.com/maps?q=47.7391044,-122.8798666",/assets/images/svg/cove-rv-park-country-store.svg,yes,The named campground entrance is directly off US 101 at the operator's published address. Standard sites accept RVs up to 40 feet.,https://coverv.com/accomodations/,2026-09-09,47.7391044,-122.8798666,Google Maps exact named RV park point matched to the operator's published address,2026-09-09,named campground point,125,134,"Seattle, Washington","https://www.google.com/maps/dir/?api=1&origin=Seattle%2C%20Washington&destination=47.7391044,-122.8798666&travelmode=driving",2026-09-09,"Uses the no-ferry I-5, Tacoma Narrows, and US 101 route; ferry choices can show a shorter moving time but add fare, queue, and sailing uncertainty."
Hard Rain Cafe & Campground,hard-rain-cafe-campground,2026-09-09,minnie-peterson-campground;hoh-campground;hoh-oxbow-campground;south-fork-hoh-campground,,,,false,false,,,,https://westcoastrvcamping.com/assets/images/topo/hard-rain-cafe-campground.jpg,,"Seasonal 13-site private campground on Upper Hoh Road with water-and-electric RV sites, hot showers, a cafe and store, and quick access to the Hoh Rain Forest.",Private Campground,Camping March 15–November 15; reserve online with first-night deposit,https://hohrainforest.wixsite.com/hardrain,"Hard Rain Cafe & Campground is a compact seasonal base on Upper Hoh Road between US 101 and Olympic National Park's Hoh Rain Forest entrance. The operator publishes a March 15 through November 15 camping season and asks guests to reserve online with a nonrefundable first-night deposit. The current regional guide and community inventory list 13 sites; community reports identify 30-amp power and water at RV sites, hot showers, restrooms, picnic tables, and fire rings. Because the operator does not publish a park-wide vehicle maximum, the page uses the conservative 36-foot longest vehicle reported by campers and tells larger-rig travelers to confirm directly.",~4 hr from Seattle,4plus,240,"5763 Upper Hoh Road, Forks, WA 98331",13,36,2,Dirt,2,,,2,"Visit the Hoh Rain Forest early or after 6 p.m.
Walk the nearby Land of Legends trails
Explore Hall of Mosses
Stop at Ruby Beach
Watch for elk and river wildlife
Eat at the seasonal cafe","One of the closest private RV bases to the Hoh Rain Forest, with food, showers, forest trails, and Pacific coast day trips.","The campground lies between mile five and six of Upper Hoh Road, west of the national-park entrance. The Hoh River valley, Land of Legends trails, Olympic National Park, and Ruby Beach shape most trips from this remote base.",true,true,false,true,true,false,false,Flush toilets,true,true,true,"Water and 30-amp electric service reported at RV sites, restrooms, hot showers, picnic tables, fire rings, cafe, store, and seasonal visitor services.","Forks, WA",,,,,,"The operator does not publish a park-wide maximum length. A current community listing reports a 36-foot longest vehicle, so rigs near or above that length should call before reserving. Peak-season visitors should reach the Hoh entrance before 9 a.m. or consider an evening visit, following the operator's own guidance.","https://www.google.com/maps?q=47.8169556,-124.1539028",/assets/images/svg/hard-rain-cafe-campground.svg,yes,Use the named Hard Rain property at the operator's published Upper Hoh Road address. The campground shares the property with the cafe and store.,https://hohrainforest.wixsite.com/hardrain,2026-09-09,47.8169556,-124.1539028,Google Maps exact named Hard Rain property point matched to the operator's published address,2026-09-09,named operator property point,204,228,"Seattle, Washington","https://www.google.com/maps/dir/?api=1&origin=Seattle%2C%20Washington&destination=47.8169556,-124.1539028&travelmode=driving",2026-09-09,Uses the no-ferry I-5 and US 101 route; the rounded planning estimate leaves a modest buffer for the final Upper Hoh Road segment.
Port Ludlow RV Park,port-ludlow-rv-park,2026-09-09,upper-oak-bay-campground;lower-oak-bay-campground;fort-flagler-historical-state-park;point-hudson-marina-rv-park,,,,false,false,,,,https://westcoastrvcamping.com/assets/images/topo/port-ludlow-rv-park.jpg,,"Wooded year-round private park in Port Ludlow with 37 sites, full hookups, pull-through options, showers, Wi-Fi, and sites reported for RVs up to 40 feet.",Private Campground,Call the park directly for current availability,https://portludlowrvpark.com/,"Port Ludlow RV Park is a wooded private campground near the marina, Ludlow Falls, and the Hood Canal Bridge. The current Jefferson County visitor guide lists 37 sites, while the park and current campground directories describe full hookups, pull-through choices, restrooms, showers, Wi-Fi, picnic tables, and fire rings. The operator says sites accommodate rigs up to 40 feet. Reservations are handled directly by the park rather than through an online inventory, so call before arrival and confirm the fit of the assigned site.",~1 hr 45 min from Seattle,1-2hrs,105,"44 Breaker Lane, Port Ludlow, WA 98365",37,40,2,Gravel,3,true,,2,"Walk the Ludlow Falls trail
Visit Port Ludlow Marina
Paddle protected Port Ludlow Bay
Explore Fort Flagler
Visit Port Townsend
Walk shoreline trails","A quiet wooded base for Port Ludlow Bay, Ludlow Falls, Marrowstone Island, and Port Townsend day trips.","Port Ludlow Bay and the short Ludlow Falls trail are close to the campground. Fort Flagler, Oak Bay, Port Townsend, and Hood Canal shoreline access make practical half-day trips.",true,true,false,true,true,true,false,Flush toilets,true,true,true,"Full hookups, pull-through choices, restrooms, hot showers, Wi-Fi, picnic tables, fire rings, and dump access; call for the current site assignment and services.","Port Ludlow, WA",,,,,,"The operator states a 40-foot maximum and advertises pull-through sites, but wooded interior roads and pads vary. Call with total rig length and tow vehicle details. The current regional guide lists 37 sites; other directories range from 39 total to 37 spaces, so this page uses the local guide's count.","https://www.google.com/maps?q=47.9195323,-122.7052439",/assets/images/svg/port-ludlow-rv-park.svg,yes,Use the exact named campground point on Breaker Lane rather than the center of Port Ludlow. Wooded internal roads and site dimensions vary.,https://portludlowrvpark.com/,2026-09-09,47.9195323,-122.7052439,Google Maps exact named RV park point matched to the current regional guide and operator address,2026-09-09,named campground point,93,98,"Seattle, Washington","https://www.google.com/maps/dir/?api=1&origin=Seattle%2C%20Washington&destination=47.9195323,-122.7052439&travelmode=driving",2026-09-09,"Uses the no-ferry I-5, Tacoma Narrows, WA 3, and Hood Canal Bridge route; ferry options add fare, queue, and sailing uncertainty."
Falls View Campground,falls-view-campground,2026-09-09,quilcene-campground;lake-leland-park-campground;seal-rock-campground;cove-rv-park-country-store,,,,false,false,,,,https://westcoastrvcamping.com/assets/images/topo/falls-view-campground.jpg,,"Small Olympic National Forest campground directly off US 101 near Quilcene, currently listing 11 sites, dry camping, and selected RV spaces up to 35 feet.",National Forest,"First-come, first-served; claim and pay on arrival with Recreation.gov Scan & Pay",https://www.recreation.gov/camping/campgrounds/10355712,"Falls View Campground sits directly off US 101 in conifer and rhododendron forest above the Big Quilcene River. The current Recreation.gov overview says the campground offers 11 sites and can accommodate small RVs, while its facility detail retains the larger historic loop layout and says selected spaces accept trailers or motorhomes up to 35 feet. The Forest Service currently labels the facility open. Camping is first-come and paid on arrival through Recreation.gov Scan & Pay; there are no hookups or potable water. Confirm the open loop and an individual site before bringing a longer rig.",~2 hr from Seattle,2-3hrs,120,"US Highway 101, Quilcene, WA 98376",11,35,2,Mixed,0,false,1,1,"Walk the short Falls View loop
See the Big Quilcene River waterfall
Explore nearby Mount Walker
Visit Quilcene Bay
Hike Olympic National Forest trails
Fish under current regulations","A simple highway-accessible forest base for a short waterfall walk, Mount Walker, Quilcene Bay, and nearby trailheads.","The campground occupies a forested bench above the Big Quilcene River. Its short loop reaches a waterfall viewpoint, while Mount Walker, Quilcene Bay, and eastern Olympic Mountain trailheads are nearby.",true,true,false,false,false,false,false,Vaulted toilets,false,false,true,"Dry camping with toilets, garbage service, tables, and fire rings. No hookups or potable water; download the Recreation.gov app before arriving.","Quilcene, WA",,,,,,"The current overview says 11 sites are offered, but the facility detail still describes the older two-loop layout. Treat 35 feet as a selected-site maximum rather than a campground-wide promise. Bring all drinking water and download Scan & Pay before leaving coverage.","https://www.google.com/maps?q=47.7905528,-122.9251396",/assets/images/svg/falls-view-campground.svg,yes,The exact named campground entrance is directly off US 101 about 3.5 miles south of Quilcene. Confirm that the RV loop is open before towing to the campground.,https://www.recreation.gov/camping/campgrounds/10355712,2026-09-09,47.7905528,-122.9251396,Google Maps exact named campground point matched to the Forest Service facility address and directions,2026-09-09,named campground point,109,116,"Seattle, Washington","https://www.google.com/maps/dir/?api=1&origin=Seattle%2C%20Washington&destination=47.7905528,-122.9251396&travelmode=driving",2026-09-09,"Uses the no-ferry I-5, Tacoma Narrows, and US 101 route; ferry routes may show less driving time but add fare, queue, and sailing uncertainty."
Coppermine Bottom Campground,coppermine-bottom-campground,2026-09-10,south-fork-hoh-campground;cottonwood-campground;kalaloch-campground;bogachiel-state-park,,,,false,false,,,,https://westcoastrvcamping.com/assets/images/topo/coppermine-bottom-campground.jpg,,Primitive first-come DNR campground beside the Clearwater River with dry sites for trailers up to 30 feet and a long gravel forest-road approach.,State Forest,"First-come, first-served; Discover Pass required for vehicle access",https://dnr.wa.gov/forest-and-trust-lands/olympic-peninsula-forests,"Coppermine Bottom is a primitive Washington DNR campground beside the Clearwater River southwest of Forks. DNR allows trailers up to 30 feet and currently lists the campground open. Sites are first-come, a Discover Pass is required for vehicle access, and there are no hookups or potable water. DNR does not publish a current site total, and community sources disagree, so this listing leaves the count unconfirmed. The final approach follows active forest roads; check DNR alerts and road conditions before towing.",~3 hr 45 min from Seattle,3-4hrs,225,"Hoh-Clearwater Mainline, Forks, WA 98331",,30,1,Dirt,0,false,,0,"Explore temperate rain forest
Watch the river from camp
Look for birds and wildlife
Visit the Hoh Rain Forest
Practice leave-no-trace camping","A quiet, primitive forest base for river scenery, wildlife watching, and Hoh Rain Forest day trips.","These DNR sites sit in the wet forests and river valleys west of Olympic National Park, with the Hoh Rain Forest, Pacific beaches, and working state trust lands nearby.",true,true,false,false,false,false,false,Vaulted toilets,false,false,true,"Primitive dry camping with a toilet and fire rings. No hookups, potable water, showers, or dump station; pack out trash and obey current fire restrictions.","Forks, WA",,,,,,"Best for smaller, self-contained rigs comfortable with a long gravel approach. Bring water, pack out trash, and do not depend on cell service.","https://www.google.com/maps?q=47.6575815,-124.2013031",/assets/images/svg/coppermine-bottom-campground.svg,yes,"From US 101 near milepost 147, follow Hoh-Clearwater Mainline about 12.6 miles, then C-1010 about 1.5 miles. Active forest operations may affect access.",https://dnr.wa.gov/forest-and-trust-lands/olympic-peninsula-forests,2026-09-10,47.6575815,-124.2013031,Official Washington DNR directions link resolved to the exact named Google Maps campground point,2026-09-10,named campground point,181,199,"Seattle, Washington","https://www.google.com/maps/dir/?api=1&origin=Seattle%2C%20Washington&destination=47.6575815,-124.2013031&travelmode=driving",2026-09-10,Uses the no-ferry I-5 and US 101 route. The public estimate adds towing margin for the final primitive forest-road approach.
Cottonwood Campground,cottonwood-campground,2026-09-10,hoh-oxbow-campground;kalaloch-campground;south-beach-campground;bogachiel-state-park,,,,false,false,,,,https://westcoastrvcamping.com/assets/images/topo/cottonwood-campground.jpg,,"Primitive DNR campground near the lower Hoh River with first-come dry sites for trailers up to 30 feet, reached from Oil City Road.",State Forest,"First-come, first-served; Discover Pass required for vehicle access",https://dnr.wa.gov/forest-and-trust-lands/olympic-peninsula-forests,"Cottonwood is a primitive Washington DNR campground in the lower Hoh River forest near Forks. DNR allows trailers up to 30 feet and currently lists the facility open. Camping is first-come with a Discover Pass required for vehicle access; there are no hookups, potable water, showers, or dump station. DNR does not publish a current site count and community reports vary, so confirm space and turning room on arrival.",~4 hr from Seattle,4plus,240,"Oil City Road and H-4060, Forks, WA 98331",,30,2,Dirt,0,false,,0,"Explore temperate rain forest
Watch the river from camp
Look for birds and wildlife
Visit the Hoh Rain Forest
Practice leave-no-trace camping","A quiet, primitive forest base for river scenery, wildlife watching, and Hoh Rain Forest day trips.","These DNR sites sit in the wet forests and river valleys west of Olympic National Park, with the Hoh Rain Forest, Pacific beaches, and working state trust lands nearby.",true,true,false,false,false,false,false,Vaulted toilets,false,false,true,"Primitive dry camping with a toilet and fire rings. No hookups, potable water, showers, or dump station; pack out trash and obey current fire restrictions.","Forks, WA",,,,,,Arrive with water and choose a site only after checking the full loop and exit path. Turning room varies among the wooded sites.,"https://www.google.com/maps?q=47.7786911,-124.2929769",/assets/images/svg/cottonwood-campground.svg,yes,"From US 101 between mileposts 177 and 178, take Oil City Road about 2.3 miles and H-4060 about 0.9 mile to the campground.",https://dnr.wa.gov/forest-and-trust-lands/olympic-peninsula-forests,2026-09-10,47.7786911,-124.2929769,Official Washington DNR directions link resolved to the exact named Google Maps campground point,2026-09-10,named campground point,200,219,"Seattle, Washington","https://www.google.com/maps/dir/?api=1&origin=Seattle%2C%20Washington&destination=47.7786911,-124.2929769&travelmode=driving",2026-09-10,Uses the no-ferry I-5 and US 101 route. Ferry alternatives can look similar but add queue and sailing uncertainty.
Hoh Oxbow Campground,hoh-oxbow-campground,2026-09-10,cottonwood-campground;minnie-peterson-campground;hard-rain-cafe-campground;hoh-campground,,,,false,false,,,,https://westcoastrvcamping.com/assets/images/topo/hoh-oxbow-campground.jpg,,"Eight-site first-come DNR campground beside a Hoh River oxbow, with dry camping for trailers up to 30 feet and direct access near US 101.",State Forest,"First-come, first-served; scheduled closure September 14–October 13, 2026",https://dnr.wa.gov/forest-and-trust-lands/olympic-peninsula-forests,"Hoh Oxbow is an eight-site Washington DNR campground beside a quiet Hoh River oxbow east of US 101. DNR allows trailers up to 30 feet and provides a toilet, but no hookups, potable water, showers, or dump station. Camping is first-come and a Discover Pass is required for vehicle access. DNR has scheduled a full public-access closure from September 14 through October 13, 2026 for Hoh Bridge work; check the live status page before travel.",~3 hr 45 min from Seattle,3-4hrs,225,"US Highway 101, Forks, WA 98331",8,30,2,Dirt,0,false,,0,"Explore temperate rain forest
Watch the river from camp
Look for birds and wildlife
Visit the Hoh Rain Forest
Practice leave-no-trace camping","A quiet, primitive forest base for river scenery, wildlife watching, and Hoh Rain Forest day trips.","These DNR sites sit in the wet forests and river valleys west of Olympic National Park, with the Hoh Rain Forest, Pacific beaches, and working state trust lands nearby.",true,true,false,false,false,false,false,Toilets,false,false,true,"Primitive dry camping with a toilet and fire rings. No hookups, potable water, showers, or dump station; pack out trash and obey current fire restrictions.","Forks, WA",,,,,,A simpler DNR choice for rigs that want to avoid the longest forest-road approaches. Confirm the scheduled 2026 bridge closure has ended before travel.,"https://www.google.com/maps?q=47.8114695,-124.2501998",/assets/images/svg/hoh-oxbow-campground.svg,yes,"The campground is directly east of US 101 between mileposts 176 and 177. DNR has scheduled no public access September 14–October 13, 2026 for bridge work.",https://dnr.wa.gov/forest-and-trust-lands/olympic-peninsula-forests,2026-09-10,47.8114695,-124.2501998,Official Washington DNR directions link resolved to the exact named Google Maps campground point,2026-09-10,named campground point,196,210,"Seattle, Washington","https://www.google.com/maps/dir/?api=1&origin=Seattle%2C%20Washington&destination=47.8114695,-124.2501998&travelmode=driving",2026-09-10,Uses the no-ferry I-5 and US 101 route and rounds above the observed moving time for towing.
Minnie Peterson Campground,minnie-peterson-campground,2026-09-10,hard-rain-cafe-campground;hoh-campground;hoh-oxbow-campground;south-fork-hoh-campground,,,,false,false,,,,https://westcoastrvcamping.com/assets/images/topo/minnie-peterson-campground.jpg,,Nine-site primitive DNR campground on Upper Hoh Road with first-come dry camping beside a forest creek for trailers up to 30 feet.,State Forest,"First-come, first-served; Discover Pass required for vehicle access",https://dnr.wa.gov/forest-and-trust-lands/olympic-peninsula-forests,"Minnie Peterson is a nine-site Washington DNR campground beside a forest creek on Upper Hoh Road. DNR allows trailers up to 30 feet and currently lists the campground open. Sites are first-come, a Discover Pass is required for vehicle access, and there are no hookups, potable water, showers, or dump station. The small wooded loop can feel tight, so inspect the site and exit path before committing a longer trailer.",~4 hr from Seattle,4plus,240,"Upper Hoh Road, Forks, WA 98331",9,30,1,Dirt,0,false,,0,"Explore temperate rain forest
Watch the river from camp
Look for birds and wildlife
Visit the Hoh Rain Forest
Practice leave-no-trace camping","A quiet, primitive forest base for river scenery, wildlife watching, and Hoh Rain Forest day trips.","These DNR sites sit in the wet forests and river valleys west of Olympic National Park, with the Hoh Rain Forest, Pacific beaches, and working state trust lands nearby.",true,true,false,false,false,false,false,Vaulted toilets,false,false,true,"Primitive dry camping with a toilet and fire rings. No hookups, potable water, showers, or dump station; pack out trash and obey current fire restrictions.","Forks, WA",,,,,,Best for compact rigs and travelers who bring water and can dry camp. Walk the loop first if your trailer approaches 30 feet.,"https://www.google.com/maps?q=47.8184151,-124.1749207",/assets/images/svg/minnie-peterson-campground.svg,yes,Follow Upper Hoh Road to about one mile beyond Willoughby Creek. The exact DNR-linked campground point is on the north side of the road.,https://dnr.wa.gov/forest-and-trust-lands/olympic-peninsula-forests,2026-09-10,47.8184151,-124.1749207,Official Washington DNR directions link resolved to the exact named Google Maps campground point,2026-09-10,named campground point,203,220,"Seattle, Washington","https://www.google.com/maps/dir/?api=1&origin=Seattle%2C%20Washington&destination=47.8184151,-124.1749207&travelmode=driving",2026-09-10,"Uses the no-ferry I-5, US 101, and Upper Hoh Road route with towing margin for the wooded campground approach."
South Fork Hoh Campground,south-fork-hoh-campground,2026-09-10,minnie-peterson-campground;hard-rain-cafe-campground;hoh-campground;coppermine-bottom-campground,,,,false,false,,,,https://westcoastrvcamping.com/assets/images/topo/south-fork-hoh-campground.jpg,,Remote primitive DNR campground on the South Fork Hoh River with first-come dry sites for trailers up to 30 feet and a long forest-road approach.,State Forest,"First-come, first-served; Discover Pass required for vehicle access",https://dnr.wa.gov/forest-and-trust-lands/olympic-peninsula-forests,"South Fork Hoh is a remote primitive Washington DNR campground beside the South Fork Hoh River. DNR allows trailers up to 30 feet and currently lists the campground open. Camping is first-come, a Discover Pass is required for vehicle access, and the site has no hookups, potable water, showers, or dump station. Community sources report a small loop and unreliable cell service, while DNR warns that forest operations occur along the access roads. Treat this as a self-contained, road-condition-dependent trip.",~4 hr 15 min from Seattle,4plus,255,"Hoh Mainline and H-1000, Forks, WA 98331",,30,1,Dirt,0,false,,0,"Explore temperate rain forest
Watch the river from camp
Look for birds and wildlife
Visit the Hoh Rain Forest
Practice leave-no-trace camping","A quiet, primitive forest base for river scenery, wildlife watching, and Hoh Rain Forest day trips.","These DNR sites sit in the wet forests and river valleys west of Olympic National Park, with the Hoh Rain Forest, Pacific beaches, and working state trust lands nearby.",true,true,false,false,false,false,false,Vaulted toilets,false,false,true,"Primitive dry camping with a toilet and fire rings. No hookups, potable water, showers, or dump station; pack out trash and obey current fire restrictions.","Forks, WA",,,,,,"Use a smaller rig, bring water and emergency supplies, and allow extra time for roughly 14 miles of forest-road access. Do not rely on cell coverage.","https://www.google.com/maps?q=47.8061716,-123.9940009",/assets/images/svg/south-fork-hoh-campground.svg,yes,"From US 101 near milepost 176, follow Hoh Mainline about 6.6 miles, then H-1000 about 7.4 miles. Active forest operations may affect the long primitive approach.",https://dnr.wa.gov/forest-and-trust-lands/olympic-peninsula-forests,2026-09-10,47.8061716,-123.9940009,Official Washington DNR directions link resolved to the exact named Google Maps campground point,2026-09-10,named campground point,198,225,"Seattle, Washington","https://www.google.com/maps/dir/?api=1&origin=Seattle%2C%20Washington&destination=47.8061716,-123.9940009&travelmode=driving",2026-09-10,"Uses the no-ferry I-5 and US 101 route. The public estimate adds 30 minutes for the long, primitive single-lane forest-road approach."
Bear Creek Campground,bear-creek-campground,2026-09-11,lyre-river-campground;sadie-creek-campground;fairholme-campground;sol-duc-campground,,,,false,false,,,,https://westcoastrvcamping.com/assets/images/topo/bear-creek-campground.jpg,,"Sixteen-site first-come DNR campground beside the Sol Duc River, with dry sites for trailers up to 30 feet and direct access from US 101.",State Forest,"First-come, first-served; scheduled closure September 15, 2026–April 15, 2027",https://dnr.wa.gov/forest-and-trust-lands/olympic-peninsula-forests,"Bear Creek is a 16-site Washington DNR campground beside the Sol Duc River west of Lake Crescent. DNR allows trailers up to 30 feet and provides two toilets, but no hookups, showers, potable water, or dump station. Sites are first-come and a Discover Pass is required for vehicle access. DNR lists a seasonal closure from September 15, 2026 through April 15, 2027, so confirm status before travel.",~3 hr 45 min from Seattle,3-4hrs,225,"US Highway 101, Port Angeles, WA 98363",16,30,2,Dirt,0,false,,0,"Explore nearby trails
Watch the river or lake from camp
Look for birds and wildlife
Plan a Lake Crescent day trip
Practice leave-no-trace camping","A practical base for Lake Crescent, river scenery, nearby trails, and Olympic Peninsula day trips.","These campgrounds sit around Lake Crescent and the north Olympic Peninsula, close to Olympic National Park forests, rivers, and the Strait of Juan de Fuca.",true,true,false,false,false,false,false,Vaulted toilets,false,false,true,See the verified facility details above and confirm seasonal restrictions with the operator before travel.,"Forks, WA",,,,,,Confirm operating status and the exact site fit before towing. Primitive DNR sites require self-contained camping supplies.,"https://www.google.com/maps?q=48.0656333,-124.2407638",/assets/images/svg/bear-creek-campground.svg,yes,Directly off the south side of US 101 near milepost 206. Confirm the scheduled winter closure before travel.,https://dnr.wa.gov/forest-and-trust-lands/olympic-peninsula-forests,2026-09-11,48.0656333,-124.2407638,Official Washington DNR directions link resolved to the exact named Google Maps campground point,2026-09-11,named campground point,179,214,"Seattle, Washington","https://www.google.com/maps/dir/?api=1&origin=Seattle%2C%20Washington&destination=48.0656333,-124.2407638&travelmode=driving",2026-09-11,Uses the no-ferry I-5 and US 101 route and rounds above current moving time for towing.
Lyre River Campground,lyre-river-campground,2026-09-11,sadie-creek-campground;bear-creek-campground;log-cabin-resort-rv-campground;fairholme-campground,,,,false,false,,,,https://westcoastrvcamping.com/assets/images/topo/lyre-river-campground.jpg,,Eleven-site first-come DNR campground beside the Lyre River with potable water and dry sites for trailers up to 20 feet.,State Forest,"First-come, first-served; scheduled closure September 15, 2026–April 15, 2027",https://dnr.wa.gov/forest-and-trust-lands/olympic-peninsula-forests,"Lyre River is an 11-site Washington DNR campground on the river north of Lake Crescent. DNR allows trailers up to 20 feet and provides potable water, two toilets, and a picnic shelter. There are no hookups, showers, or dump station. Sites are first-come and a Discover Pass is required. DNR lists a seasonal closure from September 15, 2026 through April 15, 2027.",~3 hr 30 min from Seattle,3-4hrs,210,"46059 WA-112, Port Angeles, WA 98363",11,20,2,Dirt,0,false,,0,"Explore nearby trails
Watch the river or lake from camp
Look for birds and wildlife
Plan a Lake Crescent day trip
Practice leave-no-trace camping","A practical base for Lake Crescent, river scenery, nearby trails, and Olympic Peninsula day trips.","These campgrounds sit around Lake Crescent and the north Olympic Peninsula, close to Olympic National Park forests, rivers, and the Strait of Juan de Fuca.",true,true,false,false,false,false,false,Vaulted toilets,false,true,true,See the verified facility details above and confirm seasonal restrictions with the operator before travel.,"Port Angeles, WA",,,,,,Confirm operating status and the exact site fit before towing. Primitive DNR sites require self-contained camping supplies.,"https://www.google.com/maps?q=48.1500240,-123.8328907",/assets/images/svg/lyre-river-campground.svg,yes,"From SR 112 between mileposts 46 and 47, follow the paved access road about 0.4 mile and turn left into the campground.",https://dnr.wa.gov/forest-and-trust-lands/olympic-peninsula-forests,2026-09-11,48.1500240,-123.8328907,Official Washington DNR directions link resolved to the exact named Google Maps campground point,2026-09-11,named campground point,158,189,"Seattle, Washington","https://www.google.com/maps/dir/?api=1&origin=Seattle%2C%20Washington&destination=48.1500240,-123.8328907&travelmode=driving",2026-09-11,Uses the no-ferry I-5 and US 101 route and adds towing margin for SR 112.
Sadie Creek Campground,sadie-creek-campground,2026-09-11,lyre-river-campground;bear-creek-campground;log-cabin-resort-rv-campground;fairholme-campground,,,,false,false,,,,https://westcoastrvcamping.com/assets/images/topo/sadie-creek-campground.jpg,,"Six-site first-come DNR campground serving the Sadie Creek trail system, with primitive dry sites for trailers up to 30 feet.",State Forest,"First-come, first-served",https://dnr.wa.gov/forest-and-trust-lands/olympic-peninsula-forests,"Sadie Creek is a six-site Washington DNR campground at a 30-mile multi-use trail system west of Lake Crescent. DNR allows trailers up to 30 feet. Camping is first-come with a Discover Pass required; there are no hookups, showers, potable water, or dump station. The main gravel road is shared with active timber traffic, and trail closures can change with forest operations.",~3 hr 30 min from Seattle,3-4hrs,210,"East Twin River Road, Port Angeles, WA 98363",6,30,2,Dirt,0,false,,0,"Explore nearby trails
Watch the river or lake from camp
Look for birds and wildlife
Plan a Lake Crescent day trip
Practice leave-no-trace camping","A practical base for Lake Crescent, river scenery, nearby trails, and Olympic Peninsula day trips.","These campgrounds sit around Lake Crescent and the north Olympic Peninsula, close to Olympic National Park forests, rivers, and the Strait of Juan de Fuca.",true,true,false,false,false,false,false,Vaulted toilets,false,false,true,See the verified facility details above and confirm seasonal restrictions with the operator before travel.,"Port Angeles, WA",,,,,,Confirm operating status and the exact site fit before towing. Primitive DNR sites require self-contained camping supplies.,"https://www.google.com/maps?q=48.1340580,-123.9062550",/assets/images/svg/sadie-creek-campground.svg,yes,"From SR 112 between mileposts 42 and 43, go south on East Twin River Road about 0.1 mile. Expect active logging traffic on the gravel road.",https://dnr.wa.gov/forest-and-trust-lands/olympic-peninsula-forests,2026-09-11,48.1340580,-123.9062550,Exact coordinate in the official Washington DNR directions link,2026-09-11,official campground point,161,193,"Seattle, Washington","https://www.google.com/maps/dir/?api=1&origin=Seattle%2C%20Washington&destination=48.1340580,-123.9062550&travelmode=driving",2026-09-11,Uses the no-ferry I-5 and US 101 route and adds towing margin for the short gravel approach.
Log Cabin Resort RV & Campground,log-cabin-resort-rv-campground,2026-09-11,fairholme-campground;lyre-river-campground;sadie-creek-campground;sol-duc-campground,,,,false,false,,,,https://westcoastrvcamping.com/assets/images/topo/log-cabin-resort-rv-campground.jpg,,"Concession-operated Lake Crescent campground with 31 RV sites, full hookups, showers, laundry, and space for rigs up to 35 feet.",National Park,Call 866-405-2950; open May–October 2026,https://www.nps.gov/olym/planyourvisit/camping.htm,"Log Cabin Resort operates a seasonal campground on the north shore of Lake Crescent inside Olympic National Park. The current NPS inventory lists 38 total campsites; the concession record identifies 31 RV sites and seven tent sites. RV sites accept rigs up to 35 feet and offer full hookups. Flush toilets, showers, potable water, laundry, and a dump station are available. Call the operator to reserve and confirm the exact assigned pad.",~3 hr 30 min from Seattle,3-4hrs,210,"3183 East Beach Road, Port Angeles, WA 98363",31,35,1,Gravel,3,true,,1,"Explore nearby trails
Watch the river or lake from camp
Look for birds and wildlife
Plan a Lake Crescent day trip
Practice leave-no-trace camping","A practical base for Lake Crescent, river scenery, nearby trails, and Olympic Peninsula day trips.","These campgrounds sit around Lake Crescent and the north Olympic Peninsula, close to Olympic National Park forests, rivers, and the Strait of Juan de Fuca.",true,true,true,true,false,true,false,Flush toilets,true,true,true,See the verified facility details above and confirm seasonal restrictions with the operator before travel.,"Port Angeles, WA",,,,,,Confirm operating status and the exact site fit before towing. Primitive DNR sites require self-contained camping supplies.,"https://www.google.com/maps?q=48.0938949,-123.7886940",/assets/images/svg/log-cabin-resort-rv-campground.svg,yes,"From US 101, take East Beach Road about three miles and turn left at the Log Cabin Resort sign.",https://www.nps.gov/olym/planyourvisit/camping.htm,2026-09-11,48.0938949,-123.7886940,Google Maps exact named resort point matched to the NPS-listed concession and official operator address,2026-09-11,named campground point,157,190,"Seattle, Washington","https://www.google.com/maps/dir/?api=1&origin=Seattle%2C%20Washington&destination=48.0938949,-123.7886940&travelmode=driving",2026-09-11,Uses the no-ferry I-5 and US 101 route. The faster ferry option is excluded because wait and loading times vary for trailers.
Quileute Oceanside Resort RV Camping,quileute-oceanside-resort-rv-camping,2026-09-11,three-rivers-resort-rv-camping;mora-campground;forks-101-rv-park;bogachiel-state-park,,,,false,false,,,,https://westcoastrvcamping.com/assets/images/topo/quileute-oceanside-resort-rv-camping.jpg,,"Quileute Tribe-owned RV camping at First Beach with full hookups at oceanfront and river sites, picnic tables, fire rings, and direct online booking.",Tribal Campground,Reserve current ocean or river RV availability online,https://online.rezexpert.com/book?business_code=4349,"Quileute Oceanside Resort offers full-service RV camping on First Beach in La Push. The Quileute Tribe owns and operates the resort. Both ocean and river RV site types include electric, water, and sewer hookups, a picnic table, and a fire ring. The operator intentionally does not provide television or Wi-Fi. The current public pages do not publish a campground-wide RV count or maximum rig length, so confirm the assigned site before towing.",~4 hr 30 min from Seattle,4plus,270,"330 Ocean Dr, La Push, WA 98350",,,2,Gravel,3,,,0,"Walk First Beach
Explore Second and Third Beach trailheads
Watch the sunset from camp
Visit Rialto Beach
Explore Forks
Learn about Quileute culture respectfully","A full-hookup base directly on First Beach for coastal walks, sunsets, and west-side Olympic National Park trips.","First Beach fronts the resort. Second Beach, Third Beach, Rialto Beach, and the Quillayute River are nearby, with Forks about 15 minutes east.",true,true,false,true,true,true,false,Toilets,,true,true,"Electric, water, and sewer at ocean and river RV sites, plus picnic tables and fire rings; no television or Wi-Fi.","La Push, WA",,,,,,"Choose an ocean or river site in the booking system, then confirm the assigned pad for your total rig length. Respect the Quileute Tribe photo and video policy while visiting.","https://www.google.com/maps?q=47.9045988,-124.6313666",/assets/images/svg/quileute-oceanside-resort-rv-camping.svg,yes,Use the named resort entrance at 330 Ocean Drive. RV inventory is split between ocean and river site types inside the resort.,https://quileuteoceanside.com/277695-2/,2026-09-11,47.9045988,-124.6313666,OpenStreetMap named Quileute Oceanside Resort & RV Park matched to the operator address,2026-09-11,named resort and RV complex,207,259,"Seattle, Washington","https://www.google.com/maps/dir/?api=1&origin=Seattle%2C%20Washington&destination=47.9045988,-124.6313666&travelmode=driving",2026-09-11,All-road Seattle baseline via Tacoma; operator also publishes approximately four hours from Seattle. Display adds towing margin.
Hobuck Beach Resort RV Camping,hobuck-beach-resort-rv-camping,2026-09-11,cape-resort-rv-park;ozette-campground;masons-resort-sekiu;anglers-hideaway-rv-park,,,,false,false,,,,https://westcoastrvcamping.com/assets/images/topo/hobuck-beach-resort-rv-camping.jpg,,"Makah Tribe-owned oceanfront resort with 10 first-come full-hookup pull-through RV sites, 30-amp service, showers, and beach access.",Tribal Campground,Ten full-hookup RV sites are first-come; call the office for current instructions,https://hobuckbeachresort.com/rv-camping/,"Hobuck Beach Resort is a Makah Tribe enterprise on the Pacific coast near Neah Bay. The south side has 10 first-come RV sites with 30-amp electric, water, sewer, picnic tables, pull-through access, and bathhouse showers. The operator says the sites can accept long vehicles but does not publish a numeric maximum. A Makah Recreation Use Permit is required for each vehicle, and alcohol and marijuana are prohibited on the reservation.",~5 hr from Seattle,4plus,300,"2726 Makah Passage, Neah Bay, WA 98357",10,,2,Gravel,3,,,0,"Walk Hobuck Beach
Hike Cape Flattery
Visit the Makah Museum
Explore Shi Shi Beach access
Watch surfers and seabirds
Photograph Pacific sunsets","A rare full-hookup Pacific beach base for Cape Flattery, Makah cultural sites, and the outer coast.","Hobuck Beach is steps from the RV area. Cape Flattery, Shi Shi Beach, the Makah Museum, and Neah Bay are the main nearby destinations.",true,true,false,true,true,true,false,Toilets,true,true,false,"Ten pull-through RV sites with 30-amp electric, water, sewer, picnic tables, and access to the bathhouse and free showers.","Neah Bay, WA",,,,,,"The 10 hookup sites cannot be held for a later arrival. Call before the long drive, buy the required Makah Recreation Use Permit, and confirm fit if your rig is unusually long.","https://www.google.com/maps?q=48.3407230,-124.6629240",/assets/images/svg/hobuck-beach-resort-rv-camping.svg,yes,The hookup RV area is at the south end of Hobuck Beach Resort. Check in at the office before entering the resort.,https://hobuckbeachresort.com/rv-camping/,2026-09-11,48.3407230,-124.6629240,U.S. Department of Energy Alternative Fuels Data Center point explicitly named Hobuck Beach Resort RV Camping,2026-09-11,named south RV area,213,282,"Seattle, Washington","https://www.google.com/maps/dir/?api=1&origin=Seattle%2C%20Washington&destination=48.3407230,-124.6629240&travelmode=driving",2026-09-11,"All-road Seattle baseline via Tacoma; western SR 112 is narrow and winding, so the public estimate includes towing margin."
Cape Resort RV Park,cape-resort-rv-park,2026-09-11,hobuck-beach-resort-rv-camping;ozette-campground;masons-resort-sekiu;anglers-hideaway-rv-park,,,,false,false,,,,https://westcoastrvcamping.com/assets/images/topo/cape-resort-rv-park.jpg,,"Makah Tribe enterprise in downtown Neah Bay with 39 full-hookup RV sites, some pull-throughs, showers, laundry, propane, and marina access.",Tribal Campground,Campsites are first-come; call the resort for current RV instructions,https://cape-resort.com/rv-tent-camping/,"Cape Resort operates 39 RV sites in downtown Neah Bay on the Makah Reservation. The operator lists 30-amp electric, water, and sewer at RV sites, with some pull-through and sheltered choices and capacity for RVs over 31 feet. No campground-wide maximum is published, so the directory leaves the maximum blank and asks guests to confirm their assigned site. Restrooms, showers, laundry, propane, boat-trailer parking, and adjacent shops make this a practical service base. A Makah Recreation Use Permit is required.",~5 hr from Seattle,4plus,300,"1510 Bay View Ave, Neah Bay, WA 98357",39,,2,Gravel,3,,,0,"Visit the Makah Museum
Walk Neah Bay shoreline
Hike Cape Flattery
Explore Hobuck Beach
Watch boats at the marina
Visit Shi Shi Beach access","A service-rich downtown Neah Bay base for Makah cultural sites, Cape Flattery, the marina, and Pacific beaches.","The resort is near Makah Marina and the bay shoreline, with Hobuck Beach and Cape Flattery a short drive west.",true,true,false,true,true,true,false,Flush toilets,true,true,true,"30-amp electric, water, sewer, restrooms, showers, laundry, propane, garbage, and designated boat-trailer parking.","Neah Bay, WA",,,,,,"The operator says some sites accept RVs over 31 feet but gives no universal maximum. Call with total rig length before making the drive; campsite instructions on the current page are internally inconsistent, so confirm availability by phone.","https://www.google.com/maps?q=48.3660800,-124.6054600",/assets/images/svg/cape-resort-rv-park.svg,yes,"Use the resort entrance at 1510 Bay View Avenue in downtown Neah Bay, near the marina and general store.",https://cape-resort.com/rv-tent-camping/,2026-09-11,48.3660800,-124.6054600,OpenStreetMap named Cape Resort campground corroborated by the operator address and campground map,2026-09-11,named resort campground,209,275,"Seattle, Washington","https://www.google.com/maps/dir/?api=1&origin=Seattle%2C%20Washington&destination=48.3660800,-124.6054600&travelmode=driving",2026-09-11,All-road Seattle baseline via Tacoma; the public estimate includes towing margin for western SR 112.
Mason's Resort Sekiu,masons-resort-sekiu,2026-09-11,anglers-hideaway-rv-park;cape-resort-rv-park;hobuck-beach-resort-rv-camping;ozette-campground,,,,false,false,,,,https://westcoastrvcamping.com/assets/images/topo/masons-resort-sekiu.jpg,,"Working Sekiu fishing resort with full-hookup, water-and-electric, and dry RV choices plus showers, laundry, fuel, propane, store, and boat moorage.",Private Campground,"RV and camping sites are first-come, first-served",https://www.masonsresort.com/ways-to-stay/,"Mason's Resort, formerly Olson's Resort, is a waterfront fishing base in Sekiu. The operator currently offers full-hookup RV sites, water-and-electric sites, and dry camping on a first-come basis. Shower houses, restrooms, laundry, fuel, propane, a tackle store, a fish freezer, and boat moorage support fishing trips. The operator does not publish a current campground count or maximum RV length, so larger rigs should call before arrival.",~4 hr 30 min from Seattle,4plus,270,"444 Front St, Sekiu, WA 98381",,,2,Gravel,3,,,0,"Fish the Strait of Juan de Fuca
Walk the Sekiu waterfront
Visit Clallam Bay
Explore nearby beaches
Take a Cape Flattery day trip
Watch boats from the marina","A practical fishing-focused waterfront base with moorage, supplies, and multiple utility levels.","The campground faces the Strait of Juan de Fuca in Sekiu, between Clallam Bay and Neah Bay. Coastal beaches and Cape Flattery are reachable day trips.",true,true,false,true,true,true,false,Flush toilets,true,true,true,"Full-hookup, water-and-electric, and dry camping choices with showers, restrooms, laundry, fuel, propane, tackle store, fish freezer, and moorage.","Sekiu, WA",,,,,,Camping cannot be reserved. Call before departure for current space and describe your total rig length; moorage is also assigned on arrival.,"https://www.google.com/maps?q=48.2654382,-124.3004078",/assets/images/svg/masons-resort-sekiu.svg,yes,Use the operator address on Front Street in Sekiu. The campground and marina share the working resort property.,https://www.masonsresort.com/ways-to-stay/,2026-09-11,48.2654382,-124.3004078,OpenStreetMap address point corroborated by the operator address and U.S. Army Corps site map,2026-09-11,operator street address,192,250,"Seattle, Washington","https://www.google.com/maps/dir/?api=1&origin=Seattle%2C%20Washington&destination=48.2654382,-124.3004078&travelmode=driving",2026-09-11,All-road Seattle baseline via Tacoma; the public estimate includes towing margin for SR 112.
Anglers Hideaway RV Park,anglers-hideaway-rv-park,2026-09-11,masons-resort-sekiu;cape-resort-rv-park;hobuck-beach-resort-rv-camping;ozette-campground,,,,false,false,,,,https://westcoastrvcamping.com/assets/images/topo/anglers-hideaway-rv-park.jpg,,"Reservable Sekiu park with 30 full-hookup back-in RV sites, 30-amp service, selected 50-amp sites, showers, laundry, and a 38-foot limit.",Private Campground,Reserve full-hookup RV sites online; two-week cancellation deadline,https://bookings.rmscloud.com/Search/Index/19975/1/,"Anglers Hideaway is a locally operated RV park above the Sekiu waterfront. The current operator site lists 30 full-hookup back-in RV sites and a 38-foot maximum, with standard 30-amp service and selected premium 50-amp sites. Each hookup site has sewer, so the park does not offer a separate dump station. Restrooms, showers, laundry, boat-trailer parking, and online reservations are available. Guests must bring their own outdoor table and above-ground fire pit.",~4 hr 30 min from Seattle,4plus,270,"12 Park Loop Dr, Sekiu, WA 98381",30,38,2,Gravel,3,false,,0,"Fish from Sekiu-area waters
Beachcomb along the Strait
Walk the Sekiu waterfront
Visit Clallam Bay
Explore Shipwreck Point
Take a Cape Flattery day trip",A reservable full-hookup base for Sekiu fishing trips and western Strait of Juan de Fuca beaches.,"Sekiu overlooks the Strait of Juan de Fuca near Clallam Bay. Shipwreck Point, local beaches, and Neah Bay are west along SR 112.",true,true,false,true,true,true,false,Flush toilets,true,true,false,"Full hookups, mostly 30-amp service with selected 50-amp sites, restrooms, showers, laundry, garbage, and guest boat-trailer parking.","Sekiu, WA",,,,,,Back-in sites accept rigs up to 38 feet. Bring an outdoor table and an above-ground fire pit if needed; no fish cleaning is allowed in the park.,"https://www.google.com/maps?q=48.2647819,-124.3082465",/assets/images/svg/anglers-hideaway-rv-park.svg,yes,Use the named Waze destination at 12 Park Loop Drive. The park sits above Sekiu; follow the operator directions from SR 112 via Airport Road.,https://www.anglershideaway.net/,2026-09-11,48.2647819,-124.3082465,OpenStreetMap address point matched to the current operator address and Waze named destination,2026-09-11,operator street address,192,250,"Seattle, Washington","https://www.google.com/maps/dir/?api=1&origin=Seattle%2C%20Washington&destination=48.2647819,-124.3082465&travelmode=driving",2026-09-11,All-road Seattle baseline via Tacoma; the public estimate includes towing margin for SR 112.
Three Rivers Resort RV Camping,three-rivers-resort-rv-camping,2026-09-11,quileute-oceanside-resort-rv-camping;mora-campground;forks-101-rv-park;bogachiel-state-park,,,,false,false,,,,https://westcoastrvcamping.com/assets/images/topo/three-rivers-resort-rv-camping.jpg,,"Private resort on La Push Road with full- and partial-hookup RV sites, online availability, showers, laundry, Wi-Fi, store, cafe, and circle-drive access.",Private Campground,Check current full- or partial-hookup RV availability online,https://reservation.asiwebres.com/v5/RoomAvailability.aspx?Curr=1&id=529ee5c9745748ff8a95aa203141ebb9&lang=en,"3 Rivers Resort sits on SR 110 between Forks and La Push. Current operator pages list both full-hookup RV sites with water, sewer, and electric and half-hookup sites with water and electric. Guests have access to picnic tables, Wi-Fi, hot showers, restrooms, laundry, boat parking, a store, and a cafe. The circle-drive layout supports simple arrivals, but the operator publishes neither a current RV-site count nor a numeric maximum, so confirm fit when booking.",~4 hr 15 min from Seattle,4plus,255,"7764 La Push Rd, Forks, WA 98331",,,2,Gravel,3,,,0,"Visit First, Second, and Rialto beaches
Explore Forks
Fish nearby rivers
Hike Olympic National Park trails
Visit the Quileute coast respectfully
Use the on-site store and cafe","A hookup-equipped midpoint between Forks and La Push for river, rainforest, and Pacific beach trips.","The resort sits near the Sol Duc, Bogachiel, and Quillayute river system, with La Push beaches west and Forks east.",true,true,false,true,true,true,false,Flush toilets,true,true,true,"Full- or partial-hookup RV sites with picnic tables, Wi-Fi, hot showers, restrooms, laundry, boat parking, store, and cafe.","Forks, WA",,,,,,"Choose full hookups when sewer matters. The operator says the circle drive fits most RVs but gives no maximum length, so confirm total rig dimensions before booking.","https://www.google.com/maps?q=47.9132000,-124.5346000",/assets/images/svg/three-rivers-resort-rv-camping.svg,yes,"Use the operator-published coordinates at 7764 La Push Road, about eight miles west of Forks.",https://forkslodging.net/3-rivers-resort/directions/,2026-09-11,47.9132000,-124.5346000,3 Rivers Resort current directions page publishes the campground address and approximate coordinates,2026-09-11,operator-published coordinates,202,245,"Seattle, Washington","https://www.google.com/maps/dir/?api=1&origin=Seattle%2C%20Washington&destination=47.9132000,-124.5346000&travelmode=driving",2026-09-11,All-road Seattle baseline via Tacoma; display adds towing margin on US 101 and SR 110.
River Meadows County Park,river-meadows-county-park,2026-09-12,squire-creek-park-campground;whitehorse-campground;flowing-lake-county-park;gold-basin-campground,,,,false,false,,,,https://westcoastrvcamping.com/assets/images/topo/river-meadows-county-park.jpg,,"Ten nonutility drive-up RV and tent sites beside the Stillaguamish River, with running water nearby and seasonal restrooms.",County Campground,Reserve at least 3 days before arrival; weekend reservations require Friday and Saturday,https://reservations.snocoparks.org/reservation/camping/?parent_idno=112,"River Meadows County Park protects 150 acres and about a mile of Stillaguamish River frontage near Arlington. Its campground has 10 drive-up sites identified for RV or tent use, plus four separate hike-in sites and six yurts. Drive-up sites have fire rings and running water nearby but no utility hookups. Campground restrooms are seasonal, and the yurt building showers are reserved for yurt guests. The county publishes no campground-wide RV length limit, so confirm the pad description before reserving.",~1 hr 45 min from Seattle,1-2hrs,105,"20416 Jordan Rd, Arlington, WA 98223",10,,2,Gravel,0,false,1,0,"Walk the riverbank
Fish the Stillaguamish River
Picnic in the park
Explore meadow trails
Watch wildlife","A quiet nonutility river campground with meadow walks, fishing access, and room to explore.","The park follows the Stillaguamish River near Arlington, with broad meadows, forest edges, and access to the Mountain Loop region.",true,true,false,false,false,false,false,Flush toilets,false,true,true,"Nonutility drive-up sites with nearby water, fire rings, seasonal campground restrooms, and winter portable toilets; campsite guests do not have shower access.","Arlington, WA",,,,,,Choose from the 10 drive-up RV or tent sites. Check the reservation description for the individual pad and confirm fit before towing.,"https://www.google.com/maps?q=48.1803026,-122.0827592",/assets/images/svg/river-meadows-county-park.svg,yes,Use the named county park entrance on Jordan Road. The drive-up campground is separate from the four hike-in sites.,https://www.snohomishcountywa.gov/Facilities/Facility/Details/River-Meadows-Park-46,2026-09-12,48.1803026,-122.0827592,Google Maps exact named destination matched to the Snohomish County facility address,2026-09-12,named campground entrance,52,83,"Seattle, Washington","https://www.google.com/maps/dir/?api=1&origin=Seattle%2C%20Washington&destination=48.1803026,-122.0827592&travelmode=driving",2026-09-12,Shorter all-road route from Seattle; public display rounds upward for towing and variable I-5 traffic.
Squire Creek Park Campground,squire-creek-park-campground,2026-09-12,whitehorse-campground;river-meadows-county-park;gold-basin-campground;bedal-campground,,,,false,false,,,,https://westcoastrvcamping.com/assets/images/topo/squire-creek-park-campground.jpg,,"Mossy forest campground near Darrington with 33 nonutility sites, many RV-capable, and site-specific pad lengths.",County Campground,Reserve at least 3 days before arrival; weekend reservations require Friday and Saturday,https://reservations.snocoparks.org/reservation/camping/?parent_idno=112,"Squire Creek Park Campground has 33 nonutility campsites in a mossy forest west of Darrington. The county says many sites have room for RVs, and the campground map identifies back-in and pull-through layouts, but it does not say all 33 are RV-capable or publish one park-wide length limit. Water spigots and flush restrooms operate seasonally; portable toilets replace the restrooms outside the main season. There are no showers or dump station. Use each reservation listing to verify pad length and vehicle fit.",~2 hr from Seattle,2-3hrs,120,"41415 State Route 530 NE, Arlington, WA 98223",,,2,Gravel,0,false,1,0,"Walk forest paths
Explore the Mountain Loop area
Visit Darrington
Reach Sauk River access nearby
Watch forest wildlife","A simple forest base for Darrington, the Sauk River corridor, and Mountain Loop day trips.",The campground lies below Whitehorse Mountain near Darrington and the Mount Baker-Snoqualmie National Forest. Sauk River access is available at nearby Backman Park.,true,true,false,false,false,false,false,Flush toilets,false,true,true,"Nonutility sites with fire rings, seasonal water spigots and flush restrooms, and portable toilets outside the main season; no showers or dump station.","Darrington, WA",,,,,,Use the reservation system pad dimensions to choose among back-in and pull-through sites. Confirm total vehicle and trailer length before arrival.,"https://www.google.com/maps?q=48.2708316,-121.6714359",/assets/images/svg/squire-creek-park-campground.svg,yes,Use the named Squire Creek Park campground destination from SR 530. The park is west of Darrington.,https://snohomishcountywa.gov/facilities/facility/details/Squire-Creek-Park-Campground-54,2026-09-12,48.2708316,-121.6714359,Google Maps named Squire Creek Park destination matched to the county facility and SR 530 access,2026-09-12,named campground entrance,72,102,"Seattle, Washington","https://www.google.com/maps/dir/?api=1&origin=Seattle%2C%20Washington&destination=48.2708316,-121.6714359&travelmode=driving",2026-09-12,All-road route through Arlington and Darrington; public display adds towing margin on SR 530.
Whitehorse Campground,whitehorse-campground,2026-09-12,squire-creek-park-campground;river-meadows-county-park;bedal-campground;gold-basin-campground,,,,false,false,,,,https://westcoastrvcamping.com/assets/images/topo/whitehorse-campground.jpg,,"Darrington campground with 15 full-utility RV or equestrian sites, an on-site dump station, accessible showers, and mountain access.",County Campground,Reserve at least 3 days before arrival; campground closes during winterization,https://reservations.snocoparks.org/reservation/camping/?parent_idno=112,"Whitehorse Campground has 30 sites near Darrington. Sites 1 through 13 form the full-utility RV loop with water, 50-amp electric, and sewer; sites 14 and 15 are full-utility equestrian sites. Sites 16 through 18 are nonutility equestrian sites, and sites 19 through 30 are tent-only with no RVs or trailers allowed. The campground has an on-site dump station, restrooms, and accessible showers. The county does not publish one maximum RV length, so check the reserved site dimensions. The campground closes during its winterization period.",~2 hr 15 min from Seattle,2-3hrs,135,"46609 N Mountain Rd, Darrington, WA 98241",15,,2,Gravel,3,true,1,0,"Explore Darrington
Hike nearby national forest trails
Fish the Sauk River corridor
Visit Mountain Loop viewpoints
Use the equestrian facilities","A full-utility base near Darrington for mountain, river, and national forest trips.","Whitehorse Mountain rises above the Darrington area, with the Sauk River and Mount Baker-Snoqualmie National Forest nearby.",true,true,false,false,false,false,false,Flush toilets,true,true,true,"Fifteen full-utility RV or equestrian sites, an on-site dump station, flush restrooms, accessible showers, water, and fire rings.","Darrington, WA",,,,,,RV sites 1 through 13 and equestrian sites 14 and 15 have full utilities. Check the selected site dimensions; sites 19 through 30 do not accept RVs or trailers.,"https://www.google.com/maps?q=48.2717140,-121.6058300",/assets/images/svg/whitehorse-campground.svg,yes,Use the named campground entrance on North Mountain Road. Current county information says there is no direct campground connection to the Whitehorse Trail.,https://www.snohomishcountywa.gov/facilities/facility/details/Whitehorse-Campground-190,2026-09-12,48.2717140,-121.6058300,Google Maps exact named destination matched to the Snohomish County facility address,2026-09-12,named campground entrance,77,108,"Seattle, Washington","https://www.google.com/maps/dir/?api=1&origin=Seattle%2C%20Washington&destination=48.2717140,-121.6058300&travelmode=driving",2026-09-12,All-road route through Arlington and Darrington; public display adds towing margin on SR 530 and local roads.
Evergreen State Fairgrounds RV-2,evergreen-state-fairgrounds-rv-2,2026-09-12,flowing-lake-county-park;river-meadows-county-park;turlo-campground;verlot-campground,,,,false,false,,,,https://westcoastrvcamping.com/assets/images/topo/evergreen-state-fairgrounds-rv-2.jpg,,"Seasonal Monroe fairgrounds RV lot with 117 water-and-electric sites, 24 pull-throughs, a dump station, and a 42-foot limit.",County Campground,"Seasonal public RV stays April 1 through October 31, excluding fair dates; maximum 7 nights",https://reservations.snocoparks.org/reservation/camping/?parent_idno=112,"Evergreen State Fairgrounds RV-2 is the fairgrounds area open to general public RV stays, typically April 1 through October 31 outside annual fair dates. The current operator page lists 117 water-and-electric sites with 30/20-amp service, including 24 pull-throughs, a dump station, restrooms, and showers. There are no sewer hookups at individual sites, picnic tables, or traditional campfires. The published maximum RV length is 42 feet and the maximum stay is seven nights. RV-1 is reserved for event use and is not part of this listing.",~1 hr from Seattle,1-2hrs,60,"14390 Cascade View Dr SE, Monroe, WA 98272",117,42,3,Gravel,2,true,1,0,"Visit Monroe
Attend fairgrounds events
Explore the Skykomish Valley
Take day trips toward Stevens Pass
Use nearby town services",A practical utility-equipped staging stop in Monroe with quick access to town and the US 2 corridor.,The fairgrounds sit in Monroe near the Skykomish River valley and the western approach to Stevens Pass.,false,false,false,false,false,false,false,Flush toilets,true,true,false,"Water and 30/20-amp electric at 117 sites, 24 pull-throughs, dump station, restrooms, and showers; no individual sewer, picnic tables, or campfires.","Monroe, WA",,,,,,Use RV-2 for general public stays. Confirm that your dates do not overlap the annual fair or another closure and keep total RV length within 42 feet.,"https://www.google.com/maps?q=47.8671797,-121.9828594",/assets/images/svg/evergreen-state-fairgrounds-rv-2.svg,yes,Navigate to the named RV-2 area at the Evergreen State Fairgrounds. RV-1 is event-only.,https://evergreenfair.org/203/Plan-Your-Stay,2026-09-12,47.8671797,-121.9828594,Google Maps named fairgrounds RV area matched to the current RV-2 operator page and fairgrounds address,2026-09-12,named RV-2 lot,33,54,"Seattle, Washington","https://www.google.com/maps/dir/?api=1&origin=Seattle%2C%20Washington&destination=47.8671797,-121.9828594&travelmode=driving",2026-09-12,Accessible all-road route via WA-522; public display rounds upward for towing and traffic variability.
